source_relative,bytes,reason
benchmark/1159846_winrhizo_validation/200-dicot-sim-5-1-120-15-deg0.jpg,8876,external_benchmark_bulk_and_generated_outputs_not_bundled
benchmark/1159846_winrhizo_validation/all_analyses.xlsx,1179997,external_benchmark_bulk_and_generated_outputs_not_bundled
benchmark/1159846_winrhizo_validation/all_analyses_2D.txt,64430,external_benchmark_bulk_and_generated_outputs_not_bundled
benchmark/1159846_winrhizo_validation/all_analyses_fixed.txt,32091,external_benchmark_bulk_and_generated_outputs_not_bundled
benchmark/1159846_winrhizo_validation/all_root_data_2D.csv,661625,external_benchmark_bulk_and_generated_outputs_not_bundled
benchmark/1159846_winrhizo_validation/ground_truth_data_2D.csv,17240,external_benchmark_bulk_and_generated_outputs_not_bundled
benchmark/1159846_winrhizo_validation/images/1200-dicot-sim-1-1-120-15-deg0.jpg,45847,external_benchmark_bulk_and_generated_outputs_not_bundled
benchmark/1159846_winrhizo_validation/images/1200-dicot-sim-10-1-120-15-deg0.jpg,341946,external_benchmark_bulk_and_generated_outputs_not_bundled
benchmark/1159846_winrhizo_validation/images/1200-dicot-sim-11-1-120-15-deg0.jpg,32850,external_benchmark_bulk_and_generated_outputs_not_bundled
benchmark/1159846_winrhizo_validation/images/1200-dicot-sim-12-1-120-15-deg0.jpg,55610,external_benchmark_bulk_and_generated_outputs_not_bundled
benchmark/1159846_winrhizo_validation/images/1200-dicot-sim-13-1-120-15-deg0.jpg,130348,external_benchmark_bulk_and_generated_outputs_not_bundled
benchmark/1159846_winrhizo_validation/images/1200-dicot-sim-14-1-120-15-deg0.jpg,39339,external_benchmark_bulk_and_generated_outputs_not_bundled
benchmark/1159846_winrhizo_validation/images/1200-dicot-sim-15-1-120-15-deg0.jpg,30615,external_benchmark_bulk_and_generated_outputs_not_bundled
benchmark/1159846_winrhizo_validation/images/1200-dicot-sim-16-1-120-15-deg0.jpg,48478,external_benchmark_bulk_and_generated_outputs_not_bundled
benchmark/1159846_winrhizo_validation/images/1200-dicot-sim-17-1-120-15-deg0.jpg,135738,external_benchmark_bulk_and_generated_outputs_not_bundled
benchmark/1159846_winrhizo_validation/images/1200-dicot-sim-18-1-120-15-deg0.jpg,106446,external_benchmark_bulk_and_generated_outputs_not_bundled
benchmark/1159846_winrhizo_validation/images/1200-dicot-sim-19-1-120-15-deg0.jpg,142867,external_benchmark_bulk_and_generated_outputs_not_bundled
benchmark/1159846_winrhizo_validation/images/1200-dicot-sim-2-1-120-15-deg0.jpg,78921,external_benchmark_bulk_and_generated_outputs_not_bundled
benchmark/1159846_winrhizo_validation/images/1200-dicot-sim-20-1-120-15-deg0.jpg,263910,external_benchmark_bulk_and_generated_outputs_not_bundled
benchmark/1159846_winrhizo_validation/images/1200-dicot-sim-21-1-120-15-deg0.jpg,79656,external_benchmark_bulk_and_generated_outputs_not_bundled
benchmark/1159846_winrhizo_validation/images/1200-dicot-sim-22-1-120-15-deg0.jpg,49734,external_benchmark_bulk_and_generated_outputs_not_bundled
benchmark/1159846_winrhizo_validation/images/1200-dicot-sim-23-1-120-15-deg0.jpg,98402,external_benchmark_bulk_and_generated_outputs_not_bundled
benchmark/1159846_winrhizo_validation/images/1200-dicot-sim-24-1-120-15-deg0.jpg,66684,external_benchmark_bulk_and_generated_outputs_not_bundled
benchmark/1159846_winrhizo_validation/images/1200-dicot-sim-25-1-120-15-deg0.jpg,37650,external_benchmark_bulk_and_generated_outputs_not_bundled
benchmark/1159846_winrhizo_validation/images/1200-dicot-sim-26-1-120-15-deg0.jpg,143166,external_benchmark_bulk_and_generated_outputs_not_bundled
benchmark/1159846_winrhizo_validation/images/1200-dicot-sim-27-1-120-15-deg0.jpg,67905,external_benchmark_bulk_and_generated_outputs_not_bundled
benchmark/1159846_winrhizo_validation/images/1200-dicot-sim-28-1-120-15-deg0.jpg,46081,external_benchmark_bulk_and_generated_outputs_not_bundled
benchmark/1159846_winrhizo_validation/images/1200-dicot-sim-29-1-120-15-deg0.jpg,225708,external_benchmark_bulk_and_generated_outputs_not_bundled
benchmark/1159846_winrhizo_validation/images/1200-dicot-sim-3-1-120-15-deg0.jpg,133932,external_benchmark_bulk_and_generated_outputs_not_bundled
benchmark/1159846_winrhizo_validation/images/1200-dicot-sim-30-1-120-15-deg0.jpg,82888,external_benchmark_bulk_and_generated_outputs_not_bundled
benchmark/1159846_winrhizo_validation/images/1200-dicot-sim-31-1-120-15-deg0.jpg,160867,external_benchmark_bulk_and_generated_outputs_not_bundled
benchmark/1159846_winrhizo_validation/images/1200-dicot-sim-32-1-120-15-deg0.jpg,122192,external_benchmark_bulk_and_generated_outputs_not_bundled
benchmark/1159846_winrhizo_validation/images/1200-dicot-sim-33-1-120-15-deg0.jpg,166047,external_benchmark_bulk_and_generated_outputs_not_bundled
benchmark/1159846_winrhizo_validation/images/1200-dicot-sim-34-1-120-15-deg0.jpg,49453,external_benchmark_bulk_and_generated_outputs_not_bundled
benchmark/1159846_winrhizo_validation/images/1200-dicot-sim-35-1-120-15-deg0.jpg,20914,external_benchmark_bulk_and_generated_outputs_not_bundled
benchmark/1159846_winrhizo_validation/images/1200-dicot-sim-36-1-120-15-deg0.jpg,58556,external_benchmark_bulk_and_generated_outputs_not_bundled
benchmark/1159846_winrhizo_validation/images/1200-dicot-sim-37-1-120-15-deg0.jpg,163901,external_benchmark_bulk_and_generated_outputs_not_bundled
benchmark/1159846_winrhizo_validation/images/1200-dicot-sim-38-1-120-15-deg0.jpg,52575,external_benchmark_bulk_and_generated_outputs_not_bundled
benchmark/1159846_winrhizo_validation/images/1200-dicot-sim-39-1-120-15-deg0.jpg,63094,external_benchmark_bulk_and_generated_outputs_not_bundled
benchmark/1159846_winrhizo_validation/images/1200-dicot-sim-4-1-120-15-deg0.jpg,34057,external_benchmark_bulk_and_generated_outputs_not_bundled
benchmark/1159846_winrhizo_validation/images/1200-dicot-sim-40-1-120-15-deg0.jpg,174142,external_benchmark_bulk_and_generated_outputs_not_bundled
benchmark/1159846_winrhizo_validation/images/1200-dicot-sim-41-1-120-15-deg0.jpg,15392,external_benchmark_bulk_and_generated_outputs_not_bundled
benchmark/1159846_winrhizo_validation/images/1200-dicot-sim-42-1-120-15-deg0.jpg,210278,external_benchmark_bulk_and_generated_outputs_not_bundled
benchmark/1159846_winrhizo_validation/images/1200-dicot-sim-43-1-120-15-deg0.jpg,145673,external_benchmark_bulk_and_generated_outputs_not_bundled
benchmark/1159846_winrhizo_validation/images/1200-dicot-sim-44-1-120-15-deg0.jpg,62934,external_benchmark_bulk_and_generated_outputs_not_bundled
benchmark/1159846_winrhizo_validation/images/1200-dicot-sim-45-1-120-15-deg0.jpg,88975,external_benchmark_bulk_and_generated_outputs_not_bundled
benchmark/1159846_winrhizo_validation/images/1200-dicot-sim-46-1-120-15-deg0.jpg,166339,external_benchmark_bulk_and_generated_outputs_not_bundled
benchmark/1159846_winrhizo_validation/images/1200-dicot-sim-47-1-120-15-deg0.jpg,148039,external_benchmark_bulk_and_generated_outputs_not_bundled
benchmark/1159846_winrhizo_validation/images/1200-dicot-sim-48-1-120-15-deg0.jpg,245413,external_benchmark_bulk_and_generated_outputs_not_bundled
benchmark/1159846_winrhizo_validation/images/1200-dicot-sim-49-1-120-15-deg0.jpg,68290,external_benchmark_bulk_and_generated_outputs_not_bundled
benchmark/1159846_winrhizo_validation/images/1200-dicot-sim-5-1-120-15-deg0.jpg,154525,external_benchmark_bulk_and_generated_outputs_not_bundled
benchmark/1159846_winrhizo_validation/images/1200-dicot-sim-50-1-120-15-deg0.jpg,218085,external_benchmark_bulk_and_generated_outputs_not_bundled
benchmark/1159846_winrhizo_validation/images/1200-dicot-sim-6-1-120-15-deg0.jpg,61877,external_benchmark_bulk_and_generated_outputs_not_bundled
benchmark/1159846_winrhizo_validation/images/1200-dicot-sim-7-1-120-15-deg0.jpg,80132,external_benchmark_bulk_and_generated_outputs_not_bundled
benchmark/1159846_winrhizo_validation/images/1200-dicot-sim-8-1-120-15-deg0.jpg,240415,external_benchmark_bulk_and_generated_outputs_not_bundled
benchmark/1159846_winrhizo_validation/images/1200-dicot-sim-9-1-120-15-deg0.jpg,107069,external_benchmark_bulk_and_generated_outputs_not_bundled
benchmark/1159846_winrhizo_validation/images/1200-monocot-sim-1-1-120-15-deg0.jpg,226491,external_benchmark_bulk_and_generated_outputs_not_bundled
benchmark/1159846_winrhizo_validation/images/1200-monocot-sim-10-1-120-15-deg0.jpg,111472,external_benchmark_bulk_and_generated_outputs_not_bundled
benchmark/1159846_winrhizo_validation/images/1200-monocot-sim-11-1-120-15-deg0.jpg,546124,external_benchmark_bulk_and_generated_outputs_not_bundled
benchmark/1159846_winrhizo_validation/images/1200-monocot-sim-12-1-120-15-deg0.jpg,360185,external_benchmark_bulk_and_generated_outputs_not_bundled
benchmark/1159846_winrhizo_validation/images/1200-monocot-sim-13-1-120-15-deg0.jpg,106509,external_benchmark_bulk_and_generated_outputs_not_bundled
benchmark/1159846_winrhizo_validation/images/1200-monocot-sim-14-1-120-15-deg0.jpg,848199,external_benchmark_bulk_and_generated_outputs_not_bundled
benchmark/1159846_winrhizo_validation/images/1200-monocot-sim-15-1-120-15-deg0.jpg,467024,external_benchmark_bulk_and_generated_outputs_not_bundled
benchmark/1159846_winrhizo_validation/images/1200-monocot-sim-16-1-120-15-deg0.jpg,150063,external_benchmark_bulk_and_generated_outputs_not_bundled
benchmark/1159846_winrhizo_validation/images/1200-monocot-sim-17-1-120-15-deg0.jpg,449790,external_benchmark_bulk_and_generated_outputs_not_bundled
benchmark/1159846_winrhizo_validation/images/1200-monocot-sim-18-1-120-15-deg0.jpg,177812,external_benchmark_bulk_and_generated_outputs_not_bundled
benchmark/1159846_winrhizo_validation/images/1200-monocot-sim-19-1-120-15-deg0.jpg,259413,external_benchmark_bulk_and_generated_outputs_not_bundled
benchmark/1159846_winrhizo_validation/images/1200-monocot-sim-2-1-120-15-deg0.jpg,182324,external_benchmark_bulk_and_generated_outputs_not_bundled
benchmark/1159846_winrhizo_validation/images/1200-monocot-sim-20-1-120-15-deg0.jpg,259502,external_benchmark_bulk_and_generated_outputs_not_bundled
benchmark/1159846_winrhizo_validation/images/1200-monocot-sim-21-1-120-15-deg0.jpg,863860,external_benchmark_bulk_and_generated_outputs_not_bundled
benchmark/1159846_winrhizo_validation/images/1200-monocot-sim-22-1-120-15-deg0.jpg,64245,external_benchmark_bulk_and_generated_outputs_not_bundled
benchmark/1159846_winrhizo_validation/images/1200-monocot-sim-23-1-120-15-deg0.jpg,991640,external_benchmark_bulk_and_generated_outputs_not_bundled
benchmark/1159846_winrhizo_validation/images/1200-monocot-sim-24-1-120-15-deg0.jpg,446367,external_benchmark_bulk_and_generated_outputs_not_bundled
benchmark/1159846_winrhizo_validation/images/1200-monocot-sim-25-1-120-15-deg0.jpg,213871,external_benchmark_bulk_and_generated_outputs_not_bundled
benchmark/1159846_winrhizo_validation/images/1200-monocot-sim-26-1-120-15-deg0.jpg,448883,external_benchmark_bulk_and_generated_outputs_not_bundled
benchmark/1159846_winrhizo_validation/images/1200-monocot-sim-27-1-120-15-deg0.jpg,632778,external_benchmark_bulk_and_generated_outputs_not_bundled
benchmark/1159846_winrhizo_validation/images/1200-monocot-sim-28-1-120-15-deg0.jpg,305698,external_benchmark_bulk_and_generated_outputs_not_bundled
benchmark/1159846_winrhizo_validation/images/1200-monocot-sim-29-1-120-15-deg0.jpg,462574,external_benchmark_bulk_and_generated_outputs_not_bundled
benchmark/1159846_winrhizo_validation/images/1200-monocot-sim-3-1-120-15-deg0.jpg,283482,external_benchmark_bulk_and_generated_outputs_not_bundled
benchmark/1159846_winrhizo_validation/images/1200-monocot-sim-30-1-120-15-deg0.jpg,757554,external_benchmark_bulk_and_generated_outputs_not_bundled
benchmark/1159846_winrhizo_validation/images/1200-monocot-sim-31-1-120-15-deg0.jpg,303874,external_benchmark_bulk_and_generated_outputs_not_bundled
benchmark/1159846_winrhizo_validation/images/1200-monocot-sim-32-1-120-15-deg0.jpg,405590,external_benchmark_bulk_and_generated_outputs_not_bundled
benchmark/1159846_winrhizo_validation/images/1200-monocot-sim-33-1-120-15-deg0.jpg,334300,external_benchmark_bulk_and_generated_outputs_not_bundled
benchmark/1159846_winrhizo_validation/images/1200-monocot-sim-34-1-120-15-deg0.jpg,1062493,external_benchmark_bulk_and_generated_outputs_not_bundled
benchmark/1159846_winrhizo_validation/images/1200-monocot-sim-35-1-120-15-deg0.jpg,681385,external_benchmark_bulk_and_generated_outputs_not_bundled
benchmark/1159846_winrhizo_validation/images/1200-monocot-sim-36-1-120-15-deg0.jpg,268707,external_benchmark_bulk_and_generated_outputs_not_bundled
benchmark/1159846_winrhizo_validation/images/1200-monocot-sim-37-1-120-15-deg0.jpg,206621,external_benchmark_bulk_and_generated_outputs_not_bundled
benchmark/1159846_winrhizo_validation/images/1200-monocot-sim-38-1-120-15-deg0.jpg,881262,external_benchmark_bulk_and_generated_outputs_not_bundled
benchmark/1159846_winrhizo_validation/images/1200-monocot-sim-39-1-120-15-deg0.jpg,384305,external_benchmark_bulk_and_generated_outputs_not_bundled
benchmark/1159846_winrhizo_validation/images/1200-monocot-sim-4-1-120-15-deg0.jpg,380748,external_benchmark_bulk_and_generated_outputs_not_bundled
benchmark/1159846_winrhizo_validation/images/1200-monocot-sim-40-1-120-15-deg0.jpg,10352,external_benchmark_bulk_and_generated_outputs_not_bundled
benchmark/1159846_winrhizo_validation/images/1200-monocot-sim-41-1-120-15-deg0.jpg,712762,external_benchmark_bulk_and_generated_outputs_not_bundled
benchmark/1159846_winrhizo_validation/images/1200-monocot-sim-42-1-120-15-deg0.jpg,739605,external_benchmark_bulk_and_generated_outputs_not_bundled
benchmark/1159846_winrhizo_validation/images/1200-monocot-sim-43-1-120-15-deg0.jpg,273313,external_benchmark_bulk_and_generated_outputs_not_bundled
benchmark/1159846_winrhizo_validation/images/1200-monocot-sim-44-1-120-15-deg0.jpg,227528,external_benchmark_bulk_and_generated_outputs_not_bundled
benchmark/1159846_winrhizo_validation/images/1200-monocot-sim-45-1-120-15-deg0.jpg,542469,external_benchmark_bulk_and_generated_outputs_not_bundled
benchmark/1159846_winrhizo_validation/images/1200-monocot-sim-46-1-120-15-deg0.jpg,549323,external_benchmark_bulk_and_generated_outputs_not_bundled
benchmark/1159846_winrhizo_validation/images/1200-monocot-sim-47-1-120-15-deg0.jpg,397051,external_benchmark_bulk_and_generated_outputs_not_bundled
benchmark/1159846_winrhizo_validation/images/1200-monocot-sim-48-1-120-15-deg0.jpg,61836,external_benchmark_bulk_and_generated_outputs_not_bundled
benchmark/1159846_winrhizo_validation/images/1200-monocot-sim-49-1-120-15-deg0.jpg,202502,external_benchmark_bulk_and_generated_outputs_not_bundled
benchmark/1159846_winrhizo_validation/images/1200-monocot-sim-5-1-120-15-deg0.jpg,319264,external_benchmark_bulk_and_generated_outputs_not_bundled
benchmark/1159846_winrhizo_validation/images/1200-monocot-sim-50-1-120-15-deg0.jpg,812328,external_benchmark_bulk_and_generated_outputs_not_bundled
benchmark/1159846_winrhizo_validation/images/1200-monocot-sim-6-1-120-15-deg0.jpg,621534,external_benchmark_bulk_and_generated_outputs_not_bundled
benchmark/1159846_winrhizo_validation/images/1200-monocot-sim-7-1-120-15-deg0.jpg,345668,external_benchmark_bulk_and_generated_outputs_not_bundled
benchmark/1159846_winrhizo_validation/images/1200-monocot-sim-8-1-120-15-deg0.jpg,180671,external_benchmark_bulk_and_generated_outputs_not_bundled
benchmark/1159846_winrhizo_validation/images/1200-monocot-sim-9-1-120-15-deg0.jpg,475508,external_benchmark_bulk_and_generated_outputs_not_bundled
benchmark/1159846_winrhizo_validation/images/200-dicot-sim-1-1-120-15-deg0.jpg,2164,external_benchmark_bulk_and_generated_outputs_not_bundled
benchmark/1159846_winrhizo_validation/images/200-dicot-sim-10-1-120-15-deg0.jpg,19397,external_benchmark_bulk_and_generated_outputs_not_bundled
benchmark/1159846_winrhizo_validation/images/200-dicot-sim-11-1-120-15-deg0.jpg,1520,external_benchmark_bulk_and_generated_outputs_not_bundled
benchmark/1159846_winrhizo_validation/images/200-dicot-sim-12-1-120-15-deg0.jpg,2981,external_benchmark_bulk_and_generated_outputs_not_bundled
benchmark/1159846_winrhizo_validation/images/200-dicot-sim-13-1-120-15-deg0.jpg,6658,external_benchmark_bulk_and_generated_outputs_not_bundled
benchmark/1159846_winrhizo_validation/images/200-dicot-sim-14-1-120-15-deg0.jpg,2151,external_benchmark_bulk_and_generated_outputs_not_bundled
benchmark/1159846_winrhizo_validation/images/200-dicot-sim-15-1-120-15-deg0.jpg,1178,external_benchmark_bulk_and_generated_outputs_not_bundled
benchmark/1159846_winrhizo_validation/images/200-dicot-sim-16-1-120-15-deg0.jpg,2451,external_benchmark_bulk_and_generated_outputs_not_bundled
benchmark/1159846_winrhizo_validation/images/200-dicot-sim-17-1-120-15-deg0.jpg,7570,external_benchmark_bulk_and_generated_outputs_not_bundled
benchmark/1159846_winrhizo_validation/images/200-dicot-sim-18-1-120-15-deg0.jpg,5527,external_benchmark_bulk_and_generated_outputs_not_bundled
benchmark/1159846_winrhizo_validation/images/200-dicot-sim-19-1-120-15-deg0.jpg,7893,external_benchmark_bulk_and_generated_outputs_not_bundled
benchmark/1159846_winrhizo_validation/images/200-dicot-sim-2-1-120-15-deg0.jpg,4326,external_benchmark_bulk_and_generated_outputs_not_bundled
benchmark/1159846_winrhizo_validation/images/200-dicot-sim-20-1-120-15-deg0.jpg,15113,external_benchmark_bulk_and_generated_outputs_not_bundled
benchmark/1159846_winrhizo_validation/images/200-dicot-sim-21-1-120-15-deg0.jpg,3962,external_benchmark_bulk_and_generated_outputs_not_bundled
benchmark/1159846_winrhizo_validation/images/200-dicot-sim-22-1-120-15-deg0.jpg,2397,external_benchmark_bulk_and_generated_outputs_not_bundled
benchmark/1159846_winrhizo_validation/images/200-dicot-sim-23-1-120-15-deg0.jpg,5966,external_benchmark_bulk_and_generated_outputs_not_bundled
benchmark/1159846_winrhizo_validation/images/200-dicot-sim-24-1-120-15-deg0.jpg,3305,external_benchmark_bulk_and_generated_outputs_not_bundled
benchmark/1159846_winrhizo_validation/images/200-dicot-sim-25-1-120-15-deg0.jpg,1730,external_benchmark_bulk_and_generated_outputs_not_bundled
benchmark/1159846_winrhizo_validation/images/200-dicot-sim-26-1-120-15-deg0.jpg,8141,external_benchmark_bulk_and_generated_outputs_not_bundled
benchmark/1159846_winrhizo_validation/images/200-dicot-sim-27-1-120-15-deg0.jpg,3853,external_benchmark_bulk_and_generated_outputs_not_bundled
benchmark/1159846_winrhizo_validation/images/200-dicot-sim-28-1-120-15-deg0.jpg,2310,external_benchmark_bulk_and_generated_outputs_not_bundled
benchmark/1159846_winrhizo_validation/images/200-dicot-sim-29-1-120-15-deg0.jpg,11990,external_benchmark_bulk_and_generated_outputs_not_bundled
benchmark/1159846_winrhizo_validation/images/200-dicot-sim-3-1-120-15-deg0.jpg,6941,external_benchmark_bulk_and_generated_outputs_not_bundled
benchmark/1159846_winrhizo_validation/images/200-dicot-sim-30-1-120-15-deg0.jpg,4325,external_benchmark_bulk_and_generated_outputs_not_bundled
benchmark/1159846_winrhizo_validation/images/200-dicot-sim-31-1-120-15-deg0.jpg,8929,external_benchmark_bulk_and_generated_outputs_not_bundled
benchmark/1159846_winrhizo_validation/images/200-dicot-sim-32-1-120-15-deg0.jpg,6787,external_benchmark_bulk_and_generated_outputs_not_bundled
benchmark/1159846_winrhizo_validation/images/200-dicot-sim-33-1-120-15-deg0.jpg,8105,external_benchmark_bulk_and_generated_outputs_not_bundled
benchmark/1159846_winrhizo_validation/images/200-dicot-sim-34-1-120-15-deg0.jpg,2233,external_benchmark_bulk_and_generated_outputs_not_bundled
benchmark/1159846_winrhizo_validation/images/200-dicot-sim-35-1-120-15-deg0.jpg,1032,external_benchmark_bulk_and_generated_outputs_not_bundled
benchmark/1159846_winrhizo_validation/images/200-dicot-sim-36-1-120-15-deg0.jpg,2959,external_benchmark_bulk_and_generated_outputs_not_bundled
benchmark/1159846_winrhizo_validation/images/200-dicot-sim-37-1-120-15-deg0.jpg,8667,external_benchmark_bulk_and_generated_outputs_not_bundled
benchmark/1159846_winrhizo_validation/images/200-dicot-sim-38-1-120-15-deg0.jpg,2407,external_benchmark_bulk_and_generated_outputs_not_bundled
benchmark/1159846_winrhizo_validation/images/200-dicot-sim-39-1-120-15-deg0.jpg,3002,external_benchmark_bulk_and_generated_outputs_not_bundled
benchmark/1159846_winrhizo_validation/images/200-dicot-sim-4-1-120-15-deg0.jpg,1402,external_benchmark_bulk_and_generated_outputs_not_bundled
benchmark/1159846_winrhizo_validation/images/200-dicot-sim-40-1-120-15-deg0.jpg,10407,external_benchmark_bulk_and_generated_outputs_not_bundled
benchmark/1159846_winrhizo_validation/images/200-dicot-sim-41-1-120-15-deg0.jpg,869,external_benchmark_bulk_and_generated_outputs_not_bundled
benchmark/1159846_winrhizo_validation/images/200-dicot-sim-42-1-120-15-deg0.jpg,11823,external_benchmark_bulk_and_generated_outputs_not_bundled
benchmark/1159846_winrhizo_validation/images/200-dicot-sim-43-1-120-15-deg0.jpg,8004,external_benchmark_bulk_and_generated_outputs_not_bundled
benchmark/1159846_winrhizo_validation/images/200-dicot-sim-44-1-120-15-deg0.jpg,2929,external_benchmark_bulk_and_generated_outputs_not_bundled
benchmark/1159846_winrhizo_validation/images/200-dicot-sim-45-1-120-15-deg0.jpg,4380,external_benchmark_bulk_and_generated_outputs_not_bundled
benchmark/1159846_winrhizo_validation/images/200-dicot-sim-46-1-120-15-deg0.jpg,8602,external_benchmark_bulk_and_generated_outputs_not_bundled
benchmark/1159846_winrhizo_validation/images/200-dicot-sim-47-1-120-15-deg0.jpg,7723,external_benchmark_bulk_and_generated_outputs_not_bundled
benchmark/1159846_winrhizo_validation/images/200-dicot-sim-48-1-120-15-deg0.jpg,14851,external_benchmark_bulk_and_generated_outputs_not_bundled
benchmark/1159846_winrhizo_validation/images/200-dicot-sim-49-1-120-15-deg0.jpg,3125,external_benchmark_bulk_and_generated_outputs_not_bundled
benchmark/1159846_winrhizo_validation/images/200-dicot-sim-5-1-120-15-deg0.jpg,8876,external_benchmark_bulk_and_generated_outputs_not_bundled
benchmark/1159846_winrhizo_validation/images/200-dicot-sim-50-1-120-15-deg0.jpg,12115,external_benchmark_bulk_and_generated_outputs_not_bundled
benchmark/1159846_winrhizo_validation/images/200-dicot-sim-6-1-120-15-deg0.jpg,2885,external_benchmark_bulk_and_generated_outputs_not_bundled
benchmark/1159846_winrhizo_validation/images/200-dicot-sim-7-1-120-15-deg0.jpg,4071,external_benchmark_bulk_and_generated_outputs_not_bundled
benchmark/1159846_winrhizo_validation/images/200-dicot-sim-8-1-120-15-deg0.jpg,13642,external_benchmark_bulk_and_generated_outputs_not_bundled
benchmark/1159846_winrhizo_validation/images/200-dicot-sim-9-1-120-15-deg0.jpg,5694,external_benchmark_bulk_and_generated_outputs_not_bundled
benchmark/1159846_winrhizo_validation/images/200-monocot-sim-1-1-120-15-deg0.jpg,11670,external_benchmark_bulk_and_generated_outputs_not_bundled
benchmark/1159846_winrhizo_validation/images/200-monocot-sim-10-1-120-15-deg0.jpg,5888,external_benchmark_bulk_and_generated_outputs_not_bundled
benchmark/1159846_winrhizo_validation/images/200-monocot-sim-11-1-120-15-deg0.jpg,30256,external_benchmark_bulk_and_generated_outputs_not_bundled
benchmark/1159846_winrhizo_validation/images/200-monocot-sim-12-1-120-15-deg0.jpg,19744,external_benchmark_bulk_and_generated_outputs_not_bundled
benchmark/1159846_winrhizo_validation/images/200-monocot-sim-13-1-120-15-deg0.jpg,5327,external_benchmark_bulk_and_generated_outputs_not_bundled
benchmark/1159846_winrhizo_validation/images/200-monocot-sim-14-1-120-15-deg0.jpg,41665,external_benchmark_bulk_and_generated_outputs_not_bundled
benchmark/1159846_winrhizo_validation/images/200-monocot-sim-15-1-120-15-deg0.jpg,25465,external_benchmark_bulk_and_generated_outputs_not_bundled
benchmark/1159846_winrhizo_validation/images/200-monocot-sim-16-1-120-15-deg0.jpg,7953,external_benchmark_bulk_and_generated_outputs_not_bundled
benchmark/1159846_winrhizo_validation/images/200-monocot-sim-17-1-120-15-deg0.jpg,22206,external_benchmark_bulk_and_generated_outputs_not_bundled
benchmark/1159846_winrhizo_validation/images/200-monocot-sim-18-1-120-15-deg0.jpg,10402,external_benchmark_bulk_and_generated_outputs_not_bundled
benchmark/1159846_winrhizo_validation/images/200-monocot-sim-19-1-120-15-deg0.jpg,12270,external_benchmark_bulk_and_generated_outputs_not_bundled
benchmark/1159846_winrhizo_validation/images/200-monocot-sim-2-1-120-15-deg0.jpg,8823,external_benchmark_bulk_and_generated_outputs_not_bundled
benchmark/1159846_winrhizo_validation/images/200-monocot-sim-20-1-120-15-deg0.jpg,13840,external_benchmark_bulk_and_generated_outputs_not_bundled
benchmark/1159846_winrhizo_validation/images/200-monocot-sim-21-1-120-15-deg0.jpg,47439,external_benchmark_bulk_and_generated_outputs_not_bundled
benchmark/1159846_winrhizo_validation/images/200-monocot-sim-22-1-120-15-deg0.jpg,3249,external_benchmark_bulk_and_generated_outputs_not_bundled
benchmark/1159846_winrhizo_validation/images/200-monocot-sim-23-1-120-15-deg0.jpg,52903,external_benchmark_bulk_and_generated_outputs_not_bundled
benchmark/1159846_winrhizo_validation/images/200-monocot-sim-24-1-120-15-deg0.jpg,23253,external_benchmark_bulk_and_generated_outputs_not_bundled
benchmark/1159846_winrhizo_validation/images/200-monocot-sim-25-1-120-15-deg0.jpg,10715,external_benchmark_bulk_and_generated_outputs_not_bundled
benchmark/1159846_winrhizo_validation/images/200-monocot-sim-26-1-120-15-deg0.jpg,23982,external_benchmark_bulk_and_generated_outputs_not_bundled
benchmark/1159846_winrhizo_validation/images/200-monocot-sim-27-1-120-15-deg0.jpg,32408,external_benchmark_bulk_and_generated_outputs_not_bundled
benchmark/1159846_winrhizo_validation/images/200-monocot-sim-28-1-120-15-deg0.jpg,16384,external_benchmark_bulk_and_generated_outputs_not_bundled
benchmark/1159846_winrhizo_validation/images/200-monocot-sim-29-1-120-15-deg0.jpg,23437,external_benchmark_bulk_and_generated_outputs_not_bundled
benchmark/1159846_winrhizo_validation/images/200-monocot-sim-3-1-120-15-deg0.jpg,15512,external_benchmark_bulk_and_generated_outputs_not_bundled
benchmark/1159846_winrhizo_validation/images/200-monocot-sim-30-1-120-15-deg0.jpg,40887,external_benchmark_bulk_and_generated_outputs_not_bundled
benchmark/1159846_winrhizo_validation/images/200-monocot-sim-31-1-120-15-deg0.jpg,15159,external_benchmark_bulk_and_generated_outputs_not_bundled
benchmark/1159846_winrhizo_validation/images/200-monocot-sim-32-1-120-15-deg0.jpg,21808,external_benchmark_bulk_and_generated_outputs_not_bundled
benchmark/1159846_winrhizo_validation/images/200-monocot-sim-33-1-120-15-deg0.jpg,17861,external_benchmark_bulk_and_generated_outputs_not_bundled
benchmark/1159846_winrhizo_validation/images/200-monocot-sim-34-1-120-15-deg0.jpg,48648,external_benchmark_bulk_and_generated_outputs_not_bundled
benchmark/1159846_winrhizo_validation/images/200-monocot-sim-35-1-120-15-deg0.jpg,35255,external_benchmark_bulk_and_generated_outputs_not_bundled
benchmark/1159846_winrhizo_validation/images/200-monocot-sim-36-1-120-15-deg0.jpg,12830,external_benchmark_bulk_and_generated_outputs_not_bundled
benchmark/1159846_winrhizo_validation/images/200-monocot-sim-37-1-120-15-deg0.jpg,10548,external_benchmark_bulk_and_generated_outputs_not_bundled
benchmark/1159846_winrhizo_validation/images/200-monocot-sim-38-1-120-15-deg0.jpg,43767,external_benchmark_bulk_and_generated_outputs_not_bundled
benchmark/1159846_winrhizo_validation/images/200-monocot-sim-39-1-120-15-deg0.jpg,19567,external_benchmark_bulk_and_generated_outputs_not_bundled
benchmark/1159846_winrhizo_validation/images/200-monocot-sim-4-1-120-15-deg0.jpg,20214,external_benchmark_bulk_and_generated_outputs_not_bundled
benchmark/1159846_winrhizo_validation/images/200-monocot-sim-40-1-120-15-deg0.jpg,544,external_benchmark_bulk_and_generated_outputs_not_bundled
benchmark/1159846_winrhizo_validation/images/200-monocot-sim-41-1-120-15-deg0.jpg,36645,external_benchmark_bulk_and_generated_outputs_not_bundled
benchmark/1159846_winrhizo_validation/images/200-monocot-sim-42-1-120-15-deg0.jpg,37228,external_benchmark_bulk_and_generated_outputs_not_bundled
benchmark/1159846_winrhizo_validation/images/200-monocot-sim-43-1-120-15-deg0.jpg,12791,external_benchmark_bulk_and_generated_outputs_not_bundled
benchmark/1159846_winrhizo_validation/images/200-monocot-sim-44-1-120-15-deg0.jpg,11930,external_benchmark_bulk_and_generated_outputs_not_bundled
benchmark/1159846_winrhizo_validation/images/200-monocot-sim-45-1-120-15-deg0.jpg,28762,external_benchmark_bulk_and_generated_outputs_not_bundled
benchmark/1159846_winrhizo_validation/images/200-monocot-sim-46-1-120-15-deg0.jpg,26826,external_benchmark_bulk_and_generated_outputs_not_bundled
benchmark/1159846_winrhizo_validation/images/200-monocot-sim-47-1-120-15-deg0.jpg,19530,external_benchmark_bulk_and_generated_outputs_not_bundled
benchmark/1159846_winrhizo_validation/images/200-monocot-sim-48-1-120-15-deg0.jpg,2836,external_benchmark_bulk_and_generated_outputs_not_bundled
benchmark/1159846_winrhizo_validation/images/200-monocot-sim-49-1-120-15-deg0.jpg,9467,external_benchmark_bulk_and_generated_outputs_not_bundled
benchmark/1159846_winrhizo_validation/images/200-monocot-sim-5-1-120-15-deg0.jpg,16258,external_benchmark_bulk_and_generated_outputs_not_bundled
benchmark/1159846_winrhizo_validation/images/200-monocot-sim-50-1-120-15-deg0.jpg,43516,external_benchmark_bulk_and_generated_outputs_not_bundled
benchmark/1159846_winrhizo_validation/images/200-monocot-sim-6-1-120-15-deg0.jpg,33150,external_benchmark_bulk_and_generated_outputs_not_bundled
benchmark/1159846_winrhizo_validation/images/200-monocot-sim-7-1-120-15-deg0.jpg,19074,external_benchmark_bulk_and_generated_outputs_not_bundled
benchmark/1159846_winrhizo_validation/images/200-monocot-sim-8-1-120-15-deg0.jpg,8957,external_benchmark_bulk_and_generated_outputs_not_bundled
benchmark/1159846_winrhizo_validation/images/200-monocot-sim-9-1-120-15-deg0.jpg,25749,external_benchmark_bulk_and_generated_outputs_not_bundled
benchmark/1159846_winrhizo_validation/images/400-dicot-sim-1-1-120-15-deg0.jpg,5100,external_benchmark_bulk_and_generated_outputs_not_bundled
benchmark/1159846_winrhizo_validation/images/400-dicot-sim-10-1-120-15-deg0.jpg,51107,external_benchmark_bulk_and_generated_outputs_not_bundled
benchmark/1159846_winrhizo_validation/images/400-dicot-sim-11-1-120-15-deg0.jpg,3329,external_benchmark_bulk_and_generated_outputs_not_bundled
benchmark/1159846_winrhizo_validation/images/400-dicot-sim-12-1-120-15-deg0.jpg,6832,external_benchmark_bulk_and_generated_outputs_not_bundled
benchmark/1159846_winrhizo_validation/images/400-dicot-sim-13-1-120-15-deg0.jpg,17873,external_benchmark_bulk_and_generated_outputs_not_bundled
benchmark/1159846_winrhizo_validation/images/400-dicot-sim-14-1-120-15-deg0.jpg,4679,external_benchmark_bulk_and_generated_outputs_not_bundled
benchmark/1159846_winrhizo_validation/images/400-dicot-sim-15-1-120-15-deg0.jpg,2804,external_benchmark_bulk_and_generated_outputs_not_bundled
benchmark/1159846_winrhizo_validation/images/400-dicot-sim-16-1-120-15-deg0.jpg,6128,external_benchmark_bulk_and_generated_outputs_not_bundled
benchmark/1159846_winrhizo_validation/images/400-dicot-sim-17-1-120-15-deg0.jpg,19683,external_benchmark_bulk_and_generated_outputs_not_bundled
benchmark/1159846_winrhizo_validation/images/400-dicot-sim-18-1-120-15-deg0.jpg,14852,external_benchmark_bulk_and_generated_outputs_not_bundled
benchmark/1159846_winrhizo_validation/images/400-dicot-sim-19-1-120-15-deg0.jpg,21237,external_benchmark_bulk_and_generated_outputs_not_bundled
benchmark/1159846_winrhizo_validation/images/400-dicot-sim-2-1-120-15-deg0.jpg,10855,external_benchmark_bulk_and_generated_outputs_not_bundled
benchmark/1159846_winrhizo_validation/images/400-dicot-sim-20-1-120-15-deg0.jpg,39407,external_benchmark_bulk_and_generated_outputs_not_bundled
benchmark/1159846_winrhizo_validation/images/400-dicot-sim-21-1-120-15-deg0.jpg,9620,external_benchmark_bulk_and_generated_outputs_not_bundled
benchmark/1159846_winrhizo_validation/images/400-dicot-sim-22-1-120-15-deg0.jpg,5579,external_benchmark_bulk_and_generated_outputs_not_bundled
benchmark/1159846_winrhizo_validation/images/400-dicot-sim-23-1-120-15-deg0.jpg,14392,external_benchmark_bulk_and_generated_outputs_not_bundled
benchmark/1159846_winrhizo_validation/images/400-dicot-sim-24-1-120-15-deg0.jpg,8696,external_benchmark_bulk_and_generated_outputs_not_bundled
benchmark/1159846_winrhizo_validation/images/400-dicot-sim-25-1-120-15-deg0.jpg,4291,external_benchmark_bulk_and_generated_outputs_not_bundled
benchmark/1159846_winrhizo_validation/images/400-dicot-sim-26-1-120-15-deg0.jpg,21075,external_benchmark_bulk_and_generated_outputs_not_bundled
benchmark/1159846_winrhizo_validation/images/400-dicot-sim-27-1-120-15-deg0.jpg,9020,external_benchmark_bulk_and_generated_outputs_not_bundled
benchmark/1159846_winrhizo_validation/images/400-dicot-sim-28-1-120-15-deg0.jpg,5282,external_benchmark_bulk_and_generated_outputs_not_bundled
benchmark/1159846_winrhizo_validation/images/400-dicot-sim-29-1-120-15-deg0.jpg,32146,external_benchmark_bulk_and_generated_outputs_not_bundled
benchmark/1159846_winrhizo_validation/images/400-dicot-sim-3-1-120-15-deg0.jpg,18605,external_benchmark_bulk_and_generated_outputs_not_bundled
benchmark/1159846_winrhizo_validation/images/400-dicot-sim-30-1-120-15-deg0.jpg,10880,external_benchmark_bulk_and_generated_outputs_not_bundled
benchmark/1159846_winrhizo_validation/images/400-dicot-sim-31-1-120-15-deg0.jpg,23409,external_benchmark_bulk_and_generated_outputs_not_bundled
benchmark/1159846_winrhizo_validation/images/400-dicot-sim-32-1-120-15-deg0.jpg,18399,external_benchmark_bulk_and_generated_outputs_not_bundled
benchmark/1159846_winrhizo_validation/images/400-dicot-sim-33-1-120-15-deg0.jpg,24062,external_benchmark_bulk_and_generated_outputs_not_bundled
benchmark/1159846_winrhizo_validation/images/400-dicot-sim-34-1-120-15-deg0.jpg,5607,external_benchmark_bulk_and_generated_outputs_not_bundled
benchmark/1159846_winrhizo_validation/images/400-dicot-sim-35-1-120-15-deg0.jpg,2151,external_benchmark_bulk_and_generated_outputs_not_bundled
benchmark/1159846_winrhizo_validation/images/400-dicot-sim-36-1-120-15-deg0.jpg,8277,external_benchmark_bulk_and_generated_outputs_not_bundled
benchmark/1159846_winrhizo_validation/images/400-dicot-sim-37-1-120-15-deg0.jpg,23833,external_benchmark_bulk_and_generated_outputs_not_bundled
benchmark/1159846_winrhizo_validation/images/400-dicot-sim-38-1-120-15-deg0.jpg,5266,external_benchmark_bulk_and_generated_outputs_not_bundled
benchmark/1159846_winrhizo_validation/images/400-dicot-sim-39-1-120-15-deg0.jpg,7300,external_benchmark_bulk_and_generated_outputs_not_bundled
benchmark/1159846_winrhizo_validation/images/400-dicot-sim-4-1-120-15-deg0.jpg,3306,external_benchmark_bulk_and_generated_outputs_not_bundled
benchmark/1159846_winrhizo_validation/images/400-dicot-sim-40-1-120-15-deg0.jpg,26227,external_benchmark_bulk_and_generated_outputs_not_bundled
benchmark/1159846_winrhizo_validation/images/400-dicot-sim-41-1-120-15-deg0.jpg,1391,external_benchmark_bulk_and_generated_outputs_not_bundled
benchmark/1159846_winrhizo_validation/images/400-dicot-sim-42-1-120-15-deg0.jpg,30707,external_benchmark_bulk_and_generated_outputs_not_bundled
benchmark/1159846_winrhizo_validation/images/400-dicot-sim-43-1-120-15-deg0.jpg,20135,external_benchmark_bulk_and_generated_outputs_not_bundled
benchmark/1159846_winrhizo_validation/images/400-dicot-sim-44-1-120-15-deg0.jpg,8417,external_benchmark_bulk_and_generated_outputs_not_bundled
benchmark/1159846_winrhizo_validation/images/400-dicot-sim-45-1-120-15-deg0.jpg,11271,external_benchmark_bulk_and_generated_outputs_not_bundled
benchmark/1159846_winrhizo_validation/images/400-dicot-sim-46-1-120-15-deg0.jpg,23380,external_benchmark_bulk_and_generated_outputs_not_bundled
benchmark/1159846_winrhizo_validation/images/400-dicot-sim-47-1-120-15-deg0.jpg,21650,external_benchmark_bulk_and_generated_outputs_not_bundled
benchmark/1159846_winrhizo_validation/images/400-dicot-sim-48-1-120-15-deg0.jpg,36840,external_benchmark_bulk_and_generated_outputs_not_bundled
benchmark/1159846_winrhizo_validation/images/400-dicot-sim-49-1-120-15-deg0.jpg,7497,external_benchmark_bulk_and_generated_outputs_not_bundled
benchmark/1159846_winrhizo_validation/images/400-dicot-sim-5-1-120-15-deg0.jpg,22396,external_benchmark_bulk_and_generated_outputs_not_bundled
benchmark/1159846_winrhizo_validation/images/400-dicot-sim-50-1-120-15-deg0.jpg,31817,external_benchmark_bulk_and_generated_outputs_not_bundled
benchmark/1159846_winrhizo_validation/images/400-dicot-sim-6-1-120-15-deg0.jpg,8134,external_benchmark_bulk_and_generated_outputs_not_bundled
benchmark/1159846_winrhizo_validation/images/400-dicot-sim-7-1-120-15-deg0.jpg,10968,external_benchmark_bulk_and_generated_outputs_not_bundled
benchmark/1159846_winrhizo_validation/images/400-dicot-sim-8-1-120-15-deg0.jpg,34905,external_benchmark_bulk_and_generated_outputs_not_bundled
benchmark/1159846_winrhizo_validation/images/400-dicot-sim-9-1-120-15-deg0.jpg,14592,external_benchmark_bulk_and_generated_outputs_not_bundled
benchmark/1159846_winrhizo_validation/images/400-monocot-sim-1-1-120-15-deg0.jpg,31998,external_benchmark_bulk_and_generated_outputs_not_bundled
benchmark/1159846_winrhizo_validation/images/400-monocot-sim-10-1-120-15-deg0.jpg,15868,external_benchmark_bulk_and_generated_outputs_not_bundled
benchmark/1159846_winrhizo_validation/images/400-monocot-sim-11-1-120-15-deg0.jpg,81837,external_benchmark_bulk_and_generated_outputs_not_bundled
benchmark/1159846_winrhizo_validation/images/400-monocot-sim-12-1-120-15-deg0.jpg,55115,external_benchmark_bulk_and_generated_outputs_not_bundled
benchmark/1159846_winrhizo_validation/images/400-monocot-sim-13-1-120-15-deg0.jpg,13783,external_benchmark_bulk_and_generated_outputs_not_bundled
benchmark/1159846_winrhizo_validation/images/400-monocot-sim-14-1-120-15-deg0.jpg,122792,external_benchmark_bulk_and_generated_outputs_not_bundled
benchmark/1159846_winrhizo_validation/images/400-monocot-sim-15-1-120-15-deg0.jpg,70742,external_benchmark_bulk_and_generated_outputs_not_bundled
benchmark/1159846_winrhizo_validation/images/400-monocot-sim-16-1-120-15-deg0.jpg,21405,external_benchmark_bulk_and_generated_outputs_not_bundled
benchmark/1159846_winrhizo_validation/images/400-monocot-sim-17-1-120-15-deg0.jpg,64118,external_benchmark_bulk_and_generated_outputs_not_bundled
benchmark/1159846_winrhizo_validation/images/400-monocot-sim-18-1-120-15-deg0.jpg,27947,external_benchmark_bulk_and_generated_outputs_not_bundled
benchmark/1159846_winrhizo_validation/images/400-monocot-sim-19-1-120-15-deg0.jpg,35091,external_benchmark_bulk_and_generated_outputs_not_bundled
benchmark/1159846_winrhizo_validation/images/400-monocot-sim-2-1-120-15-deg0.jpg,24435,external_benchmark_bulk_and_generated_outputs_not_bundled
benchmark/1159846_winrhizo_validation/images/400-monocot-sim-20-1-120-15-deg0.jpg,37431,external_benchmark_bulk_and_generated_outputs_not_bundled
benchmark/1159846_winrhizo_validation/images/400-monocot-sim-21-1-120-15-deg0.jpg,133935,external_benchmark_bulk_and_generated_outputs_not_bundled
benchmark/1159846_winrhizo_validation/images/400-monocot-sim-22-1-120-15-deg0.jpg,8695,external_benchmark_bulk_and_generated_outputs_not_bundled
benchmark/1159846_winrhizo_validation/images/400-monocot-sim-23-1-120-15-deg0.jpg,149705,external_benchmark_bulk_and_generated_outputs_not_bundled
benchmark/1159846_winrhizo_validation/images/400-monocot-sim-24-1-120-15-deg0.jpg,65619,external_benchmark_bulk_and_generated_outputs_not_bundled
benchmark/1159846_winrhizo_validation/images/400-monocot-sim-25-1-120-15-deg0.jpg,29642,external_benchmark_bulk_and_generated_outputs_not_bundled
benchmark/1159846_winrhizo_validation/images/400-monocot-sim-26-1-120-15-deg0.jpg,67090,external_benchmark_bulk_and_generated_outputs_not_bundled
benchmark/1159846_winrhizo_validation/images/400-monocot-sim-27-1-120-15-deg0.jpg,94863,external_benchmark_bulk_and_generated_outputs_not_bundled
benchmark/1159846_winrhizo_validation/images/400-monocot-sim-28-1-120-15-deg0.jpg,46427,external_benchmark_bulk_and_generated_outputs_not_bundled
benchmark/1159846_winrhizo_validation/images/400-monocot-sim-29-1-120-15-deg0.jpg,68658,external_benchmark_bulk_and_generated_outputs_not_bundled
benchmark/1159846_winrhizo_validation/images/400-monocot-sim-3-1-120-15-deg0.jpg,41091,external_benchmark_bulk_and_generated_outputs_not_bundled
benchmark/1159846_winrhizo_validation/images/400-monocot-sim-30-1-120-15-deg0.jpg,114154,external_benchmark_bulk_and_generated_outputs_not_bundled
benchmark/1159846_winrhizo_validation/images/400-monocot-sim-31-1-120-15-deg0.jpg,42518,external_benchmark_bulk_and_generated_outputs_not_bundled
benchmark/1159846_winrhizo_validation/images/400-monocot-sim-32-1-120-15-deg0.jpg,62022,external_benchmark_bulk_and_generated_outputs_not_bundled
benchmark/1159846_winrhizo_validation/images/400-monocot-sim-33-1-120-15-deg0.jpg,50993,external_benchmark_bulk_and_generated_outputs_not_bundled
benchmark/1159846_winrhizo_validation/images/400-monocot-sim-34-1-120-15-deg0.jpg,149285,external_benchmark_bulk_and_generated_outputs_not_bundled
benchmark/1159846_winrhizo_validation/images/400-monocot-sim-35-1-120-15-deg0.jpg,101496,external_benchmark_bulk_and_generated_outputs_not_bundled
benchmark/1159846_winrhizo_validation/images/400-monocot-sim-36-1-120-15-deg0.jpg,36440,external_benchmark_bulk_and_generated_outputs_not_bundled
benchmark/1159846_winrhizo_validation/images/400-monocot-sim-37-1-120-15-deg0.jpg,28248,external_benchmark_bulk_and_generated_outputs_not_bundled
benchmark/1159846_winrhizo_validation/images/400-monocot-sim-38-1-120-15-deg0.jpg,127645,external_benchmark_bulk_and_generated_outputs_not_bundled
benchmark/1159846_winrhizo_validation/images/400-monocot-sim-39-1-120-15-deg0.jpg,55474,external_benchmark_bulk_and_generated_outputs_not_bundled
benchmark/1159846_winrhizo_validation/images/400-monocot-sim-4-1-120-15-deg0.jpg,56189,external_benchmark_bulk_and_generated_outputs_not_bundled
benchmark/1159846_winrhizo_validation/images/400-monocot-sim-40-1-120-15-deg0.jpg,898,external_benchmark_bulk_and_generated_outputs_not_bundled
benchmark/1159846_winrhizo_validation/images/400-monocot-sim-41-1-120-15-deg0.jpg,105351,external_benchmark_bulk_and_generated_outputs_not_bundled
benchmark/1159846_winrhizo_validation/images/400-monocot-sim-42-1-120-15-deg0.jpg,108633,external_benchmark_bulk_and_generated_outputs_not_bundled
benchmark/1159846_winrhizo_validation/images/400-monocot-sim-43-1-120-15-deg0.jpg,37131,external_benchmark_bulk_and_generated_outputs_not_bundled
benchmark/1159846_winrhizo_validation/images/400-monocot-sim-44-1-120-15-deg0.jpg,32168,external_benchmark_bulk_and_generated_outputs_not_bundled
benchmark/1159846_winrhizo_validation/images/400-monocot-sim-45-1-120-15-deg0.jpg,79916,external_benchmark_bulk_and_generated_outputs_not_bundled
benchmark/1159846_winrhizo_validation/images/400-monocot-sim-46-1-120-15-deg0.jpg,79029,external_benchmark_bulk_and_generated_outputs_not_bundled
benchmark/1159846_winrhizo_validation/images/400-monocot-sim-47-1-120-15-deg0.jpg,57311,external_benchmark_bulk_and_generated_outputs_not_bundled
benchmark/1159846_winrhizo_validation/images/400-monocot-sim-48-1-120-15-deg0.jpg,7318,external_benchmark_bulk_and_generated_outputs_not_bundled
benchmark/1159846_winrhizo_validation/images/400-monocot-sim-49-1-120-15-deg0.jpg,27787,external_benchmark_bulk_and_generated_outputs_not_bundled
benchmark/1159846_winrhizo_validation/images/400-monocot-sim-5-1-120-15-deg0.jpg,45094,external_benchmark_bulk_and_generated_outputs_not_bundled
benchmark/1159846_winrhizo_validation/images/400-monocot-sim-50-1-120-15-deg0.jpg,123303,external_benchmark_bulk_and_generated_outputs_not_bundled
benchmark/1159846_winrhizo_validation/images/400-monocot-sim-6-1-120-15-deg0.jpg,92725,external_benchmark_bulk_and_generated_outputs_not_bundled
benchmark/1159846_winrhizo_validation/images/400-monocot-sim-7-1-120-15-deg0.jpg,52681,external_benchmark_bulk_and_generated_outputs_not_bundled
benchmark/1159846_winrhizo_validation/images/400-monocot-sim-8-1-120-15-deg0.jpg,24987,external_benchmark_bulk_and_generated_outputs_not_bundled
benchmark/1159846_winrhizo_validation/images/400-monocot-sim-9-1-120-15-deg0.jpg,72069,external_benchmark_bulk_and_generated_outputs_not_bundled
benchmark/1159846_winrhizo_validation/images/600-dicot-sim-1-1-120-15-deg0.jpg,9085,external_benchmark_bulk_and_generated_outputs_not_bundled
benchmark/1159846_winrhizo_validation/images/600-dicot-sim-10-1-120-15-deg0.jpg,92166,external_benchmark_bulk_and_generated_outputs_not_bundled
benchmark/1159846_winrhizo_validation/images/600-dicot-sim-11-1-120-15-deg0.jpg,7184,external_benchmark_bulk_and_generated_outputs_not_bundled
benchmark/1159846_winrhizo_validation/images/600-dicot-sim-12-1-120-15-deg0.jpg,13303,external_benchmark_bulk_and_generated_outputs_not_bundled
benchmark/1159846_winrhizo_validation/images/600-dicot-sim-13-1-120-15-deg0.jpg,33934,external_benchmark_bulk_and_generated_outputs_not_bundled
benchmark/1159846_winrhizo_validation/images/600-dicot-sim-14-1-120-15-deg0.jpg,7344,external_benchmark_bulk_and_generated_outputs_not_bundled
benchmark/1159846_winrhizo_validation/images/600-dicot-sim-15-1-120-15-deg0.jpg,5193,external_benchmark_bulk_and_generated_outputs_not_bundled
benchmark/1159846_winrhizo_validation/images/600-dicot-sim-16-1-120-15-deg0.jpg,10907,external_benchmark_bulk_and_generated_outputs_not_bundled
benchmark/1159846_winrhizo_validation/images/600-dicot-sim-17-1-120-15-deg0.jpg,36113,external_benchmark_bulk_and_generated_outputs_not_bundled
benchmark/1159846_winrhizo_validation/images/600-dicot-sim-18-1-120-15-deg0.jpg,26317,external_benchmark_bulk_and_generated_outputs_not_bundled
benchmark/1159846_winrhizo_validation/images/600-dicot-sim-19-1-120-15-deg0.jpg,38070,external_benchmark_bulk_and_generated_outputs_not_bundled
benchmark/1159846_winrhizo_validation/images/600-dicot-sim-2-1-120-15-deg0.jpg,19428,external_benchmark_bulk_and_generated_outputs_not_bundled
benchmark/1159846_winrhizo_validation/images/600-dicot-sim-20-1-120-15-deg0.jpg,71396,external_benchmark_bulk_and_generated_outputs_not_bundled
benchmark/1159846_winrhizo_validation/images/600-dicot-sim-21-1-120-15-deg0.jpg,18858,external_benchmark_bulk_and_generated_outputs_not_bundled
benchmark/1159846_winrhizo_validation/images/600-dicot-sim-22-1-120-15-deg0.jpg,11293,external_benchmark_bulk_and_generated_outputs_not_bundled
benchmark/1159846_winrhizo_validation/images/600-dicot-sim-23-1-120-15-deg0.jpg,25423,external_benchmark_bulk_and_generated_outputs_not_bundled
benchmark/1159846_winrhizo_validation/images/600-dicot-sim-24-1-120-15-deg0.jpg,16061,external_benchmark_bulk_and_generated_outputs_not_bundled
benchmark/1159846_winrhizo_validation/images/600-dicot-sim-25-1-120-15-deg0.jpg,8104,external_benchmark_bulk_and_generated_outputs_not_bundled
benchmark/1159846_winrhizo_validation/images/600-dicot-sim-26-1-120-15-deg0.jpg,37740,external_benchmark_bulk_and_generated_outputs_not_bundled
benchmark/1159846_winrhizo_validation/images/600-dicot-sim-27-1-120-15-deg0.jpg,15676,external_benchmark_bulk_and_generated_outputs_not_bundled
benchmark/1159846_winrhizo_validation/images/600-dicot-sim-28-1-120-15-deg0.jpg,8962,external_benchmark_bulk_and_generated_outputs_not_bundled
benchmark/1159846_winrhizo_validation/images/600-dicot-sim-29-1-120-15-deg0.jpg,60548,external_benchmark_bulk_and_generated_outputs_not_bundled
benchmark/1159846_winrhizo_validation/images/600-dicot-sim-3-1-120-15-deg0.jpg,35272,external_benchmark_bulk_and_generated_outputs_not_bundled
benchmark/1159846_winrhizo_validation/images/600-dicot-sim-30-1-120-15-deg0.jpg,20399,external_benchmark_bulk_and_generated_outputs_not_bundled
benchmark/1159846_winrhizo_validation/images/600-dicot-sim-31-1-120-15-deg0.jpg,43635,external_benchmark_bulk_and_generated_outputs_not_bundled
benchmark/1159846_winrhizo_validation/images/600-dicot-sim-32-1-120-15-deg0.jpg,31513,external_benchmark_bulk_and_generated_outputs_not_bundled
benchmark/1159846_winrhizo_validation/images/600-dicot-sim-33-1-120-15-deg0.jpg,45897,external_benchmark_bulk_and_generated_outputs_not_bundled
benchmark/1159846_winrhizo_validation/images/600-dicot-sim-34-1-120-15-deg0.jpg,10828,external_benchmark_bulk_and_generated_outputs_not_bundled
benchmark/1159846_winrhizo_validation/images/600-dicot-sim-35-1-120-15-deg0.jpg,4636,external_benchmark_bulk_and_generated_outputs_not_bundled
benchmark/1159846_winrhizo_validation/images/600-dicot-sim-36-1-120-15-deg0.jpg,12711,external_benchmark_bulk_and_generated_outputs_not_bundled
benchmark/1159846_winrhizo_validation/images/600-dicot-sim-37-1-120-15-deg0.jpg,43985,external_benchmark_bulk_and_generated_outputs_not_bundled
benchmark/1159846_winrhizo_validation/images/600-dicot-sim-38-1-120-15-deg0.jpg,9971,external_benchmark_bulk_and_generated_outputs_not_bundled
benchmark/1159846_winrhizo_validation/images/600-dicot-sim-39-1-120-15-deg0.jpg,13770,external_benchmark_bulk_and_generated_outputs_not_bundled
benchmark/1159846_winrhizo_validation/images/600-dicot-sim-4-1-120-15-deg0.jpg,6439,external_benchmark_bulk_and_generated_outputs_not_bundled
benchmark/1159846_winrhizo_validation/images/600-dicot-sim-40-1-120-15-deg0.jpg,47972,external_benchmark_bulk_and_generated_outputs_not_bundled
benchmark/1159846_winrhizo_validation/images/600-dicot-sim-41-1-120-15-deg0.jpg,2064,external_benchmark_bulk_and_generated_outputs_not_bundled
benchmark/1159846_winrhizo_validation/images/600-dicot-sim-42-1-120-15-deg0.jpg,56554,external_benchmark_bulk_and_generated_outputs_not_bundled
benchmark/1159846_winrhizo_validation/images/600-dicot-sim-43-1-120-15-deg0.jpg,36983,external_benchmark_bulk_and_generated_outputs_not_bundled
benchmark/1159846_winrhizo_validation/images/600-dicot-sim-44-1-120-15-deg0.jpg,15125,external_benchmark_bulk_and_generated_outputs_not_bundled
benchmark/1159846_winrhizo_validation/images/600-dicot-sim-45-1-120-15-deg0.jpg,20975,external_benchmark_bulk_and_generated_outputs_not_bundled
benchmark/1159846_winrhizo_validation/images/600-dicot-sim-46-1-120-15-deg0.jpg,43820,external_benchmark_bulk_and_generated_outputs_not_bundled
benchmark/1159846_winrhizo_validation/images/600-dicot-sim-47-1-120-15-deg0.jpg,39299,external_benchmark_bulk_and_generated_outputs_not_bundled
benchmark/1159846_winrhizo_validation/images/600-dicot-sim-48-1-120-15-deg0.jpg,66926,external_benchmark_bulk_and_generated_outputs_not_bundled
benchmark/1159846_winrhizo_validation/images/600-dicot-sim-49-1-120-15-deg0.jpg,14629,external_benchmark_bulk_and_generated_outputs_not_bundled
benchmark/1159846_winrhizo_validation/images/600-dicot-sim-5-1-120-15-deg0.jpg,40756,external_benchmark_bulk_and_generated_outputs_not_bundled
benchmark/1159846_winrhizo_validation/images/600-dicot-sim-50-1-120-15-deg0.jpg,58727,external_benchmark_bulk_and_generated_outputs_not_bundled
benchmark/1159846_winrhizo_validation/images/600-dicot-sim-6-1-120-15-deg0.jpg,13541,external_benchmark_bulk_and_generated_outputs_not_bundled
benchmark/1159846_winrhizo_validation/images/600-dicot-sim-7-1-120-15-deg0.jpg,18690,external_benchmark_bulk_and_generated_outputs_not_bundled
benchmark/1159846_winrhizo_validation/images/600-dicot-sim-8-1-120-15-deg0.jpg,63985,external_benchmark_bulk_and_generated_outputs_not_bundled
benchmark/1159846_winrhizo_validation/images/600-dicot-sim-9-1-120-15-deg0.jpg,27530,external_benchmark_bulk_and_generated_outputs_not_bundled
benchmark/1159846_winrhizo_validation/images/600-monocot-sim-1-1-120-15-deg0.jpg,61217,external_benchmark_bulk_and_generated_outputs_not_bundled
benchmark/1159846_winrhizo_validation/images/600-monocot-sim-10-1-120-15-deg0.jpg,29790,external_benchmark_bulk_and_generated_outputs_not_bundled
benchmark/1159846_winrhizo_validation/images/600-monocot-sim-11-1-120-15-deg0.jpg,154530,external_benchmark_bulk_and_generated_outputs_not_bundled
benchmark/1159846_winrhizo_validation/images/600-monocot-sim-12-1-120-15-deg0.jpg,103576,external_benchmark_bulk_and_generated_outputs_not_bundled
benchmark/1159846_winrhizo_validation/images/600-monocot-sim-13-1-120-15-deg0.jpg,27215,external_benchmark_bulk_and_generated_outputs_not_bundled
benchmark/1159846_winrhizo_validation/images/600-monocot-sim-14-1-120-15-deg0.jpg,232574,external_benchmark_bulk_and_generated_outputs_not_bundled
benchmark/1159846_winrhizo_validation/images/600-monocot-sim-15-1-120-15-deg0.jpg,133418,external_benchmark_bulk_and_generated_outputs_not_bundled
benchmark/1159846_winrhizo_validation/images/600-monocot-sim-16-1-120-15-deg0.jpg,40741,external_benchmark_bulk_and_generated_outputs_not_bundled
benchmark/1159846_winrhizo_validation/images/600-monocot-sim-17-1-120-15-deg0.jpg,123797,external_benchmark_bulk_and_generated_outputs_not_bundled
benchmark/1159846_winrhizo_validation/images/600-monocot-sim-18-1-120-15-deg0.jpg,50813,external_benchmark_bulk_and_generated_outputs_not_bundled
benchmark/1159846_winrhizo_validation/images/600-monocot-sim-19-1-120-15-deg0.jpg,67361,external_benchmark_bulk_and_generated_outputs_not_bundled
benchmark/1159846_winrhizo_validation/images/600-monocot-sim-2-1-120-15-deg0.jpg,46169,external_benchmark_bulk_and_generated_outputs_not_bundled
benchmark/1159846_winrhizo_validation/images/600-monocot-sim-20-1-120-15-deg0.jpg,70126,external_benchmark_bulk_and_generated_outputs_not_bundled
benchmark/1159846_winrhizo_validation/images/600-monocot-sim-21-1-120-15-deg0.jpg,250232,external_benchmark_bulk_and_generated_outputs_not_bundled
benchmark/1159846_winrhizo_validation/images/600-monocot-sim-22-1-120-15-deg0.jpg,15531,external_benchmark_bulk_and_generated_outputs_not_bundled
benchmark/1159846_winrhizo_validation/images/600-monocot-sim-23-1-120-15-deg0.jpg,277937,external_benchmark_bulk_and_generated_outputs_not_bundled
benchmark/1159846_winrhizo_validation/images/600-monocot-sim-24-1-120-15-deg0.jpg,121267,external_benchmark_bulk_and_generated_outputs_not_bundled
benchmark/1159846_winrhizo_validation/images/600-monocot-sim-25-1-120-15-deg0.jpg,55218,external_benchmark_bulk_and_generated_outputs_not_bundled
benchmark/1159846_winrhizo_validation/images/600-monocot-sim-26-1-120-15-deg0.jpg,125976,external_benchmark_bulk_and_generated_outputs_not_bundled
benchmark/1159846_winrhizo_validation/images/600-monocot-sim-27-1-120-15-deg0.jpg,179108,external_benchmark_bulk_and_generated_outputs_not_bundled
benchmark/1159846_winrhizo_validation/images/600-monocot-sim-28-1-120-15-deg0.jpg,83718,external_benchmark_bulk_and_generated_outputs_not_bundled
benchmark/1159846_winrhizo_validation/images/600-monocot-sim-29-1-120-15-deg0.jpg,129997,external_benchmark_bulk_and_generated_outputs_not_bundled
benchmark/1159846_winrhizo_validation/images/600-monocot-sim-3-1-120-15-deg0.jpg,77094,external_benchmark_bulk_and_generated_outputs_not_bundled
benchmark/1159846_winrhizo_validation/images/600-monocot-sim-30-1-120-15-deg0.jpg,213692,external_benchmark_bulk_and_generated_outputs_not_bundled
benchmark/1159846_winrhizo_validation/images/600-monocot-sim-31-1-120-15-deg0.jpg,80945,external_benchmark_bulk_and_generated_outputs_not_bundled
benchmark/1159846_winrhizo_validation/images/600-monocot-sim-32-1-120-15-deg0.jpg,115929,external_benchmark_bulk_and_generated_outputs_not_bundled
benchmark/1159846_winrhizo_validation/images/600-monocot-sim-33-1-120-15-deg0.jpg,91401,external_benchmark_bulk_and_generated_outputs_not_bundled
benchmark/1159846_winrhizo_validation/images/600-monocot-sim-34-1-120-15-deg0.jpg,287728,external_benchmark_bulk_and_generated_outputs_not_bundled
benchmark/1159846_winrhizo_validation/images/600-monocot-sim-35-1-120-15-deg0.jpg,190880,external_benchmark_bulk_and_generated_outputs_not_bundled
benchmark/1159846_winrhizo_validation/images/600-monocot-sim-36-1-120-15-deg0.jpg,70092,external_benchmark_bulk_and_generated_outputs_not_bundled
benchmark/1159846_winrhizo_validation/images/600-monocot-sim-37-1-120-15-deg0.jpg,54154,external_benchmark_bulk_and_generated_outputs_not_bundled
benchmark/1159846_winrhizo_validation/images/600-monocot-sim-38-1-120-15-deg0.jpg,241050,external_benchmark_bulk_and_generated_outputs_not_bundled
benchmark/1159846_winrhizo_validation/images/600-monocot-sim-39-1-120-15-deg0.jpg,105487,external_benchmark_bulk_and_generated_outputs_not_bundled
benchmark/1159846_winrhizo_validation/images/600-monocot-sim-4-1-120-15-deg0.jpg,105836,external_benchmark_bulk_and_generated_outputs_not_bundled
benchmark/1159846_winrhizo_validation/images/600-monocot-sim-40-1-120-15-deg0.jpg,1336,external_benchmark_bulk_and_generated_outputs_not_bundled
benchmark/1159846_winrhizo_validation/images/600-monocot-sim-41-1-120-15-deg0.jpg,196884,external_benchmark_bulk_and_generated_outputs_not_bundled
benchmark/1159846_winrhizo_validation/images/600-monocot-sim-42-1-120-15-deg0.jpg,212637,external_benchmark_bulk_and_generated_outputs_not_bundled
benchmark/1159846_winrhizo_validation/images/600-monocot-sim-43-1-120-15-deg0.jpg,72661,external_benchmark_bulk_and_generated_outputs_not_bundled
benchmark/1159846_winrhizo_validation/images/600-monocot-sim-44-1-120-15-deg0.jpg,61626,external_benchmark_bulk_and_generated_outputs_not_bundled
benchmark/1159846_winrhizo_validation/images/600-monocot-sim-45-1-120-15-deg0.jpg,150936,external_benchmark_bulk_and_generated_outputs_not_bundled
benchmark/1159846_winrhizo_validation/images/600-monocot-sim-46-1-120-15-deg0.jpg,153167,external_benchmark_bulk_and_generated_outputs_not_bundled
benchmark/1159846_winrhizo_validation/images/600-monocot-sim-47-1-120-15-deg0.jpg,108675,external_benchmark_bulk_and_generated_outputs_not_bundled
benchmark/1159846_winrhizo_validation/images/600-monocot-sim-48-1-120-15-deg0.jpg,14707,external_benchmark_bulk_and_generated_outputs_not_bundled
benchmark/1159846_winrhizo_validation/images/600-monocot-sim-49-1-120-15-deg0.jpg,53191,external_benchmark_bulk_and_generated_outputs_not_bundled
benchmark/1159846_winrhizo_validation/images/600-monocot-sim-5-1-120-15-deg0.jpg,84462,external_benchmark_bulk_and_generated_outputs_not_bundled
benchmark/1159846_winrhizo_validation/images/600-monocot-sim-50-1-120-15-deg0.jpg,228732,external_benchmark_bulk_and_generated_outputs_not_bundled
benchmark/1159846_winrhizo_validation/images/600-monocot-sim-6-1-120-15-deg0.jpg,173828,external_benchmark_bulk_and_generated_outputs_not_bundled
benchmark/1159846_winrhizo_validation/images/600-monocot-sim-7-1-120-15-deg0.jpg,97540,external_benchmark_bulk_and_generated_outputs_not_bundled
benchmark/1159846_winrhizo_validation/images/600-monocot-sim-8-1-120-15-deg0.jpg,47853,external_benchmark_bulk_and_generated_outputs_not_bundled
benchmark/1159846_winrhizo_validation/images/600-monocot-sim-9-1-120-15-deg0.jpg,132718,external_benchmark_bulk_and_generated_outputs_not_bundled
benchmark/1159846_winrhizo_validation/images/800-dicot-sim-1-1-120-15-deg0.jpg,14213,external_benchmark_bulk_and_generated_outputs_not_bundled
benchmark/1159846_winrhizo_validation/images/800-dicot-sim-10-1-120-15-deg0.jpg,143039,external_benchmark_bulk_and_generated_outputs_not_bundled
benchmark/1159846_winrhizo_validation/images/800-dicot-sim-11-1-120-15-deg0.jpg,11056,external_benchmark_bulk_and_generated_outputs_not_bundled
benchmark/1159846_winrhizo_validation/images/800-dicot-sim-12-1-120-15-deg0.jpg,20831,external_benchmark_bulk_and_generated_outputs_not_bundled
benchmark/1159846_winrhizo_validation/images/800-dicot-sim-13-1-120-15-deg0.jpg,55307,external_benchmark_bulk_and_generated_outputs_not_bundled
benchmark/1159846_winrhizo_validation/images/800-dicot-sim-14-1-120-15-deg0.jpg,11536,external_benchmark_bulk_and_generated_outputs_not_bundled
benchmark/1159846_winrhizo_validation/images/800-dicot-sim-15-1-120-15-deg0.jpg,7530,external_benchmark_bulk_and_generated_outputs_not_bundled
benchmark/1159846_winrhizo_validation/images/800-dicot-sim-16-1-120-15-deg0.jpg,17241,external_benchmark_bulk_and_generated_outputs_not_bundled
benchmark/1159846_winrhizo_validation/images/800-dicot-sim-17-1-120-15-deg0.jpg,56961,external_benchmark_bulk_and_generated_outputs_not_bundled
benchmark/1159846_winrhizo_validation/images/800-dicot-sim-18-1-120-15-deg0.jpg,39195,external_benchmark_bulk_and_generated_outputs_not_bundled
benchmark/1159846_winrhizo_validation/images/800-dicot-sim-19-1-120-15-deg0.jpg,58325,external_benchmark_bulk_and_generated_outputs_not_bundled
benchmark/1159846_winrhizo_validation/images/800-dicot-sim-2-1-120-15-deg0.jpg,30615,external_benchmark_bulk_and_generated_outputs_not_bundled
benchmark/1159846_winrhizo_validation/images/800-dicot-sim-20-1-120-15-deg0.jpg,112217,external_benchmark_bulk_and_generated_outputs_not_bundled
benchmark/1159846_winrhizo_validation/images/800-dicot-sim-21-1-120-15-deg0.jpg,30018,external_benchmark_bulk_and_generated_outputs_not_bundled
benchmark/1159846_winrhizo_validation/images/800-dicot-sim-22-1-120-15-deg0.jpg,16891,external_benchmark_bulk_and_generated_outputs_not_bundled
benchmark/1159846_winrhizo_validation/images/800-dicot-sim-23-1-120-15-deg0.jpg,38178,external_benchmark_bulk_and_generated_outputs_not_bundled
benchmark/1159846_winrhizo_validation/images/800-dicot-sim-24-1-120-15-deg0.jpg,25827,external_benchmark_bulk_and_generated_outputs_not_bundled
benchmark/1159846_winrhizo_validation/images/800-dicot-sim-25-1-120-15-deg0.jpg,12374,external_benchmark_bulk_and_generated_outputs_not_bundled
benchmark/1159846_winrhizo_validation/images/800-dicot-sim-26-1-120-15-deg0.jpg,59001,external_benchmark_bulk_and_generated_outputs_not_bundled
benchmark/1159846_winrhizo_validation/images/800-dicot-sim-27-1-120-15-deg0.jpg,25559,external_benchmark_bulk_and_generated_outputs_not_bundled
benchmark/1159846_winrhizo_validation/images/800-dicot-sim-28-1-120-15-deg0.jpg,14880,external_benchmark_bulk_and_generated_outputs_not_bundled
benchmark/1159846_winrhizo_validation/images/800-dicot-sim-29-1-120-15-deg0.jpg,97736,external_benchmark_bulk_and_generated_outputs_not_bundled
benchmark/1159846_winrhizo_validation/images/800-dicot-sim-3-1-120-15-deg0.jpg,55575,external_benchmark_bulk_and_generated_outputs_not_bundled
benchmark/1159846_winrhizo_validation/images/800-dicot-sim-30-1-120-15-deg0.jpg,29969,external_benchmark_bulk_and_generated_outputs_not_bundled
benchmark/1159846_winrhizo_validation/images/800-dicot-sim-31-1-120-15-deg0.jpg,67479,external_benchmark_bulk_and_generated_outputs_not_bundled
benchmark/1159846_winrhizo_validation/images/800-dicot-sim-32-1-120-15-deg0.jpg,49318,external_benchmark_bulk_and_generated_outputs_not_bundled
benchmark/1159846_winrhizo_validation/images/800-dicot-sim-33-1-120-15-deg0.jpg,73724,external_benchmark_bulk_and_generated_outputs_not_bundled
benchmark/1159846_winrhizo_validation/images/800-dicot-sim-34-1-120-15-deg0.jpg,17671,external_benchmark_bulk_and_generated_outputs_not_bundled
benchmark/1159846_winrhizo_validation/images/800-dicot-sim-35-1-120-15-deg0.jpg,6001,external_benchmark_bulk_and_generated_outputs_not_bundled
benchmark/1159846_winrhizo_validation/images/800-dicot-sim-36-1-120-15-deg0.jpg,22528,external_benchmark_bulk_and_generated_outputs_not_bundled
benchmark/1159846_winrhizo_validation/images/800-dicot-sim-37-1-120-15-deg0.jpg,68400,external_benchmark_bulk_and_generated_outputs_not_bundled
benchmark/1159846_winrhizo_validation/images/800-dicot-sim-38-1-120-15-deg0.jpg,15523,external_benchmark_bulk_and_generated_outputs_not_bundled
benchmark/1159846_winrhizo_validation/images/800-dicot-sim-39-1-120-15-deg0.jpg,22901,external_benchmark_bulk_and_generated_outputs_not_bundled
benchmark/1159846_winrhizo_validation/images/800-dicot-sim-4-1-120-15-deg0.jpg,9811,external_benchmark_bulk_and_generated_outputs_not_bundled
benchmark/1159846_winrhizo_validation/images/800-dicot-sim-40-1-120-15-deg0.jpg,73818,external_benchmark_bulk_and_generated_outputs_not_bundled
benchmark/1159846_winrhizo_validation/images/800-dicot-sim-41-1-120-15-deg0.jpg,2904,external_benchmark_bulk_and_generated_outputs_not_bundled
benchmark/1159846_winrhizo_validation/images/800-dicot-sim-42-1-120-15-deg0.jpg,90750,external_benchmark_bulk_and_generated_outputs_not_bundled
benchmark/1159846_winrhizo_validation/images/800-dicot-sim-43-1-120-15-deg0.jpg,60016,external_benchmark_bulk_and_generated_outputs_not_bundled
benchmark/1159846_winrhizo_validation/images/800-dicot-sim-44-1-120-15-deg0.jpg,24654,external_benchmark_bulk_and_generated_outputs_not_bundled
benchmark/1159846_winrhizo_validation/images/800-dicot-sim-45-1-120-15-deg0.jpg,35127,external_benchmark_bulk_and_generated_outputs_not_bundled
benchmark/1159846_winrhizo_validation/images/800-dicot-sim-46-1-120-15-deg0.jpg,67947,external_benchmark_bulk_and_generated_outputs_not_bundled
benchmark/1159846_winrhizo_validation/images/800-dicot-sim-47-1-120-15-deg0.jpg,61513,external_benchmark_bulk_and_generated_outputs_not_bundled
benchmark/1159846_winrhizo_validation/images/800-dicot-sim-48-1-120-15-deg0.jpg,105313,external_benchmark_bulk_and_generated_outputs_not_bundled
benchmark/1159846_winrhizo_validation/images/800-dicot-sim-49-1-120-15-deg0.jpg,22432,external_benchmark_bulk_and_generated_outputs_not_bundled
benchmark/1159846_winrhizo_validation/images/800-dicot-sim-5-1-120-15-deg0.jpg,64719,external_benchmark_bulk_and_generated_outputs_not_bundled
benchmark/1159846_winrhizo_validation/images/800-dicot-sim-50-1-120-15-deg0.jpg,92120,external_benchmark_bulk_and_generated_outputs_not_bundled
benchmark/1159846_winrhizo_validation/images/800-dicot-sim-6-1-120-15-deg0.jpg,22386,external_benchmark_bulk_and_generated_outputs_not_bundled
benchmark/1159846_winrhizo_validation/images/800-dicot-sim-7-1-120-15-deg0.jpg,30808,external_benchmark_bulk_and_generated_outputs_not_bundled
benchmark/1159846_winrhizo_validation/images/800-dicot-sim-8-1-120-15-deg0.jpg,102873,external_benchmark_bulk_and_generated_outputs_not_bundled
benchmark/1159846_winrhizo_validation/images/800-dicot-sim-9-1-120-15-deg0.jpg,42880,external_benchmark_bulk_and_generated_outputs_not_bundled
benchmark/1159846_winrhizo_validation/images/800-monocot-sim-1-1-120-15-deg0.jpg,96704,external_benchmark_bulk_and_generated_outputs_not_bundled
benchmark/1159846_winrhizo_validation/images/800-monocot-sim-10-1-120-15-deg0.jpg,46925,external_benchmark_bulk_and_generated_outputs_not_bundled
benchmark/1159846_winrhizo_validation/images/800-monocot-sim-11-1-120-15-deg0.jpg,240762,external_benchmark_bulk_and_generated_outputs_not_bundled
benchmark/1159846_winrhizo_validation/images/800-monocot-sim-12-1-120-15-deg0.jpg,163381,external_benchmark_bulk_and_generated_outputs_not_bundled
benchmark/1159846_winrhizo_validation/images/800-monocot-sim-13-1-120-15-deg0.jpg,43425,external_benchmark_bulk_and_generated_outputs_not_bundled
benchmark/1159846_winrhizo_validation/images/800-monocot-sim-14-1-120-15-deg0.jpg,374557,external_benchmark_bulk_and_generated_outputs_not_bundled
benchmark/1159846_winrhizo_validation/images/800-monocot-sim-15-1-120-15-deg0.jpg,212802,external_benchmark_bulk_and_generated_outputs_not_bundled
benchmark/1159846_winrhizo_validation/images/800-monocot-sim-16-1-120-15-deg0.jpg,63638,external_benchmark_bulk_and_generated_outputs_not_bundled
benchmark/1159846_winrhizo_validation/images/800-monocot-sim-17-1-120-15-deg0.jpg,198546,external_benchmark_bulk_and_generated_outputs_not_bundled
benchmark/1159846_winrhizo_validation/images/800-monocot-sim-18-1-120-15-deg0.jpg,79442,external_benchmark_bulk_and_generated_outputs_not_bundled
benchmark/1159846_winrhizo_validation/images/800-monocot-sim-19-1-120-15-deg0.jpg,113488,external_benchmark_bulk_and_generated_outputs_not_bundled
benchmark/1159846_winrhizo_validation/images/800-monocot-sim-2-1-120-15-deg0.jpg,74982,external_benchmark_bulk_and_generated_outputs_not_bundled
benchmark/1159846_winrhizo_validation/images/800-monocot-sim-20-1-120-15-deg0.jpg,113008,external_benchmark_bulk_and_generated_outputs_not_bundled
benchmark/1159846_winrhizo_validation/images/800-monocot-sim-21-1-120-15-deg0.jpg,396080,external_benchmark_bulk_and_generated_outputs_not_bundled
benchmark/1159846_winrhizo_validation/images/800-monocot-sim-22-1-120-15-deg0.jpg,23792,external_benchmark_bulk_and_generated_outputs_not_bundled
benchmark/1159846_winrhizo_validation/images/800-monocot-sim-23-1-120-15-deg0.jpg,443202,external_benchmark_bulk_and_generated_outputs_not_bundled
benchmark/1159846_winrhizo_validation/images/800-monocot-sim-24-1-120-15-deg0.jpg,190801,external_benchmark_bulk_and_generated_outputs_not_bundled
benchmark/1159846_winrhizo_validation/images/800-monocot-sim-25-1-120-15-deg0.jpg,87531,external_benchmark_bulk_and_generated_outputs_not_bundled
benchmark/1159846_winrhizo_validation/images/800-monocot-sim-26-1-120-15-deg0.jpg,199282,external_benchmark_bulk_and_generated_outputs_not_bundled
benchmark/1159846_winrhizo_validation/images/800-monocot-sim-27-1-120-15-deg0.jpg,289295,external_benchmark_bulk_and_generated_outputs_not_bundled
benchmark/1159846_winrhizo_validation/images/800-monocot-sim-28-1-120-15-deg0.jpg,133721,external_benchmark_bulk_and_generated_outputs_not_bundled
benchmark/1159846_winrhizo_validation/images/800-monocot-sim-29-1-120-15-deg0.jpg,205897,external_benchmark_bulk_and_generated_outputs_not_bundled
benchmark/1159846_winrhizo_validation/images/800-monocot-sim-3-1-120-15-deg0.jpg,121703,external_benchmark_bulk_and_generated_outputs_not_bundled
benchmark/1159846_winrhizo_validation/images/800-monocot-sim-30-1-120-15-deg0.jpg,337523,external_benchmark_bulk_and_generated_outputs_not_bundled
benchmark/1159846_winrhizo_validation/images/800-monocot-sim-31-1-120-15-deg0.jpg,132081,external_benchmark_bulk_and_generated_outputs_not_bundled
benchmark/1159846_winrhizo_validation/images/800-monocot-sim-32-1-120-15-deg0.jpg,185359,external_benchmark_bulk_and_generated_outputs_not_bundled
benchmark/1159846_winrhizo_validation/images/800-monocot-sim-33-1-120-15-deg0.jpg,149719,external_benchmark_bulk_and_generated_outputs_not_bundled
benchmark/1159846_winrhizo_validation/images/800-monocot-sim-34-1-120-15-deg0.jpg,459501,external_benchmark_bulk_and_generated_outputs_not_bundled
benchmark/1159846_winrhizo_validation/images/800-monocot-sim-35-1-120-15-deg0.jpg,301806,external_benchmark_bulk_and_generated_outputs_not_bundled
benchmark/1159846_winrhizo_validation/images/800-monocot-sim-36-1-120-15-deg0.jpg,113136,external_benchmark_bulk_and_generated_outputs_not_bundled
benchmark/1159846_winrhizo_validation/images/800-monocot-sim-37-1-120-15-deg0.jpg,87839,external_benchmark_bulk_and_generated_outputs_not_bundled
benchmark/1159846_winrhizo_validation/images/800-monocot-sim-38-1-120-15-deg0.jpg,385046,external_benchmark_bulk_and_generated_outputs_not_bundled
benchmark/1159846_winrhizo_validation/images/800-monocot-sim-39-1-120-15-deg0.jpg,167612,external_benchmark_bulk_and_generated_outputs_not_bundled
benchmark/1159846_winrhizo_validation/images/800-monocot-sim-4-1-120-15-deg0.jpg,169152,external_benchmark_bulk_and_generated_outputs_not_bundled
benchmark/1159846_winrhizo_validation/images/800-monocot-sim-40-1-120-15-deg0.jpg,2183,external_benchmark_bulk_and_generated_outputs_not_bundled
benchmark/1159846_winrhizo_validation/images/800-monocot-sim-41-1-120-15-deg0.jpg,309491,external_benchmark_bulk_and_generated_outputs_not_bundled
benchmark/1159846_winrhizo_validation/images/800-monocot-sim-42-1-120-15-deg0.jpg,343962,external_benchmark_bulk_and_generated_outputs_not_bundled
benchmark/1159846_winrhizo_validation/images/800-monocot-sim-43-1-120-15-deg0.jpg,120072,external_benchmark_bulk_and_generated_outputs_not_bundled
benchmark/1159846_winrhizo_validation/images/800-monocot-sim-44-1-120-15-deg0.jpg,100663,external_benchmark_bulk_and_generated_outputs_not_bundled
benchmark/1159846_winrhizo_validation/images/800-monocot-sim-45-1-120-15-deg0.jpg,241555,external_benchmark_bulk_and_generated_outputs_not_bundled
benchmark/1159846_winrhizo_validation/images/800-monocot-sim-46-1-120-15-deg0.jpg,248270,external_benchmark_bulk_and_generated_outputs_not_bundled
benchmark/1159846_winrhizo_validation/images/800-monocot-sim-47-1-120-15-deg0.jpg,176280,external_benchmark_bulk_and_generated_outputs_not_bundled
benchmark/1159846_winrhizo_validation/images/800-monocot-sim-48-1-120-15-deg0.jpg,22725,external_benchmark_bulk_and_generated_outputs_not_bundled
benchmark/1159846_winrhizo_validation/images/800-monocot-sim-49-1-120-15-deg0.jpg,86855,external_benchmark_bulk_and_generated_outputs_not_bundled
benchmark/1159846_winrhizo_validation/images/800-monocot-sim-5-1-120-15-deg0.jpg,134262,external_benchmark_bulk_and_generated_outputs_not_bundled
benchmark/1159846_winrhizo_validation/images/800-monocot-sim-50-1-120-15-deg0.jpg,362392,external_benchmark_bulk_and_generated_outputs_not_bundled
benchmark/1159846_winrhizo_validation/images/800-monocot-sim-6-1-120-15-deg0.jpg,275634,external_benchmark_bulk_and_generated_outputs_not_bundled
benchmark/1159846_winrhizo_validation/images/800-monocot-sim-7-1-120-15-deg0.jpg,154838,external_benchmark_bulk_and_generated_outputs_not_bundled
benchmark/1159846_winrhizo_validation/images/800-monocot-sim-8-1-120-15-deg0.jpg,76906,external_benchmark_bulk_and_generated_outputs_not_bundled
benchmark/1159846_winrhizo_validation/images/800-monocot-sim-9-1-120-15-deg0.jpg,210712,external_benchmark_bulk_and_generated_outputs_not_bundled
benchmark/1159846_winrhizo_validation/images.zip,34672403,external_benchmark_bulk_and_generated_outputs_not_bundled
benchmark/1159846_winrhizo_validation/Plots_1200.R,33453,external_benchmark_bulk_and_generated_outputs_not_bundled
benchmark/1159846_winrhizo_validation/rsml/dicot-sim-1-1-120-15.rsml,7587,external_benchmark_bulk_and_generated_outputs_not_bundled
benchmark/1159846_winrhizo_validation/rsml/dicot-sim-10-1-120-15.rsml,29836,external_benchmark_bulk_and_generated_outputs_not_bundled
benchmark/1159846_winrhizo_validation/rsml/dicot-sim-11-1-120-15.rsml,5284,external_benchmark_bulk_and_generated_outputs_not_bundled
benchmark/1159846_winrhizo_validation/rsml/dicot-sim-12-1-120-15.rsml,7950,external_benchmark_bulk_and_generated_outputs_not_bundled
benchmark/1159846_winrhizo_validation/rsml/dicot-sim-13-1-120-15.rsml,11332,external_benchmark_bulk_and_generated_outputs_not_bundled
benchmark/1159846_winrhizo_validation/rsml/dicot-sim-14-1-120-15.rsml,7158,external_benchmark_bulk_and_generated_outputs_not_bundled
benchmark/1159846_winrhizo_validation/rsml/dicot-sim-15-1-120-15.rsml,4917,external_benchmark_bulk_and_generated_outputs_not_bundled
benchmark/1159846_winrhizo_validation/rsml/dicot-sim-16-1-120-15.rsml,7016,external_benchmark_bulk_and_generated_outputs_not_bundled
benchmark/1159846_winrhizo_validation/rsml/dicot-sim-17-1-120-15.rsml,11123,external_benchmark_bulk_and_generated_outputs_not_bundled
benchmark/1159846_winrhizo_validation/rsml/dicot-sim-18-1-120-15.rsml,16252,external_benchmark_bulk_and_generated_outputs_not_bundled
benchmark/1159846_winrhizo_validation/rsml/dicot-sim-19-1-120-15.rsml,14427,external_benchmark_bulk_and_generated_outputs_not_bundled
benchmark/1159846_winrhizo_validation/rsml/dicot-sim-2-1-120-15.rsml,7728,external_benchmark_bulk_and_generated_outputs_not_bundled
benchmark/1159846_winrhizo_validation/rsml/dicot-sim-20-1-120-15.rsml,20464,external_benchmark_bulk_and_generated_outputs_not_bundled
benchmark/1159846_winrhizo_validation/rsml/dicot-sim-21-1-120-15.rsml,10767,external_benchmark_bulk_and_generated_outputs_not_bundled
benchmark/1159846_winrhizo_validation/rsml/dicot-sim-22-1-120-15.rsml,8458,external_benchmark_bulk_and_generated_outputs_not_bundled
benchmark/1159846_winrhizo_validation/rsml/dicot-sim-23-1-120-15.rsml,14656,external_benchmark_bulk_and_generated_outputs_not_bundled
benchmark/1159846_winrhizo_validation/rsml/dicot-sim-24-1-120-15.rsml,6789,external_benchmark_bulk_and_generated_outputs_not_bundled
benchmark/1159846_winrhizo_validation/rsml/dicot-sim-25-1-120-15.rsml,6220,external_benchmark_bulk_and_generated_outputs_not_bundled
benchmark/1159846_winrhizo_validation/rsml/dicot-sim-26-1-120-15.rsml,17030,external_benchmark_bulk_and_generated_outputs_not_bundled
benchmark/1159846_winrhizo_validation/rsml/dicot-sim-27-1-120-15.rsml,11280,external_benchmark_bulk_and_generated_outputs_not_bundled
benchmark/1159846_winrhizo_validation/rsml/dicot-sim-28-1-120-15.rsml,9262,external_benchmark_bulk_and_generated_outputs_not_bundled
benchmark/1159846_winrhizo_validation/rsml/dicot-sim-29-1-120-15.rsml,14231,external_benchmark_bulk_and_generated_outputs_not_bundled
benchmark/1159846_winrhizo_validation/rsml/dicot-sim-3-1-120-15.rsml,11495,external_benchmark_bulk_and_generated_outputs_not_bundled
benchmark/1159846_winrhizo_validation/rsml/dicot-sim-30-1-120-15.rsml,11415,external_benchmark_bulk_and_generated_outputs_not_bundled
benchmark/1159846_winrhizo_validation/rsml/dicot-sim-31-1-120-15.rsml,16157,external_benchmark_bulk_and_generated_outputs_not_bundled
benchmark/1159846_winrhizo_validation/rsml/dicot-sim-32-1-120-15.rsml,18630,external_benchmark_bulk_and_generated_outputs_not_bundled
benchmark/1159846_winrhizo_validation/rsml/dicot-sim-33-1-120-15.rsml,10198,external_benchmark_bulk_and_generated_outputs_not_bundled
benchmark/1159846_winrhizo_validation/rsml/dicot-sim-34-1-120-15.rsml,6281,external_benchmark_bulk_and_generated_outputs_not_bundled
benchmark/1159846_winrhizo_validation/rsml/dicot-sim-35-1-120-15.rsml,4996,external_benchmark_bulk_and_generated_outputs_not_bundled
benchmark/1159846_winrhizo_validation/rsml/dicot-sim-36-1-120-15.rsml,8744,external_benchmark_bulk_and_generated_outputs_not_bundled
benchmark/1159846_winrhizo_validation/rsml/dicot-sim-37-1-120-15.rsml,19789,external_benchmark_bulk_and_generated_outputs_not_bundled
benchmark/1159846_winrhizo_validation/rsml/dicot-sim-38-1-120-15.rsml,7731,external_benchmark_bulk_and_generated_outputs_not_bundled
benchmark/1159846_winrhizo_validation/rsml/dicot-sim-39-1-120-15.rsml,7949,external_benchmark_bulk_and_generated_outputs_not_bundled
benchmark/1159846_winrhizo_validation/rsml/dicot-sim-4-1-120-15.rsml,6222,external_benchmark_bulk_and_generated_outputs_not_bundled
benchmark/1159846_winrhizo_validation/rsml/dicot-sim-40-1-120-15.rsml,19391,external_benchmark_bulk_and_generated_outputs_not_bundled
benchmark/1159846_winrhizo_validation/rsml/dicot-sim-41-1-120-15.rsml,3923,external_benchmark_bulk_and_generated_outputs_not_bundled
benchmark/1159846_winrhizo_validation/rsml/dicot-sim-42-1-120-15.rsml,15996,external_benchmark_bulk_and_generated_outputs_not_bundled
benchmark/1159846_winrhizo_validation/rsml/dicot-sim-43-1-120-15.rsml,14427,external_benchmark_bulk_and_generated_outputs_not_bundled
benchmark/1159846_winrhizo_validation/rsml/dicot-sim-44-1-120-15.rsml,7017,external_benchmark_bulk_and_generated_outputs_not_bundled
benchmark/1159846_winrhizo_validation/rsml/dicot-sim-45-1-120-15.rsml,10115,external_benchmark_bulk_and_generated_outputs_not_bundled
benchmark/1159846_winrhizo_validation/rsml/dicot-sim-46-1-120-15.rsml,22373,external_benchmark_bulk_and_generated_outputs_not_bundled
benchmark/1159846_winrhizo_validation/rsml/dicot-sim-47-1-120-15.rsml,16529,external_benchmark_bulk_and_generated_outputs_not_bundled
benchmark/1159846_winrhizo_validation/rsml/dicot-sim-48-1-120-15.rsml,31186,external_benchmark_bulk_and_generated_outputs_not_bundled
benchmark/1159846_winrhizo_validation/rsml/dicot-sim-49-1-120-15.rsml,10541,external_benchmark_bulk_and_generated_outputs_not_bundled
benchmark/1159846_winrhizo_validation/rsml/dicot-sim-5-1-120-15.rsml,17689,external_benchmark_bulk_and_generated_outputs_not_bundled
benchmark/1159846_winrhizo_validation/rsml/dicot-sim-50-1-120-15.rsml,26117,external_benchmark_bulk_and_generated_outputs_not_bundled
benchmark/1159846_winrhizo_validation/rsml/dicot-sim-6-1-120-15.rsml,7873,external_benchmark_bulk_and_generated_outputs_not_bundled
benchmark/1159846_winrhizo_validation/rsml/dicot-sim-7-1-120-15.rsml,12068,external_benchmark_bulk_and_generated_outputs_not_bundled
benchmark/1159846_winrhizo_validation/rsml/dicot-sim-8-1-120-15.rsml,22724,external_benchmark_bulk_and_generated_outputs_not_bundled
benchmark/1159846_winrhizo_validation/rsml/dicot-sim-9-1-120-15.rsml,15019,external_benchmark_bulk_and_generated_outputs_not_bundled
benchmark/1159846_winrhizo_validation/rsml/monocot-sim-1-1-120-15.rsml,28582,external_benchmark_bulk_and_generated_outputs_not_bundled
benchmark/1159846_winrhizo_validation/rsml/monocot-sim-10-1-120-15.rsml,11180,external_benchmark_bulk_and_generated_outputs_not_bundled
benchmark/1159846_winrhizo_validation/rsml/monocot-sim-11-1-120-15.rsml,59632,external_benchmark_bulk_and_generated_outputs_not_bundled
benchmark/1159846_winrhizo_validation/rsml/monocot-sim-12-1-120-15.rsml,43126,external_benchmark_bulk_and_generated_outputs_not_bundled
benchmark/1159846_winrhizo_validation/rsml/monocot-sim-13-1-120-15.rsml,10775,external_benchmark_bulk_and_generated_outputs_not_bundled
benchmark/1159846_winrhizo_validation/rsml/monocot-sim-14-1-120-15.rsml,160638,external_benchmark_bulk_and_generated_outputs_not_bundled
benchmark/1159846_winrhizo_validation/rsml/monocot-sim-15-1-120-15.rsml,40825,external_benchmark_bulk_and_generated_outputs_not_bundled
benchmark/1159846_winrhizo_validation/rsml/monocot-sim-16-1-120-15.rsml,15817,external_benchmark_bulk_and_generated_outputs_not_bundled
benchmark/1159846_winrhizo_validation/rsml/monocot-sim-17-1-120-15.rsml,45409,external_benchmark_bulk_and_generated_outputs_not_bundled
benchmark/1159846_winrhizo_validation/rsml/monocot-sim-18-1-120-15.rsml,21063,external_benchmark_bulk_and_generated_outputs_not_bundled
benchmark/1159846_winrhizo_validation/rsml/monocot-sim-19-1-120-15.rsml,16138,external_benchmark_bulk_and_generated_outputs_not_bundled
benchmark/1159846_winrhizo_validation/rsml/monocot-sim-2-1-120-15.rsml,11612,external_benchmark_bulk_and_generated_outputs_not_bundled
benchmark/1159846_winrhizo_validation/rsml/monocot-sim-20-1-120-15.rsml,22190,external_benchmark_bulk_and_generated_outputs_not_bundled
benchmark/1159846_winrhizo_validation/rsml/monocot-sim-21-1-120-15.rsml,139385,external_benchmark_bulk_and_generated_outputs_not_bundled
benchmark/1159846_winrhizo_validation/rsml/monocot-sim-22-1-120-15.rsml,9266,external_benchmark_bulk_and_generated_outputs_not_bundled
benchmark/1159846_winrhizo_validation/rsml/monocot-sim-23-1-120-15.rsml,136986,external_benchmark_bulk_and_generated_outputs_not_bundled
benchmark/1159846_winrhizo_validation/rsml/monocot-sim-24-1-120-15.rsml,72508,external_benchmark_bulk_and_generated_outputs_not_bundled
benchmark/1159846_winrhizo_validation/rsml/monocot-sim-25-1-120-15.rsml,22252,external_benchmark_bulk_and_generated_outputs_not_bundled
benchmark/1159846_winrhizo_validation/rsml/monocot-sim-26-1-120-15.rsml,51377,external_benchmark_bulk_and_generated_outputs_not_bundled
benchmark/1159846_winrhizo_validation/rsml/monocot-sim-27-1-120-15.rsml,63722,external_benchmark_bulk_and_generated_outputs_not_bundled
benchmark/1159846_winrhizo_validation/rsml/monocot-sim-28-1-120-15.rsml,41126,external_benchmark_bulk_and_generated_outputs_not_bundled
benchmark/1159846_winrhizo_validation/rsml/monocot-sim-29-1-120-15.rsml,77293,external_benchmark_bulk_and_generated_outputs_not_bundled
benchmark/1159846_winrhizo_validation/rsml/monocot-sim-3-1-120-15.rsml,31834,external_benchmark_bulk_and_generated_outputs_not_bundled
benchmark/1159846_winrhizo_validation/rsml/monocot-sim-30-1-120-15.rsml,90786,external_benchmark_bulk_and_generated_outputs_not_bundled
benchmark/1159846_winrhizo_validation/rsml/monocot-sim-31-1-120-15.rsml,21698,external_benchmark_bulk_and_generated_outputs_not_bundled
benchmark/1159846_winrhizo_validation/rsml/monocot-sim-32-1-120-15.rsml,44231,external_benchmark_bulk_and_generated_outputs_not_bundled
benchmark/1159846_winrhizo_validation/rsml/monocot-sim-33-1-120-15.rsml,38786,external_benchmark_bulk_and_generated_outputs_not_bundled
benchmark/1159846_winrhizo_validation/rsml/monocot-sim-34-1-120-15.rsml,244098,external_benchmark_bulk_and_generated_outputs_not_bundled
benchmark/1159846_winrhizo_validation/rsml/monocot-sim-35-1-120-15.rsml,92329,external_benchmark_bulk_and_generated_outputs_not_bundled
benchmark/1159846_winrhizo_validation/rsml/monocot-sim-36-1-120-15.rsml,32792,external_benchmark_bulk_and_generated_outputs_not_bundled
benchmark/1159846_winrhizo_validation/rsml/monocot-sim-37-1-120-15.rsml,16458,external_benchmark_bulk_and_generated_outputs_not_bundled
benchmark/1159846_winrhizo_validation/rsml/monocot-sim-38-1-120-15.rsml,129708,external_benchmark_bulk_and_generated_outputs_not_bundled
benchmark/1159846_winrhizo_validation/rsml/monocot-sim-39-1-120-15.rsml,41029,external_benchmark_bulk_and_generated_outputs_not_bundled
benchmark/1159846_winrhizo_validation/rsml/monocot-sim-4-1-120-15.rsml,31886,external_benchmark_bulk_and_generated_outputs_not_bundled
benchmark/1159846_winrhizo_validation/rsml/monocot-sim-40-1-120-15.rsml,3348,external_benchmark_bulk_and_generated_outputs_not_bundled
benchmark/1159846_winrhizo_validation/rsml/monocot-sim-41-1-120-15.rsml,117740,external_benchmark_bulk_and_generated_outputs_not_bundled
benchmark/1159846_winrhizo_validation/rsml/monocot-sim-42-1-120-15.rsml,65905,external_benchmark_bulk_and_generated_outputs_not_bundled
benchmark/1159846_winrhizo_validation/rsml/monocot-sim-43-1-120-15.rsml,13251,external_benchmark_bulk_and_generated_outputs_not_bundled
benchmark/1159846_winrhizo_validation/rsml/monocot-sim-44-1-120-15.rsml,18032,external_benchmark_bulk_and_generated_outputs_not_bundled
benchmark/1159846_winrhizo_validation/rsml/monocot-sim-45-1-120-15.rsml,43741,external_benchmark_bulk_and_generated_outputs_not_bundled
benchmark/1159846_winrhizo_validation/rsml/monocot-sim-46-1-120-15.rsml,31155,external_benchmark_bulk_and_generated_outputs_not_bundled
benchmark/1159846_winrhizo_validation/rsml/monocot-sim-47-1-120-15.rsml,31115,external_benchmark_bulk_and_generated_outputs_not_bundled
benchmark/1159846_winrhizo_validation/rsml/monocot-sim-48-1-120-15.rsml,10059,external_benchmark_bulk_and_generated_outputs_not_bundled
benchmark/1159846_winrhizo_validation/rsml/monocot-sim-49-1-120-15.rsml,13640,external_benchmark_bulk_and_generated_outputs_not_bundled
benchmark/1159846_winrhizo_validation/rsml/monocot-sim-5-1-120-15.rsml,43295,external_benchmark_bulk_and_generated_outputs_not_bundled
benchmark/1159846_winrhizo_validation/rsml/monocot-sim-50-1-120-15.rsml,145582,external_benchmark_bulk_and_generated_outputs_not_bundled
benchmark/1159846_winrhizo_validation/rsml/monocot-sim-6-1-120-15.rsml,70667,external_benchmark_bulk_and_generated_outputs_not_bundled
benchmark/1159846_winrhizo_validation/rsml/monocot-sim-7-1-120-15.rsml,31694,external_benchmark_bulk_and_generated_outputs_not_bundled
benchmark/1159846_winrhizo_validation/rsml/monocot-sim-8-1-120-15.rsml,15524,external_benchmark_bulk_and_generated_outputs_not_bundled
benchmark/1159846_winrhizo_validation/rsml/monocot-sim-9-1-120-15.rsml,57811,external_benchmark_bulk_and_generated_outputs_not_bundled
benchmark/1159846_winrhizo_validation/rsml.zip,426439,external_benchmark_bulk_and_generated_outputs_not_bundled
benchmark/1159846_winrhizo_validation/Script_upload_1200_automatic.R,9322,external_benchmark_bulk_and_generated_outputs_not_bundled
benchmark/1159846_winrhizo_validation/Script_upload_1200_fixed.R,17229,external_benchmark_bulk_and_generated_outputs_not_bundled
benchmark/1159846_winrhizo_validation/Script_upload_400_automatic.R,8635,external_benchmark_bulk_and_generated_outputs_not_bundled
benchmark/1159846_winrhizo_validation/Script_upload_600_automatic.R,8618,external_benchmark_bulk_and_generated_outputs_not_bundled
benchmark/1159846_winrhizo_validation/Script_upload_800_automatic.R,8684,external_benchmark_bulk_and_generated_outputs_not_bundled
benchmark/1159846_winrhizo_validation/Script_upload_800_fixed.R,8643,external_benchmark_bulk_and_generated_outputs_not_bundled
benchmark/1159846_winrhizo_validation/validation_output/error_stats_multiscale.csv,2205,external_benchmark_bulk_and_generated_outputs_not_bundled
benchmark/1159846_winrhizo_validation/validation_output/error_stats_multiscale_v2.csv,2348,external_benchmark_bulk_and_generated_outputs_not_bundled
benchmark/1159846_winrhizo_validation/validation_output/figure_winrhizo_multiscale.png,412381,external_benchmark_bulk_and_generated_outputs_not_bundled
benchmark/1159846_winrhizo_validation/validation_output/figure_winrhizo_multiscale_v2.pdf,98273,external_benchmark_bulk_and_generated_outputs_not_bundled
benchmark/1159846_winrhizo_validation/validation_output/figure_winrhizo_multiscale_v2.png,1418072,external_benchmark_bulk_and_generated_outputs_not_bundled
benchmark/1159846_winrhizo_validation/validation_output/make_figure_v2.py,9550,external_benchmark_bulk_and_generated_outputs_not_bundled
benchmark/1159846_winrhizo_validation/validation_output/measurements_multiscale.csv,149764,external_benchmark_bulk_and_generated_outputs_not_bundled
benchmark/1159846_winrhizo_validation/validation_output/merged_multiscale.csv,271390,external_benchmark_bulk_and_generated_outputs_not_bundled
benchmark/1159846_winrhizo_validation/validation_output/processed_multiscale/binary/dpi1200_dicot-sim-1-1-120-15.png,10482,external_benchmark_bulk_and_generated_outputs_not_bundled
benchmark/1159846_winrhizo_validation/validation_output/processed_multiscale/binary/dpi1200_dicot-sim-10-1-120-15.png,55821,external_benchmark_bulk_and_generated_outputs_not_bundled
benchmark/1159846_winrhizo_validation/validation_output/processed_multiscale/binary/dpi1200_dicot-sim-11-1-120-15.png,6856,external_benchmark_bulk_and_generated_outputs_not_bundled
benchmark/1159846_winrhizo_validation/validation_output/processed_multiscale/binary/dpi1200_dicot-sim-12-1-120-15.png,10818,external_benchmark_bulk_and_generated_outputs_not_bundled
benchmark/1159846_winrhizo_validation/validation_output/processed_multiscale/binary/dpi1200_dicot-sim-13-1-120-15.png,21010,external_benchmark_bulk_and_generated_outputs_not_bundled
benchmark/1159846_winrhizo_validation/validation_output/processed_multiscale/binary/dpi1200_dicot-sim-14-1-120-15.png,8995,external_benchmark_bulk_and_generated_outputs_not_bundled
benchmark/1159846_winrhizo_validation/validation_output/processed_multiscale/binary/dpi1200_dicot-sim-15-1-120-15.png,4614,external_benchmark_bulk_and_generated_outputs_not_bundled
benchmark/1159846_winrhizo_validation/validation_output/processed_multiscale/binary/dpi1200_dicot-sim-16-1-120-15.png,9601,external_benchmark_bulk_and_generated_outputs_not_bundled
benchmark/1159846_winrhizo_validation/validation_output/processed_multiscale/binary/dpi1200_dicot-sim-17-1-120-15.png,22357,external_benchmark_bulk_and_generated_outputs_not_bundled
benchmark/1159846_winrhizo_validation/validation_output/processed_multiscale/binary/dpi1200_dicot-sim-18-1-120-15.png,20950,external_benchmark_bulk_and_generated_outputs_not_bundled
benchmark/1159846_winrhizo_validation/validation_output/processed_multiscale/binary/dpi1200_dicot-sim-19-1-120-15.png,24771,external_benchmark_bulk_and_generated_outputs_not_bundled
benchmark/1159846_winrhizo_validation/validation_output/processed_multiscale/binary/dpi1200_dicot-sim-2-1-120-15.png,14204,external_benchmark_bulk_and_generated_outputs_not_bundled
benchmark/1159846_winrhizo_validation/validation_output/processed_multiscale/binary/dpi1200_dicot-sim-20-1-120-15.png,42779,external_benchmark_bulk_and_generated_outputs_not_bundled
benchmark/1159846_winrhizo_validation/validation_output/processed_multiscale/binary/dpi1200_dicot-sim-21-1-120-15.png,15176,external_benchmark_bulk_and_generated_outputs_not_bundled
benchmark/1159846_winrhizo_validation/validation_output/processed_multiscale/binary/dpi1200_dicot-sim-22-1-120-15.png,10047,external_benchmark_bulk_and_generated_outputs_not_bundled
benchmark/1159846_winrhizo_validation/validation_output/processed_multiscale/binary/dpi1200_dicot-sim-23-1-120-15.png,20078,external_benchmark_bulk_and_generated_outputs_not_bundled
benchmark/1159846_winrhizo_validation/validation_output/processed_multiscale/binary/dpi1200_dicot-sim-24-1-120-15.png,12946,external_benchmark_bulk_and_generated_outputs_not_bundled
benchmark/1159846_winrhizo_validation/validation_output/processed_multiscale/binary/dpi1200_dicot-sim-25-1-120-15.png,8210,external_benchmark_bulk_and_generated_outputs_not_bundled
benchmark/1159846_winrhizo_validation/validation_output/processed_multiscale/binary/dpi1200_dicot-sim-26-1-120-15.png,24730,external_benchmark_bulk_and_generated_outputs_not_bundled
benchmark/1159846_winrhizo_validation/validation_output/processed_multiscale/binary/dpi1200_dicot-sim-27-1-120-15.png,14012,external_benchmark_bulk_and_generated_outputs_not_bundled
benchmark/1159846_winrhizo_validation/validation_output/processed_multiscale/binary/dpi1200_dicot-sim-28-1-120-15.png,9819,external_benchmark_bulk_and_generated_outputs_not_bundled
benchmark/1159846_winrhizo_validation/validation_output/processed_multiscale/binary/dpi1200_dicot-sim-29-1-120-15.png,33829,external_benchmark_bulk_and_generated_outputs_not_bundled
benchmark/1159846_winrhizo_validation/validation_output/processed_multiscale/binary/dpi1200_dicot-sim-3-1-120-15.png,22369,external_benchmark_bulk_and_generated_outputs_not_bundled
benchmark/1159846_winrhizo_validation/validation_output/processed_multiscale/binary/dpi1200_dicot-sim-30-1-120-15.png,16017,external_benchmark_bulk_and_generated_outputs_not_bundled
benchmark/1159846_winrhizo_validation/validation_output/processed_multiscale/binary/dpi1200_dicot-sim-31-1-120-15.png,28301,external_benchmark_bulk_and_generated_outputs_not_bundled
benchmark/1159846_winrhizo_validation/validation_output/processed_multiscale/binary/dpi1200_dicot-sim-32-1-120-15.png,23354,external_benchmark_bulk_and_generated_outputs_not_bundled
benchmark/1159846_winrhizo_validation/validation_output/processed_multiscale/binary/dpi1200_dicot-sim-33-1-120-15.png,25017,external_benchmark_bulk_and_generated_outputs_not_bundled
benchmark/1159846_winrhizo_validation/validation_output/processed_multiscale/binary/dpi1200_dicot-sim-34-1-120-15.png,11166,external_benchmark_bulk_and_generated_outputs_not_bundled
benchmark/1159846_winrhizo_validation/validation_output/processed_multiscale/binary/dpi1200_dicot-sim-35-1-120-15.png,4924,external_benchmark_bulk_and_generated_outputs_not_bundled
benchmark/1159846_winrhizo_validation/validation_output/processed_multiscale/binary/dpi1200_dicot-sim-36-1-120-15.png,11356,external_benchmark_bulk_and_generated_outputs_not_bundled
benchmark/1159846_winrhizo_validation/validation_output/processed_multiscale/binary/dpi1200_dicot-sim-37-1-120-15.png,26180,external_benchmark_bulk_and_generated_outputs_not_bundled
benchmark/1159846_winrhizo_validation/validation_output/processed_multiscale/binary/dpi1200_dicot-sim-38-1-120-15.png,11785,external_benchmark_bulk_and_generated_outputs_not_bundled
benchmark/1159846_winrhizo_validation/validation_output/processed_multiscale/binary/dpi1200_dicot-sim-39-1-120-15.png,11698,external_benchmark_bulk_and_generated_outputs_not_bundled
benchmark/1159846_winrhizo_validation/validation_output/processed_multiscale/binary/dpi1200_dicot-sim-4-1-120-15.png,7154,external_benchmark_bulk_and_generated_outputs_not_bundled
benchmark/1159846_winrhizo_validation/validation_output/processed_multiscale/binary/dpi1200_dicot-sim-40-1-120-15.png,30447,external_benchmark_bulk_and_generated_outputs_not_bundled
benchmark/1159846_winrhizo_validation/validation_output/processed_multiscale/binary/dpi1200_dicot-sim-41-1-120-15.png,2433,external_benchmark_bulk_and_generated_outputs_not_bundled
benchmark/1159846_winrhizo_validation/validation_output/processed_multiscale/binary/dpi1200_dicot-sim-42-1-120-15.png,33537,external_benchmark_bulk_and_generated_outputs_not_bundled
benchmark/1159846_winrhizo_validation/validation_output/processed_multiscale/binary/dpi1200_dicot-sim-43-1-120-15.png,22180,external_benchmark_bulk_and_generated_outputs_not_bundled
benchmark/1159846_winrhizo_validation/validation_output/processed_multiscale/binary/dpi1200_dicot-sim-44-1-120-15.png,10936,external_benchmark_bulk_and_generated_outputs_not_bundled
benchmark/1159846_winrhizo_validation/validation_output/processed_multiscale/binary/dpi1200_dicot-sim-45-1-120-15.png,15320,external_benchmark_bulk_and_generated_outputs_not_bundled
benchmark/1159846_winrhizo_validation/validation_output/processed_multiscale/binary/dpi1200_dicot-sim-46-1-120-15.png,29171,external_benchmark_bulk_and_generated_outputs_not_bundled
benchmark/1159846_winrhizo_validation/validation_output/processed_multiscale/binary/dpi1200_dicot-sim-47-1-120-15.png,23537,external_benchmark_bulk_and_generated_outputs_not_bundled
benchmark/1159846_winrhizo_validation/validation_output/processed_multiscale/binary/dpi1200_dicot-sim-48-1-120-15.png,38189,external_benchmark_bulk_and_generated_outputs_not_bundled
benchmark/1159846_winrhizo_validation/validation_output/processed_multiscale/binary/dpi1200_dicot-sim-49-1-120-15.png,15021,external_benchmark_bulk_and_generated_outputs_not_bundled
benchmark/1159846_winrhizo_validation/validation_output/processed_multiscale/binary/dpi1200_dicot-sim-5-1-120-15.png,26474,external_benchmark_bulk_and_generated_outputs_not_bundled
benchmark/1159846_winrhizo_validation/validation_output/processed_multiscale/binary/dpi1200_dicot-sim-50-1-120-15.png,34854,external_benchmark_bulk_and_generated_outputs_not_bundled
benchmark/1159846_winrhizo_validation/validation_output/processed_multiscale/binary/dpi1200_dicot-sim-6-1-120-15.png,13017,external_benchmark_bulk_and_generated_outputs_not_bundled
benchmark/1159846_winrhizo_validation/validation_output/processed_multiscale/binary/dpi1200_dicot-sim-7-1-120-15.png,15480,external_benchmark_bulk_and_generated_outputs_not_bundled
benchmark/1159846_winrhizo_validation/validation_output/processed_multiscale/binary/dpi1200_dicot-sim-8-1-120-15.png,37842,external_benchmark_bulk_and_generated_outputs_not_bundled
benchmark/1159846_winrhizo_validation/validation_output/processed_multiscale/binary/dpi1200_dicot-sim-9-1-120-15.png,18825,external_benchmark_bulk_and_generated_outputs_not_bundled
benchmark/1159846_winrhizo_validation/validation_output/processed_multiscale/binary/dpi1200_monocot-sim-1-1-120-15.png,31415,external_benchmark_bulk_and_generated_outputs_not_bundled
benchmark/1159846_winrhizo_validation/validation_output/processed_multiscale/binary/dpi1200_monocot-sim-10-1-120-15.png,15926,external_benchmark_bulk_and_generated_outputs_not_bundled
benchmark/1159846_winrhizo_validation/validation_output/processed_multiscale/binary/dpi1200_monocot-sim-11-1-120-15.png,73232,external_benchmark_bulk_and_generated_outputs_not_bundled
benchmark/1159846_winrhizo_validation/validation_output/processed_multiscale/binary/dpi1200_monocot-sim-12-1-120-15.png,52343,external_benchmark_bulk_and_generated_outputs_not_bundled
benchmark/1159846_winrhizo_validation/validation_output/processed_multiscale/binary/dpi1200_monocot-sim-13-1-120-15.png,16877,external_benchmark_bulk_and_generated_outputs_not_bundled
benchmark/1159846_winrhizo_validation/validation_output/processed_multiscale/binary/dpi1200_monocot-sim-14-1-120-15.png,122846,external_benchmark_bulk_and_generated_outputs_not_bundled
benchmark/1159846_winrhizo_validation/validation_output/processed_multiscale/binary/dpi1200_monocot-sim-15-1-120-15.png,66453,external_benchmark_bulk_and_generated_outputs_not_bundled
benchmark/1159846_winrhizo_validation/validation_output/processed_multiscale/binary/dpi1200_monocot-sim-16-1-120-15.png,23744,external_benchmark_bulk_and_generated_outputs_not_bundled
benchmark/1159846_winrhizo_validation/validation_output/processed_multiscale/binary/dpi1200_monocot-sim-17-1-120-15.png,56301,external_benchmark_bulk_and_generated_outputs_not_bundled
benchmark/1159846_winrhizo_validation/validation_output/processed_multiscale/binary/dpi1200_monocot-sim-18-1-120-15.png,26046,external_benchmark_bulk_and_generated_outputs_not_bundled
benchmark/1159846_winrhizo_validation/validation_output/processed_multiscale/binary/dpi1200_monocot-sim-19-1-120-15.png,33954,external_benchmark_bulk_and_generated_outputs_not_bundled
benchmark/1159846_winrhizo_validation/validation_output/processed_multiscale/binary/dpi1200_monocot-sim-2-1-120-15.png,24691,external_benchmark_bulk_and_generated_outputs_not_bundled
benchmark/1159846_winrhizo_validation/validation_output/processed_multiscale/binary/dpi1200_monocot-sim-20-1-120-15.png,35673,external_benchmark_bulk_and_generated_outputs_not_bundled
benchmark/1159846_winrhizo_validation/validation_output/processed_multiscale/binary/dpi1200_monocot-sim-21-1-120-15.png,119759,external_benchmark_bulk_and_generated_outputs_not_bundled
benchmark/1159846_winrhizo_validation/validation_output/processed_multiscale/binary/dpi1200_monocot-sim-22-1-120-15.png,11888,external_benchmark_bulk_and_generated_outputs_not_bundled
benchmark/1159846_winrhizo_validation/validation_output/processed_multiscale/binary/dpi1200_monocot-sim-23-1-120-15.png,142427,external_benchmark_bulk_and_generated_outputs_not_bundled
benchmark/1159846_winrhizo_validation/validation_output/processed_multiscale/binary/dpi1200_monocot-sim-24-1-120-15.png,67258,external_benchmark_bulk_and_generated_outputs_not_bundled
benchmark/1159846_winrhizo_validation/validation_output/processed_multiscale/binary/dpi1200_monocot-sim-25-1-120-15.png,30693,external_benchmark_bulk_and_generated_outputs_not_bundled
benchmark/1159846_winrhizo_validation/validation_output/processed_multiscale/binary/dpi1200_monocot-sim-26-1-120-15.png,63481,external_benchmark_bulk_and_generated_outputs_not_bundled
benchmark/1159846_winrhizo_validation/validation_output/processed_multiscale/binary/dpi1200_monocot-sim-27-1-120-15.png,84736,external_benchmark_bulk_and_generated_outputs_not_bundled
benchmark/1159846_winrhizo_validation/validation_output/processed_multiscale/binary/dpi1200_monocot-sim-28-1-120-15.png,45620,external_benchmark_bulk_and_generated_outputs_not_bundled
benchmark/1159846_winrhizo_validation/validation_output/processed_multiscale/binary/dpi1200_monocot-sim-29-1-120-15.png,62942,external_benchmark_bulk_and_generated_outputs_not_bundled
benchmark/1159846_winrhizo_validation/validation_output/processed_multiscale/binary/dpi1200_monocot-sim-3-1-120-15.png,43214,external_benchmark_bulk_and_generated_outputs_not_bundled
benchmark/1159846_winrhizo_validation/validation_output/processed_multiscale/binary/dpi1200_monocot-sim-30-1-120-15.png,108899,external_benchmark_bulk_and_generated_outputs_not_bundled
benchmark/1159846_winrhizo_validation/validation_output/processed_multiscale/binary/dpi1200_monocot-sim-31-1-120-15.png,41406,external_benchmark_bulk_and_generated_outputs_not_bundled
benchmark/1159846_winrhizo_validation/validation_output/processed_multiscale/binary/dpi1200_monocot-sim-32-1-120-15.png,58969,external_benchmark_bulk_and_generated_outputs_not_bundled
benchmark/1159846_winrhizo_validation/validation_output/processed_multiscale/binary/dpi1200_monocot-sim-33-1-120-15.png,47162,external_benchmark_bulk_and_generated_outputs_not_bundled
benchmark/1159846_winrhizo_validation/validation_output/processed_multiscale/binary/dpi1200_monocot-sim-34-1-120-15.png,155984,external_benchmark_bulk_and_generated_outputs_not_bundled
benchmark/1159846_winrhizo_validation/validation_output/processed_multiscale/binary/dpi1200_monocot-sim-35-1-120-15.png,93382,external_benchmark_bulk_and_generated_outputs_not_bundled
benchmark/1159846_winrhizo_validation/validation_output/processed_multiscale/binary/dpi1200_monocot-sim-36-1-120-15.png,35334,external_benchmark_bulk_and_generated_outputs_not_bundled
benchmark/1159846_winrhizo_validation/validation_output/processed_multiscale/binary/dpi1200_monocot-sim-37-1-120-15.png,30847,external_benchmark_bulk_and_generated_outputs_not_bundled
benchmark/1159846_winrhizo_validation/validation_output/processed_multiscale/binary/dpi1200_monocot-sim-38-1-120-15.png,121407,external_benchmark_bulk_and_generated_outputs_not_bundled
benchmark/1159846_winrhizo_validation/validation_output/processed_multiscale/binary/dpi1200_monocot-sim-39-1-120-15.png,52194,external_benchmark_bulk_and_generated_outputs_not_bundled
benchmark/1159846_winrhizo_validation/validation_output/processed_multiscale/binary/dpi1200_monocot-sim-4-1-120-15.png,49986,external_benchmark_bulk_and_generated_outputs_not_bundled
benchmark/1159846_winrhizo_validation/validation_output/processed_multiscale/binary/dpi1200_monocot-sim-40-1-120-15.png,1504,external_benchmark_bulk_and_generated_outputs_not_bundled
benchmark/1159846_winrhizo_validation/validation_output/processed_multiscale/binary/dpi1200_monocot-sim-41-1-120-15.png,100558,external_benchmark_bulk_and_generated_outputs_not_bundled
benchmark/1159846_winrhizo_validation/validation_output/processed_multiscale/binary/dpi1200_monocot-sim-42-1-120-15.png,95505,external_benchmark_bulk_and_generated_outputs_not_bundled
benchmark/1159846_winrhizo_validation/validation_output/processed_multiscale/binary/dpi1200_monocot-sim-43-1-120-15.png,36432,external_benchmark_bulk_and_generated_outputs_not_bundled
benchmark/1159846_winrhizo_validation/validation_output/processed_multiscale/binary/dpi1200_monocot-sim-44-1-120-15.png,32848,external_benchmark_bulk_and_generated_outputs_not_bundled
benchmark/1159846_winrhizo_validation/validation_output/processed_multiscale/binary/dpi1200_monocot-sim-45-1-120-15.png,75403,external_benchmark_bulk_and_generated_outputs_not_bundled
benchmark/1159846_winrhizo_validation/validation_output/processed_multiscale/binary/dpi1200_monocot-sim-46-1-120-15.png,68748,external_benchmark_bulk_and_generated_outputs_not_bundled
benchmark/1159846_winrhizo_validation/validation_output/processed_multiscale/binary/dpi1200_monocot-sim-47-1-120-15.png,50594,external_benchmark_bulk_and_generated_outputs_not_bundled
benchmark/1159846_winrhizo_validation/validation_output/processed_multiscale/binary/dpi1200_monocot-sim-48-1-120-15.png,10949,external_benchmark_bulk_and_generated_outputs_not_bundled
benchmark/1159846_winrhizo_validation/validation_output/processed_multiscale/binary/dpi1200_monocot-sim-49-1-120-15.png,26736,external_benchmark_bulk_and_generated_outputs_not_bundled
benchmark/1159846_winrhizo_validation/validation_output/processed_multiscale/binary/dpi1200_monocot-sim-5-1-120-15.png,46294,external_benchmark_bulk_and_generated_outputs_not_bundled
benchmark/1159846_winrhizo_validation/validation_output/processed_multiscale/binary/dpi1200_monocot-sim-50-1-120-15.png,111516,external_benchmark_bulk_and_generated_outputs_not_bundled
benchmark/1159846_winrhizo_validation/validation_output/processed_multiscale/binary/dpi1200_monocot-sim-6-1-120-15.png,86687,external_benchmark_bulk_and_generated_outputs_not_bundled
benchmark/1159846_winrhizo_validation/validation_output/processed_multiscale/binary/dpi1200_monocot-sim-7-1-120-15.png,49399,external_benchmark_bulk_and_generated_outputs_not_bundled
benchmark/1159846_winrhizo_validation/validation_output/processed_multiscale/binary/dpi1200_monocot-sim-8-1-120-15.png,27911,external_benchmark_bulk_and_generated_outputs_not_bundled
benchmark/1159846_winrhizo_validation/validation_output/processed_multiscale/binary/dpi1200_monocot-sim-9-1-120-15.png,68286,external_benchmark_bulk_and_generated_outputs_not_bundled
benchmark/1159846_winrhizo_validation/validation_output/processed_multiscale/binary/dpi200_dicot-sim-1-1-120-15.png,399,external_benchmark_bulk_and_generated_outputs_not_bundled
benchmark/1159846_winrhizo_validation/validation_output/processed_multiscale/binary/dpi200_dicot-sim-10-1-120-15.png,5199,external_benchmark_bulk_and_generated_outputs_not_bundled
benchmark/1159846_winrhizo_validation/validation_output/processed_multiscale/binary/dpi200_dicot-sim-11-1-120-15.png,291,external_benchmark_bulk_and_generated_outputs_not_bundled
benchmark/1159846_winrhizo_validation/validation_output/processed_multiscale/binary/dpi200_dicot-sim-12-1-120-15.png,851,external_benchmark_bulk_and_generated_outputs_not_bundled
benchmark/1159846_winrhizo_validation/validation_output/processed_multiscale/binary/dpi200_dicot-sim-13-1-120-15.png,1956,external_benchmark_bulk_and_generated_outputs_not_bundled
benchmark/1159846_winrhizo_validation/validation_output/processed_multiscale/binary/dpi200_dicot-sim-14-1-120-15.png,284,external_benchmark_bulk_and_generated_outputs_not_bundled
benchmark/1159846_winrhizo_validation/validation_output/processed_multiscale/binary/dpi200_dicot-sim-15-1-120-15.png,266,external_benchmark_bulk_and_generated_outputs_not_bundled
benchmark/1159846_winrhizo_validation/validation_output/processed_multiscale/binary/dpi200_dicot-sim-16-1-120-15.png,501,external_benchmark_bulk_and_generated_outputs_not_bundled
benchmark/1159846_winrhizo_validation/validation_output/processed_multiscale/binary/dpi200_dicot-sim-17-1-120-15.png,2072,external_benchmark_bulk_and_generated_outputs_not_bundled
benchmark/1159846_winrhizo_validation/validation_output/processed_multiscale/binary/dpi200_dicot-sim-18-1-120-15.png,1523,external_benchmark_bulk_and_generated_outputs_not_bundled
benchmark/1159846_winrhizo_validation/validation_output/processed_multiscale/binary/dpi200_dicot-sim-19-1-120-15.png,2515,external_benchmark_bulk_and_generated_outputs_not_bundled
benchmark/1159846_winrhizo_validation/validation_output/processed_multiscale/binary/dpi200_dicot-sim-2-1-120-15.png,906,external_benchmark_bulk_and_generated_outputs_not_bundled
benchmark/1159846_winrhizo_validation/validation_output/processed_multiscale/binary/dpi200_dicot-sim-20-1-120-15.png,4193,external_benchmark_bulk_and_generated_outputs_not_bundled
benchmark/1159846_winrhizo_validation/validation_output/processed_multiscale/binary/dpi200_dicot-sim-21-1-120-15.png,1218,external_benchmark_bulk_and_generated_outputs_not_bundled
benchmark/1159846_winrhizo_validation/validation_output/processed_multiscale/binary/dpi200_dicot-sim-22-1-120-15.png,680,external_benchmark_bulk_and_generated_outputs_not_bundled
benchmark/1159846_winrhizo_validation/validation_output/processed_multiscale/binary/dpi200_dicot-sim-23-1-120-15.png,1484,external_benchmark_bulk_and_generated_outputs_not_bundled
benchmark/1159846_winrhizo_validation/validation_output/processed_multiscale/binary/dpi200_dicot-sim-24-1-120-15.png,741,external_benchmark_bulk_and_generated_outputs_not_bundled
benchmark/1159846_winrhizo_validation/validation_output/processed_multiscale/binary/dpi200_dicot-sim-25-1-120-15.png,288,external_benchmark_bulk_and_generated_outputs_not_bundled
benchmark/1159846_winrhizo_validation/validation_output/processed_multiscale/binary/dpi200_dicot-sim-26-1-120-15.png,2560,external_benchmark_bulk_and_generated_outputs_not_bundled
benchmark/1159846_winrhizo_validation/validation_output/processed_multiscale/binary/dpi200_dicot-sim-27-1-120-15.png,914,external_benchmark_bulk_and_generated_outputs_not_bundled
benchmark/1159846_winrhizo_validation/validation_output/processed_multiscale/binary/dpi200_dicot-sim-28-1-120-15.png,407,external_benchmark_bulk_and_generated_outputs_not_bundled
benchmark/1159846_winrhizo_validation/validation_output/processed_multiscale/binary/dpi200_dicot-sim-29-1-120-15.png,3594,external_benchmark_bulk_and_generated_outputs_not_bundled
benchmark/1159846_winrhizo_validation/validation_output/processed_multiscale/binary/dpi200_dicot-sim-3-1-120-15.png,2110,external_benchmark_bulk_and_generated_outputs_not_bundled
benchmark/1159846_winrhizo_validation/validation_output/processed_multiscale/binary/dpi200_dicot-sim-30-1-120-15.png,1256,external_benchmark_bulk_and_generated_outputs_not_bundled
benchmark/1159846_winrhizo_validation/validation_output/processed_multiscale/binary/dpi200_dicot-sim-31-1-120-15.png,2820,external_benchmark_bulk_and_generated_outputs_not_bundled
benchmark/1159846_winrhizo_validation/validation_output/processed_multiscale/binary/dpi200_dicot-sim-32-1-120-15.png,1686,external_benchmark_bulk_and_generated_outputs_not_bundled
benchmark/1159846_winrhizo_validation/validation_output/processed_multiscale/binary/dpi200_dicot-sim-33-1-120-15.png,2648,external_benchmark_bulk_and_generated_outputs_not_bundled
benchmark/1159846_winrhizo_validation/validation_output/processed_multiscale/binary/dpi200_dicot-sim-34-1-120-15.png,408,external_benchmark_bulk_and_generated_outputs_not_bundled
benchmark/1159846_winrhizo_validation/validation_output/processed_multiscale/binary/dpi200_dicot-sim-35-1-120-15.png,197,external_benchmark_bulk_and_generated_outputs_not_bundled
benchmark/1159846_winrhizo_validation/validation_output/processed_multiscale/binary/dpi200_dicot-sim-36-1-120-15.png,839,external_benchmark_bulk_and_generated_outputs_not_bundled
benchmark/1159846_winrhizo_validation/validation_output/processed_multiscale/binary/dpi200_dicot-sim-37-1-120-15.png,2598,external_benchmark_bulk_and_generated_outputs_not_bundled
benchmark/1159846_winrhizo_validation/validation_output/processed_multiscale/binary/dpi200_dicot-sim-38-1-120-15.png,447,external_benchmark_bulk_and_generated_outputs_not_bundled
benchmark/1159846_winrhizo_validation/validation_output/processed_multiscale/binary/dpi200_dicot-sim-39-1-120-15.png,642,external_benchmark_bulk_and_generated_outputs_not_bundled
benchmark/1159846_winrhizo_validation/validation_output/processed_multiscale/binary/dpi200_dicot-sim-4-1-120-15.png,284,external_benchmark_bulk_and_generated_outputs_not_bundled
benchmark/1159846_winrhizo_validation/validation_output/processed_multiscale/binary/dpi200_dicot-sim-40-1-120-15.png,2746,external_benchmark_bulk_and_generated_outputs_not_bundled
benchmark/1159846_winrhizo_validation/validation_output/processed_multiscale/binary/dpi200_dicot-sim-41-1-120-15.png,156,external_benchmark_bulk_and_generated_outputs_not_bundled
benchmark/1159846_winrhizo_validation/validation_output/processed_multiscale/binary/dpi200_dicot-sim-42-1-120-15.png,3312,external_benchmark_bulk_and_generated_outputs_not_bundled
benchmark/1159846_winrhizo_validation/validation_output/processed_multiscale/binary/dpi200_dicot-sim-43-1-120-15.png,2047,external_benchmark_bulk_and_generated_outputs_not_bundled
benchmark/1159846_winrhizo_validation/validation_output/processed_multiscale/binary/dpi200_dicot-sim-44-1-120-15.png,785,external_benchmark_bulk_and_generated_outputs_not_bundled
benchmark/1159846_winrhizo_validation/validation_output/processed_multiscale/binary/dpi200_dicot-sim-45-1-120-15.png,1217,external_benchmark_bulk_and_generated_outputs_not_bundled
benchmark/1159846_winrhizo_validation/validation_output/processed_multiscale/binary/dpi200_dicot-sim-46-1-120-15.png,2312,external_benchmark_bulk_and_generated_outputs_not_bundled
benchmark/1159846_winrhizo_validation/validation_output/processed_multiscale/binary/dpi200_dicot-sim-47-1-120-15.png,2357,external_benchmark_bulk_and_generated_outputs_not_bundled
benchmark/1159846_winrhizo_validation/validation_output/processed_multiscale/binary/dpi200_dicot-sim-48-1-120-15.png,4154,external_benchmark_bulk_and_generated_outputs_not_bundled
benchmark/1159846_winrhizo_validation/validation_output/processed_multiscale/binary/dpi200_dicot-sim-49-1-120-15.png,624,external_benchmark_bulk_and_generated_outputs_not_bundled
benchmark/1159846_winrhizo_validation/validation_output/processed_multiscale/binary/dpi200_dicot-sim-5-1-120-15.png,2441,external_benchmark_bulk_and_generated_outputs_not_bundled
benchmark/1159846_winrhizo_validation/validation_output/processed_multiscale/binary/dpi200_dicot-sim-50-1-120-15.png,3324,external_benchmark_bulk_and_generated_outputs_not_bundled
benchmark/1159846_winrhizo_validation/validation_output/processed_multiscale/binary/dpi200_dicot-sim-6-1-120-15.png,500,external_benchmark_bulk_and_generated_outputs_not_bundled
benchmark/1159846_winrhizo_validation/validation_output/processed_multiscale/binary/dpi200_dicot-sim-7-1-120-15.png,1081,external_benchmark_bulk_and_generated_outputs_not_bundled
benchmark/1159846_winrhizo_validation/validation_output/processed_multiscale/binary/dpi200_dicot-sim-8-1-120-15.png,3744,external_benchmark_bulk_and_generated_outputs_not_bundled
benchmark/1159846_winrhizo_validation/validation_output/processed_multiscale/binary/dpi200_dicot-sim-9-1-120-15.png,1655,external_benchmark_bulk_and_generated_outputs_not_bundled
benchmark/1159846_winrhizo_validation/validation_output/processed_multiscale/binary/dpi200_monocot-sim-1-1-120-15.png,2770,external_benchmark_bulk_and_generated_outputs_not_bundled
benchmark/1159846_winrhizo_validation/validation_output/processed_multiscale/binary/dpi200_monocot-sim-10-1-120-15.png,1491,external_benchmark_bulk_and_generated_outputs_not_bundled
benchmark/1159846_winrhizo_validation/validation_output/processed_multiscale/binary/dpi200_monocot-sim-11-1-120-15.png,7527,external_benchmark_bulk_and_generated_outputs_not_bundled
benchmark/1159846_winrhizo_validation/validation_output/processed_multiscale/binary/dpi200_monocot-sim-12-1-120-15.png,4522,external_benchmark_bulk_and_generated_outputs_not_bundled
benchmark/1159846_winrhizo_validation/validation_output/processed_multiscale/binary/dpi200_monocot-sim-13-1-120-15.png,1739,external_benchmark_bulk_and_generated_outputs_not_bundled
benchmark/1159846_winrhizo_validation/validation_output/processed_multiscale/binary/dpi200_monocot-sim-14-1-120-15.png,9020,external_benchmark_bulk_and_generated_outputs_not_bundled
benchmark/1159846_winrhizo_validation/validation_output/processed_multiscale/binary/dpi200_monocot-sim-15-1-120-15.png,6896,external_benchmark_bulk_and_generated_outputs_not_bundled
benchmark/1159846_winrhizo_validation/validation_output/processed_multiscale/binary/dpi200_monocot-sim-16-1-120-15.png,2166,external_benchmark_bulk_and_generated_outputs_not_bundled
benchmark/1159846_winrhizo_validation/validation_output/processed_multiscale/binary/dpi200_monocot-sim-17-1-120-15.png,5386,external_benchmark_bulk_and_generated_outputs_not_bundled
benchmark/1159846_winrhizo_validation/validation_output/processed_multiscale/binary/dpi200_monocot-sim-18-1-120-15.png,2104,external_benchmark_bulk_and_generated_outputs_not_bundled
benchmark/1159846_winrhizo_validation/validation_output/processed_multiscale/binary/dpi200_monocot-sim-19-1-120-15.png,3364,external_benchmark_bulk_and_generated_outputs_not_bundled
benchmark/1159846_winrhizo_validation/validation_output/processed_multiscale/binary/dpi200_monocot-sim-2-1-120-15.png,2305,external_benchmark_bulk_and_generated_outputs_not_bundled
benchmark/1159846_winrhizo_validation/validation_output/processed_multiscale/binary/dpi200_monocot-sim-20-1-120-15.png,3645,external_benchmark_bulk_and_generated_outputs_not_bundled
benchmark/1159846_winrhizo_validation/validation_output/processed_multiscale/binary/dpi200_monocot-sim-21-1-120-15.png,10743,external_benchmark_bulk_and_generated_outputs_not_bundled
benchmark/1159846_winrhizo_validation/validation_output/processed_multiscale/binary/dpi200_monocot-sim-22-1-120-15.png,914,external_benchmark_bulk_and_generated_outputs_not_bundled
benchmark/1159846_winrhizo_validation/validation_output/processed_multiscale/binary/dpi200_monocot-sim-23-1-120-15.png,13616,external_benchmark_bulk_and_generated_outputs_not_bundled
benchmark/1159846_winrhizo_validation/validation_output/processed_multiscale/binary/dpi200_monocot-sim-24-1-120-15.png,5107,external_benchmark_bulk_and_generated_outputs_not_bundled
benchmark/1159846_winrhizo_validation/validation_output/processed_multiscale/binary/dpi200_monocot-sim-25-1-120-15.png,2774,external_benchmark_bulk_and_generated_outputs_not_bundled
benchmark/1159846_winrhizo_validation/validation_output/processed_multiscale/binary/dpi200_monocot-sim-26-1-120-15.png,6009,external_benchmark_bulk_and_generated_outputs_not_bundled
benchmark/1159846_winrhizo_validation/validation_output/processed_multiscale/binary/dpi200_monocot-sim-27-1-120-15.png,7184,external_benchmark_bulk_and_generated_outputs_not_bundled
benchmark/1159846_winrhizo_validation/validation_output/processed_multiscale/binary/dpi200_monocot-sim-28-1-120-15.png,4044,external_benchmark_bulk_and_generated_outputs_not_bundled
benchmark/1159846_winrhizo_validation/validation_output/processed_multiscale/binary/dpi200_monocot-sim-29-1-120-15.png,3980,external_benchmark_bulk_and_generated_outputs_not_bundled
benchmark/1159846_winrhizo_validation/validation_output/processed_multiscale/binary/dpi200_monocot-sim-3-1-120-15.png,4522,external_benchmark_bulk_and_generated_outputs_not_bundled
benchmark/1159846_winrhizo_validation/validation_output/processed_multiscale/binary/dpi200_monocot-sim-30-1-120-15.png,10481,external_benchmark_bulk_and_generated_outputs_not_bundled
benchmark/1159846_winrhizo_validation/validation_output/processed_multiscale/binary/dpi200_monocot-sim-31-1-120-15.png,3967,external_benchmark_bulk_and_generated_outputs_not_bundled
benchmark/1159846_winrhizo_validation/validation_output/processed_multiscale/binary/dpi200_monocot-sim-32-1-120-15.png,5346,external_benchmark_bulk_and_generated_outputs_not_bundled
benchmark/1159846_winrhizo_validation/validation_output/processed_multiscale/binary/dpi200_monocot-sim-33-1-120-15.png,4423,external_benchmark_bulk_and_generated_outputs_not_bundled
benchmark/1159846_winrhizo_validation/validation_output/processed_multiscale/binary/dpi200_monocot-sim-34-1-120-15.png,10816,external_benchmark_bulk_and_generated_outputs_not_bundled
benchmark/1159846_winrhizo_validation/validation_output/processed_multiscale/binary/dpi200_monocot-sim-35-1-120-15.png,7900,external_benchmark_bulk_and_generated_outputs_not_bundled
benchmark/1159846_winrhizo_validation/validation_output/processed_multiscale/binary/dpi200_monocot-sim-36-1-120-15.png,2731,external_benchmark_bulk_and_generated_outputs_not_bundled
benchmark/1159846_winrhizo_validation/validation_output/processed_multiscale/binary/dpi200_monocot-sim-37-1-120-15.png,3382,external_benchmark_bulk_and_generated_outputs_not_bundled
benchmark/1159846_winrhizo_validation/validation_output/processed_multiscale/binary/dpi200_monocot-sim-38-1-120-15.png,10695,external_benchmark_bulk_and_generated_outputs_not_bundled
benchmark/1159846_winrhizo_validation/validation_output/processed_multiscale/binary/dpi200_monocot-sim-39-1-120-15.png,4199,external_benchmark_bulk_and_generated_outputs_not_bundled
benchmark/1159846_winrhizo_validation/validation_output/processed_multiscale/binary/dpi200_monocot-sim-4-1-120-15.png,5482,external_benchmark_bulk_and_generated_outputs_not_bundled
benchmark/1159846_winrhizo_validation/validation_output/processed_multiscale/binary/dpi200_monocot-sim-40-1-120-15.png,159,external_benchmark_bulk_and_generated_outputs_not_bundled
benchmark/1159846_winrhizo_validation/validation_output/processed_multiscale/binary/dpi200_monocot-sim-41-1-120-15.png,7972,external_benchmark_bulk_and_generated_outputs_not_bundled
benchmark/1159846_winrhizo_validation/validation_output/processed_multiscale/binary/dpi200_monocot-sim-42-1-120-15.png,8315,external_benchmark_bulk_and_generated_outputs_not_bundled
benchmark/1159846_winrhizo_validation/validation_output/processed_multiscale/binary/dpi200_monocot-sim-43-1-120-15.png,3714,external_benchmark_bulk_and_generated_outputs_not_bundled
benchmark/1159846_winrhizo_validation/validation_output/processed_multiscale/binary/dpi200_monocot-sim-44-1-120-15.png,2989,external_benchmark_bulk_and_generated_outputs_not_bundled
benchmark/1159846_winrhizo_validation/validation_output/processed_multiscale/binary/dpi200_monocot-sim-45-1-120-15.png,7774,external_benchmark_bulk_and_generated_outputs_not_bundled
benchmark/1159846_winrhizo_validation/validation_output/processed_multiscale/binary/dpi200_monocot-sim-46-1-120-15.png,6776,external_benchmark_bulk_and_generated_outputs_not_bundled
benchmark/1159846_winrhizo_validation/validation_output/processed_multiscale/binary/dpi200_monocot-sim-47-1-120-15.png,4767,external_benchmark_bulk_and_generated_outputs_not_bundled
benchmark/1159846_winrhizo_validation/validation_output/processed_multiscale/binary/dpi200_monocot-sim-48-1-120-15.png,679,external_benchmark_bulk_and_generated_outputs_not_bundled
benchmark/1159846_winrhizo_validation/validation_output/processed_multiscale/binary/dpi200_monocot-sim-49-1-120-15.png,2810,external_benchmark_bulk_and_generated_outputs_not_bundled
benchmark/1159846_winrhizo_validation/validation_output/processed_multiscale/binary/dpi200_monocot-sim-5-1-120-15.png,3966,external_benchmark_bulk_and_generated_outputs_not_bundled
benchmark/1159846_winrhizo_validation/validation_output/processed_multiscale/binary/dpi200_monocot-sim-50-1-120-15.png,10535,external_benchmark_bulk_and_generated_outputs_not_bundled
benchmark/1159846_winrhizo_validation/validation_output/processed_multiscale/binary/dpi200_monocot-sim-6-1-120-15.png,8493,external_benchmark_bulk_and_generated_outputs_not_bundled
benchmark/1159846_winrhizo_validation/validation_output/processed_multiscale/binary/dpi200_monocot-sim-7-1-120-15.png,4652,external_benchmark_bulk_and_generated_outputs_not_bundled
benchmark/1159846_winrhizo_validation/validation_output/processed_multiscale/binary/dpi200_monocot-sim-8-1-120-15.png,2575,external_benchmark_bulk_and_generated_outputs_not_bundled
benchmark/1159846_winrhizo_validation/validation_output/processed_multiscale/binary/dpi200_monocot-sim-9-1-120-15.png,6634,external_benchmark_bulk_and_generated_outputs_not_bundled
benchmark/1159846_winrhizo_validation/validation_output/processed_multiscale/binary/dpi400_dicot-sim-1-1-120-15.png,1073,external_benchmark_bulk_and_generated_outputs_not_bundled
benchmark/1159846_winrhizo_validation/validation_output/processed_multiscale/binary/dpi400_dicot-sim-10-1-120-15.png,12764,external_benchmark_bulk_and_generated_outputs_not_bundled
benchmark/1159846_winrhizo_validation/validation_output/processed_multiscale/binary/dpi400_dicot-sim-11-1-120-15.png,582,external_benchmark_bulk_and_generated_outputs_not_bundled
benchmark/1159846_winrhizo_validation/validation_output/processed_multiscale/binary/dpi400_dicot-sim-12-1-120-15.png,2195,external_benchmark_bulk_and_generated_outputs_not_bundled
benchmark/1159846_winrhizo_validation/validation_output/processed_multiscale/binary/dpi400_dicot-sim-13-1-120-15.png,4858,external_benchmark_bulk_and_generated_outputs_not_bundled
benchmark/1159846_winrhizo_validation/validation_output/processed_multiscale/binary/dpi400_dicot-sim-14-1-120-15.png,737,external_benchmark_bulk_and_generated_outputs_not_bundled
benchmark/1159846_winrhizo_validation/validation_output/processed_multiscale/binary/dpi400_dicot-sim-15-1-120-15.png,440,external_benchmark_bulk_and_generated_outputs_not_bundled
benchmark/1159846_winrhizo_validation/validation_output/processed_multiscale/binary/dpi400_dicot-sim-16-1-120-15.png,1423,external_benchmark_bulk_and_generated_outputs_not_bundled
benchmark/1159846_winrhizo_validation/validation_output/processed_multiscale/binary/dpi400_dicot-sim-17-1-120-15.png,5232,external_benchmark_bulk_and_generated_outputs_not_bundled
benchmark/1159846_winrhizo_validation/validation_output/processed_multiscale/binary/dpi400_dicot-sim-18-1-120-15.png,3990,external_benchmark_bulk_and_generated_outputs_not_bundled
benchmark/1159846_winrhizo_validation/validation_output/processed_multiscale/binary/dpi400_dicot-sim-19-1-120-15.png,6095,external_benchmark_bulk_and_generated_outputs_not_bundled
benchmark/1159846_winrhizo_validation/validation_output/processed_multiscale/binary/dpi400_dicot-sim-2-1-120-15.png,2436,external_benchmark_bulk_and_generated_outputs_not_bundled
benchmark/1159846_winrhizo_validation/validation_output/processed_multiscale/binary/dpi400_dicot-sim-20-1-120-15.png,10447,external_benchmark_bulk_and_generated_outputs_not_bundled
benchmark/1159846_winrhizo_validation/validation_output/processed_multiscale/binary/dpi400_dicot-sim-21-1-120-15.png,3162,external_benchmark_bulk_and_generated_outputs_not_bundled
benchmark/1159846_winrhizo_validation/validation_output/processed_multiscale/binary/dpi400_dicot-sim-22-1-120-15.png,1563,external_benchmark_bulk_and_generated_outputs_not_bundled
benchmark/1159846_winrhizo_validation/validation_output/processed_multiscale/binary/dpi400_dicot-sim-23-1-120-15.png,3936,external_benchmark_bulk_and_generated_outputs_not_bundled
benchmark/1159846_winrhizo_validation/validation_output/processed_multiscale/binary/dpi400_dicot-sim-24-1-120-15.png,2129,external_benchmark_bulk_and_generated_outputs_not_bundled
benchmark/1159846_winrhizo_validation/validation_output/processed_multiscale/binary/dpi400_dicot-sim-25-1-120-15.png,929,external_benchmark_bulk_and_generated_outputs_not_bundled
benchmark/1159846_winrhizo_validation/validation_output/processed_multiscale/binary/dpi400_dicot-sim-26-1-120-15.png,5992,external_benchmark_bulk_and_generated_outputs_not_bundled
benchmark/1159846_winrhizo_validation/validation_output/processed_multiscale/binary/dpi400_dicot-sim-27-1-120-15.png,2568,external_benchmark_bulk_and_generated_outputs_not_bundled
benchmark/1159846_winrhizo_validation/validation_output/processed_multiscale/binary/dpi400_dicot-sim-28-1-120-15.png,1215,external_benchmark_bulk_and_generated_outputs_not_bundled
benchmark/1159846_winrhizo_validation/validation_output/processed_multiscale/binary/dpi400_dicot-sim-29-1-120-15.png,8047,external_benchmark_bulk_and_generated_outputs_not_bundled
benchmark/1159846_winrhizo_validation/validation_output/processed_multiscale/binary/dpi400_dicot-sim-3-1-120-15.png,4978,external_benchmark_bulk_and_generated_outputs_not_bundled
benchmark/1159846_winrhizo_validation/validation_output/processed_multiscale/binary/dpi400_dicot-sim-30-1-120-15.png,3348,external_benchmark_bulk_and_generated_outputs_not_bundled
benchmark/1159846_winrhizo_validation/validation_output/processed_multiscale/binary/dpi400_dicot-sim-31-1-120-15.png,6856,external_benchmark_bulk_and_generated_outputs_not_bundled
benchmark/1159846_winrhizo_validation/validation_output/processed_multiscale/binary/dpi400_dicot-sim-32-1-120-15.png,5041,external_benchmark_bulk_and_generated_outputs_not_bundled
benchmark/1159846_winrhizo_validation/validation_output/processed_multiscale/binary/dpi400_dicot-sim-33-1-120-15.png,5688,external_benchmark_bulk_and_generated_outputs_not_bundled
benchmark/1159846_winrhizo_validation/validation_output/processed_multiscale/binary/dpi400_dicot-sim-34-1-120-15.png,978,external_benchmark_bulk_and_generated_outputs_not_bundled
benchmark/1159846_winrhizo_validation/validation_output/processed_multiscale/binary/dpi400_dicot-sim-35-1-120-15.png,319,external_benchmark_bulk_and_generated_outputs_not_bundled
benchmark/1159846_winrhizo_validation/validation_output/processed_multiscale/binary/dpi400_dicot-sim-36-1-120-15.png,2147,external_benchmark_bulk_and_generated_outputs_not_bundled
benchmark/1159846_winrhizo_validation/validation_output/processed_multiscale/binary/dpi400_dicot-sim-37-1-120-15.png,6145,external_benchmark_bulk_and_generated_outputs_not_bundled
benchmark/1159846_winrhizo_validation/validation_output/processed_multiscale/binary/dpi400_dicot-sim-38-1-120-15.png,1268,external_benchmark_bulk_and_generated_outputs_not_bundled
benchmark/1159846_winrhizo_validation/validation_output/processed_multiscale/binary/dpi400_dicot-sim-39-1-120-15.png,1967,external_benchmark_bulk_and_generated_outputs_not_bundled
benchmark/1159846_winrhizo_validation/validation_output/processed_multiscale/binary/dpi400_dicot-sim-4-1-120-15.png,659,external_benchmark_bulk_and_generated_outputs_not_bundled
benchmark/1159846_winrhizo_validation/validation_output/processed_multiscale/binary/dpi400_dicot-sim-40-1-120-15.png,7035,external_benchmark_bulk_and_generated_outputs_not_bundled
benchmark/1159846_winrhizo_validation/validation_output/processed_multiscale/binary/dpi400_dicot-sim-41-1-120-15.png,230,external_benchmark_bulk_and_generated_outputs_not_bundled
benchmark/1159846_winrhizo_validation/validation_output/processed_multiscale/binary/dpi400_dicot-sim-42-1-120-15.png,7933,external_benchmark_bulk_and_generated_outputs_not_bundled
benchmark/1159846_winrhizo_validation/validation_output/processed_multiscale/binary/dpi400_dicot-sim-43-1-120-15.png,5154,external_benchmark_bulk_and_generated_outputs_not_bundled
benchmark/1159846_winrhizo_validation/validation_output/processed_multiscale/binary/dpi400_dicot-sim-44-1-120-15.png,2047,external_benchmark_bulk_and_generated_outputs_not_bundled
benchmark/1159846_winrhizo_validation/validation_output/processed_multiscale/binary/dpi400_dicot-sim-45-1-120-15.png,3184,external_benchmark_bulk_and_generated_outputs_not_bundled
benchmark/1159846_winrhizo_validation/validation_output/processed_multiscale/binary/dpi400_dicot-sim-46-1-120-15.png,6505,external_benchmark_bulk_and_generated_outputs_not_bundled
benchmark/1159846_winrhizo_validation/validation_output/processed_multiscale/binary/dpi400_dicot-sim-47-1-120-15.png,5596,external_benchmark_bulk_and_generated_outputs_not_bundled
benchmark/1159846_winrhizo_validation/validation_output/processed_multiscale/binary/dpi400_dicot-sim-48-1-120-15.png,9434,external_benchmark_bulk_and_generated_outputs_not_bundled
benchmark/1159846_winrhizo_validation/validation_output/processed_multiscale/binary/dpi400_dicot-sim-49-1-120-15.png,1712,external_benchmark_bulk_and_generated_outputs_not_bundled
benchmark/1159846_winrhizo_validation/validation_output/processed_multiscale/binary/dpi400_dicot-sim-5-1-120-15.png,6263,external_benchmark_bulk_and_generated_outputs_not_bundled
benchmark/1159846_winrhizo_validation/validation_output/processed_multiscale/binary/dpi400_dicot-sim-50-1-120-15.png,8469,external_benchmark_bulk_and_generated_outputs_not_bundled
benchmark/1159846_winrhizo_validation/validation_output/processed_multiscale/binary/dpi400_dicot-sim-6-1-120-15.png,1438,external_benchmark_bulk_and_generated_outputs_not_bundled
benchmark/1159846_winrhizo_validation/validation_output/processed_multiscale/binary/dpi400_dicot-sim-7-1-120-15.png,3091,external_benchmark_bulk_and_generated_outputs_not_bundled
benchmark/1159846_winrhizo_validation/validation_output/processed_multiscale/binary/dpi400_dicot-sim-8-1-120-15.png,9131,external_benchmark_bulk_and_generated_outputs_not_bundled
benchmark/1159846_winrhizo_validation/validation_output/processed_multiscale/binary/dpi400_dicot-sim-9-1-120-15.png,4077,external_benchmark_bulk_and_generated_outputs_not_bundled
benchmark/1159846_winrhizo_validation/validation_output/processed_multiscale/binary/dpi400_monocot-sim-1-1-120-15.png,7934,external_benchmark_bulk_and_generated_outputs_not_bundled
benchmark/1159846_winrhizo_validation/validation_output/processed_multiscale/binary/dpi400_monocot-sim-10-1-120-15.png,3507,external_benchmark_bulk_and_generated_outputs_not_bundled
benchmark/1159846_winrhizo_validation/validation_output/processed_multiscale/binary/dpi400_monocot-sim-11-1-120-15.png,19075,external_benchmark_bulk_and_generated_outputs_not_bundled
benchmark/1159846_winrhizo_validation/validation_output/processed_multiscale/binary/dpi400_monocot-sim-12-1-120-15.png,12817,external_benchmark_bulk_and_generated_outputs_not_bundled
benchmark/1159846_winrhizo_validation/validation_output/processed_multiscale/binary/dpi400_monocot-sim-13-1-120-15.png,4088,external_benchmark_bulk_and_generated_outputs_not_bundled
benchmark/1159846_winrhizo_validation/validation_output/processed_multiscale/binary/dpi400_monocot-sim-14-1-120-15.png,27910,external_benchmark_bulk_and_generated_outputs_not_bundled
benchmark/1159846_winrhizo_validation/validation_output/processed_multiscale/binary/dpi400_monocot-sim-15-1-120-15.png,16295,external_benchmark_bulk_and_generated_outputs_not_bundled
benchmark/1159846_winrhizo_validation/validation_output/processed_multiscale/binary/dpi400_monocot-sim-16-1-120-15.png,5688,external_benchmark_bulk_and_generated_outputs_not_bundled
benchmark/1159846_winrhizo_validation/validation_output/processed_multiscale/binary/dpi400_monocot-sim-17-1-120-15.png,14558,external_benchmark_bulk_and_generated_outputs_not_bundled
benchmark/1159846_winrhizo_validation/validation_output/processed_multiscale/binary/dpi400_monocot-sim-18-1-120-15.png,5968,external_benchmark_bulk_and_generated_outputs_not_bundled
benchmark/1159846_winrhizo_validation/validation_output/processed_multiscale/binary/dpi400_monocot-sim-19-1-120-15.png,7672,external_benchmark_bulk_and_generated_outputs_not_bundled
benchmark/1159846_winrhizo_validation/validation_output/processed_multiscale/binary/dpi400_monocot-sim-2-1-120-15.png,6110,external_benchmark_bulk_and_generated_outputs_not_bundled
benchmark/1159846_winrhizo_validation/validation_output/processed_multiscale/binary/dpi400_monocot-sim-20-1-120-15.png,8798,external_benchmark_bulk_and_generated_outputs_not_bundled
benchmark/1159846_winrhizo_validation/validation_output/processed_multiscale/binary/dpi400_monocot-sim-21-1-120-15.png,29951,external_benchmark_bulk_and_generated_outputs_not_bundled
benchmark/1159846_winrhizo_validation/validation_output/processed_multiscale/binary/dpi400_monocot-sim-22-1-120-15.png,2207,external_benchmark_bulk_and_generated_outputs_not_bundled
benchmark/1159846_winrhizo_validation/validation_output/processed_multiscale/binary/dpi400_monocot-sim-23-1-120-15.png,34717,external_benchmark_bulk_and_generated_outputs_not_bundled
benchmark/1159846_winrhizo_validation/validation_output/processed_multiscale/binary/dpi400_monocot-sim-24-1-120-15.png,16078,external_benchmark_bulk_and_generated_outputs_not_bundled
benchmark/1159846_winrhizo_validation/validation_output/processed_multiscale/binary/dpi400_monocot-sim-25-1-120-15.png,7688,external_benchmark_bulk_and_generated_outputs_not_bundled
benchmark/1159846_winrhizo_validation/validation_output/processed_multiscale/binary/dpi400_monocot-sim-26-1-120-15.png,14863,external_benchmark_bulk_and_generated_outputs_not_bundled
benchmark/1159846_winrhizo_validation/validation_output/processed_multiscale/binary/dpi400_monocot-sim-27-1-120-15.png,19818,external_benchmark_bulk_and_generated_outputs_not_bundled
benchmark/1159846_winrhizo_validation/validation_output/processed_multiscale/binary/dpi400_monocot-sim-28-1-120-15.png,11078,external_benchmark_bulk_and_generated_outputs_not_bundled
benchmark/1159846_winrhizo_validation/validation_output/processed_multiscale/binary/dpi400_monocot-sim-29-1-120-15.png,13427,external_benchmark_bulk_and_generated_outputs_not_bundled
benchmark/1159846_winrhizo_validation/validation_output/processed_multiscale/binary/dpi400_monocot-sim-3-1-120-15.png,10699,external_benchmark_bulk_and_generated_outputs_not_bundled
benchmark/1159846_winrhizo_validation/validation_output/processed_multiscale/binary/dpi400_monocot-sim-30-1-120-15.png,26668,external_benchmark_bulk_and_generated_outputs_not_bundled
benchmark/1159846_winrhizo_validation/validation_output/processed_multiscale/binary/dpi400_monocot-sim-31-1-120-15.png,9915,external_benchmark_bulk_and_generated_outputs_not_bundled
benchmark/1159846_winrhizo_validation/validation_output/processed_multiscale/binary/dpi400_monocot-sim-32-1-120-15.png,13876,external_benchmark_bulk_and_generated_outputs_not_bundled
benchmark/1159846_winrhizo_validation/validation_output/processed_multiscale/binary/dpi400_monocot-sim-33-1-120-15.png,11979,external_benchmark_bulk_and_generated_outputs_not_bundled
benchmark/1159846_winrhizo_validation/validation_output/processed_multiscale/binary/dpi400_monocot-sim-34-1-120-15.png,33250,external_benchmark_bulk_and_generated_outputs_not_bundled
benchmark/1159846_winrhizo_validation/validation_output/processed_multiscale/binary/dpi400_monocot-sim-35-1-120-15.png,21907,external_benchmark_bulk_and_generated_outputs_not_bundled
benchmark/1159846_winrhizo_validation/validation_output/processed_multiscale/binary/dpi400_monocot-sim-36-1-120-15.png,8473,external_benchmark_bulk_and_generated_outputs_not_bundled
benchmark/1159846_winrhizo_validation/validation_output/processed_multiscale/binary/dpi400_monocot-sim-37-1-120-15.png,7528,external_benchmark_bulk_and_generated_outputs_not_bundled
benchmark/1159846_winrhizo_validation/validation_output/processed_multiscale/binary/dpi400_monocot-sim-38-1-120-15.png,29028,external_benchmark_bulk_and_generated_outputs_not_bundled
benchmark/1159846_winrhizo_validation/validation_output/processed_multiscale/binary/dpi400_monocot-sim-39-1-120-15.png,12823,external_benchmark_bulk_and_generated_outputs_not_bundled
benchmark/1159846_winrhizo_validation/validation_output/processed_multiscale/binary/dpi400_monocot-sim-4-1-120-15.png,12983,external_benchmark_bulk_and_generated_outputs_not_bundled
benchmark/1159846_winrhizo_validation/validation_output/processed_multiscale/binary/dpi400_monocot-sim-40-1-120-15.png,175,external_benchmark_bulk_and_generated_outputs_not_bundled
benchmark/1159846_winrhizo_validation/validation_output/processed_multiscale/binary/dpi400_monocot-sim-41-1-120-15.png,25403,external_benchmark_bulk_and_generated_outputs_not_bundled
benchmark/1159846_winrhizo_validation/validation_output/processed_multiscale/binary/dpi400_monocot-sim-42-1-120-15.png,21842,external_benchmark_bulk_and_generated_outputs_not_bundled
benchmark/1159846_winrhizo_validation/validation_output/processed_multiscale/binary/dpi400_monocot-sim-43-1-120-15.png,9099,external_benchmark_bulk_and_generated_outputs_not_bundled
benchmark/1159846_winrhizo_validation/validation_output/processed_multiscale/binary/dpi400_monocot-sim-44-1-120-15.png,8365,external_benchmark_bulk_and_generated_outputs_not_bundled
benchmark/1159846_winrhizo_validation/validation_output/processed_multiscale/binary/dpi400_monocot-sim-45-1-120-15.png,18192,external_benchmark_bulk_and_generated_outputs_not_bundled
benchmark/1159846_winrhizo_validation/validation_output/processed_multiscale/binary/dpi400_monocot-sim-46-1-120-15.png,15469,external_benchmark_bulk_and_generated_outputs_not_bundled
benchmark/1159846_winrhizo_validation/validation_output/processed_multiscale/binary/dpi400_monocot-sim-47-1-120-15.png,11168,external_benchmark_bulk_and_generated_outputs_not_bundled
benchmark/1159846_winrhizo_validation/validation_output/processed_multiscale/binary/dpi400_monocot-sim-48-1-120-15.png,1943,external_benchmark_bulk_and_generated_outputs_not_bundled
benchmark/1159846_winrhizo_validation/validation_output/processed_multiscale/binary/dpi400_monocot-sim-49-1-120-15.png,6184,external_benchmark_bulk_and_generated_outputs_not_bundled
benchmark/1159846_winrhizo_validation/validation_output/processed_multiscale/binary/dpi400_monocot-sim-5-1-120-15.png,11132,external_benchmark_bulk_and_generated_outputs_not_bundled
benchmark/1159846_winrhizo_validation/validation_output/processed_multiscale/binary/dpi400_monocot-sim-50-1-120-15.png,27765,external_benchmark_bulk_and_generated_outputs_not_bundled
benchmark/1159846_winrhizo_validation/validation_output/processed_multiscale/binary/dpi400_monocot-sim-6-1-120-15.png,20862,external_benchmark_bulk_and_generated_outputs_not_bundled
benchmark/1159846_winrhizo_validation/validation_output/processed_multiscale/binary/dpi400_monocot-sim-7-1-120-15.png,11571,external_benchmark_bulk_and_generated_outputs_not_bundled
benchmark/1159846_winrhizo_validation/validation_output/processed_multiscale/binary/dpi400_monocot-sim-8-1-120-15.png,6589,external_benchmark_bulk_and_generated_outputs_not_bundled
benchmark/1159846_winrhizo_validation/validation_output/processed_multiscale/binary/dpi400_monocot-sim-9-1-120-15.png,16346,external_benchmark_bulk_and_generated_outputs_not_bundled
benchmark/1159846_winrhizo_validation/validation_output/processed_multiscale/binary/dpi600_dicot-sim-1-1-120-15.png,1533,external_benchmark_bulk_and_generated_outputs_not_bundled
benchmark/1159846_winrhizo_validation/validation_output/processed_multiscale/binary/dpi600_dicot-sim-10-1-120-15.png,21563,external_benchmark_bulk_and_generated_outputs_not_bundled
benchmark/1159846_winrhizo_validation/validation_output/processed_multiscale/binary/dpi600_dicot-sim-11-1-120-15.png,1328,external_benchmark_bulk_and_generated_outputs_not_bundled
benchmark/1159846_winrhizo_validation/validation_output/processed_multiscale/binary/dpi600_dicot-sim-12-1-120-15.png,3476,external_benchmark_bulk_and_generated_outputs_not_bundled
benchmark/1159846_winrhizo_validation/validation_output/processed_multiscale/binary/dpi600_dicot-sim-13-1-120-15.png,7907,external_benchmark_bulk_and_generated_outputs_not_bundled
benchmark/1159846_winrhizo_validation/validation_output/processed_multiscale/binary/dpi600_dicot-sim-14-1-120-15.png,1448,external_benchmark_bulk_and_generated_outputs_not_bundled
benchmark/1159846_winrhizo_validation/validation_output/processed_multiscale/binary/dpi600_dicot-sim-15-1-120-15.png,669,external_benchmark_bulk_and_generated_outputs_not_bundled
benchmark/1159846_winrhizo_validation/validation_output/processed_multiscale/binary/dpi600_dicot-sim-16-1-120-15.png,2432,external_benchmark_bulk_and_generated_outputs_not_bundled
benchmark/1159846_winrhizo_validation/validation_output/processed_multiscale/binary/dpi600_dicot-sim-17-1-120-15.png,8773,external_benchmark_bulk_and_generated_outputs_not_bundled
benchmark/1159846_winrhizo_validation/validation_output/processed_multiscale/binary/dpi600_dicot-sim-18-1-120-15.png,6859,external_benchmark_bulk_and_generated_outputs_not_bundled
benchmark/1159846_winrhizo_validation/validation_output/processed_multiscale/binary/dpi600_dicot-sim-19-1-120-15.png,9461,external_benchmark_bulk_and_generated_outputs_not_bundled
benchmark/1159846_winrhizo_validation/validation_output/processed_multiscale/binary/dpi600_dicot-sim-2-1-120-15.png,4982,external_benchmark_bulk_and_generated_outputs_not_bundled
benchmark/1159846_winrhizo_validation/validation_output/processed_multiscale/binary/dpi600_dicot-sim-20-1-120-15.png,16726,external_benchmark_bulk_and_generated_outputs_not_bundled
benchmark/1159846_winrhizo_validation/validation_output/processed_multiscale/binary/dpi600_dicot-sim-21-1-120-15.png,5564,external_benchmark_bulk_and_generated_outputs_not_bundled
benchmark/1159846_winrhizo_validation/validation_output/processed_multiscale/binary/dpi600_dicot-sim-22-1-120-15.png,2688,external_benchmark_bulk_and_generated_outputs_not_bundled
benchmark/1159846_winrhizo_validation/validation_output/processed_multiscale/binary/dpi600_dicot-sim-23-1-120-15.png,6266,external_benchmark_bulk_and_generated_outputs_not_bundled
benchmark/1159846_winrhizo_validation/validation_output/processed_multiscale/binary/dpi600_dicot-sim-24-1-120-15.png,4256,external_benchmark_bulk_and_generated_outputs_not_bundled
benchmark/1159846_winrhizo_validation/validation_output/processed_multiscale/binary/dpi600_dicot-sim-25-1-120-15.png,1806,external_benchmark_bulk_and_generated_outputs_not_bundled
benchmark/1159846_winrhizo_validation/validation_output/processed_multiscale/binary/dpi600_dicot-sim-26-1-120-15.png,9265,external_benchmark_bulk_and_generated_outputs_not_bundled
benchmark/1159846_winrhizo_validation/validation_output/processed_multiscale/binary/dpi600_dicot-sim-27-1-120-15.png,4175,external_benchmark_bulk_and_generated_outputs_not_bundled
benchmark/1159846_winrhizo_validation/validation_output/processed_multiscale/binary/dpi600_dicot-sim-28-1-120-15.png,2245,external_benchmark_bulk_and_generated_outputs_not_bundled
benchmark/1159846_winrhizo_validation/validation_output/processed_multiscale/binary/dpi600_dicot-sim-29-1-120-15.png,12765,external_benchmark_bulk_and_generated_outputs_not_bundled
benchmark/1159846_winrhizo_validation/validation_output/processed_multiscale/binary/dpi600_dicot-sim-3-1-120-15.png,7604,external_benchmark_bulk_and_generated_outputs_not_bundled
benchmark/1159846_winrhizo_validation/validation_output/processed_multiscale/binary/dpi600_dicot-sim-30-1-120-15.png,5639,external_benchmark_bulk_and_generated_outputs_not_bundled
benchmark/1159846_winrhizo_validation/validation_output/processed_multiscale/binary/dpi600_dicot-sim-31-1-120-15.png,10676,external_benchmark_bulk_and_generated_outputs_not_bundled
benchmark/1159846_winrhizo_validation/validation_output/processed_multiscale/binary/dpi600_dicot-sim-32-1-120-15.png,8958,external_benchmark_bulk_and_generated_outputs_not_bundled
benchmark/1159846_winrhizo_validation/validation_output/processed_multiscale/binary/dpi600_dicot-sim-33-1-120-15.png,9168,external_benchmark_bulk_and_generated_outputs_not_bundled
benchmark/1159846_winrhizo_validation/validation_output/processed_multiscale/binary/dpi600_dicot-sim-34-1-120-15.png,2375,external_benchmark_bulk_and_generated_outputs_not_bundled
benchmark/1159846_winrhizo_validation/validation_output/processed_multiscale/binary/dpi600_dicot-sim-35-1-120-15.png,690,external_benchmark_bulk_and_generated_outputs_not_bundled
benchmark/1159846_winrhizo_validation/validation_output/processed_multiscale/binary/dpi600_dicot-sim-36-1-120-15.png,3321,external_benchmark_bulk_and_generated_outputs_not_bundled
benchmark/1159846_winrhizo_validation/validation_output/processed_multiscale/binary/dpi600_dicot-sim-37-1-120-15.png,9980,external_benchmark_bulk_and_generated_outputs_not_bundled
benchmark/1159846_winrhizo_validation/validation_output/processed_multiscale/binary/dpi600_dicot-sim-38-1-120-15.png,2559,external_benchmark_bulk_and_generated_outputs_not_bundled
benchmark/1159846_winrhizo_validation/validation_output/processed_multiscale/binary/dpi600_dicot-sim-39-1-120-15.png,3982,external_benchmark_bulk_and_generated_outputs_not_bundled
benchmark/1159846_winrhizo_validation/validation_output/processed_multiscale/binary/dpi600_dicot-sim-4-1-120-15.png,1156,external_benchmark_bulk_and_generated_outputs_not_bundled
benchmark/1159846_winrhizo_validation/validation_output/processed_multiscale/binary/dpi600_dicot-sim-40-1-120-15.png,11532,external_benchmark_bulk_and_generated_outputs_not_bundled
benchmark/1159846_winrhizo_validation/validation_output/processed_multiscale/binary/dpi600_dicot-sim-41-1-120-15.png,355,external_benchmark_bulk_and_generated_outputs_not_bundled
benchmark/1159846_winrhizo_validation/validation_output/processed_multiscale/binary/dpi600_dicot-sim-42-1-120-15.png,12812,external_benchmark_bulk_and_generated_outputs_not_bundled
benchmark/1159846_winrhizo_validation/validation_output/processed_multiscale/binary/dpi600_dicot-sim-43-1-120-15.png,8159,external_benchmark_bulk_and_generated_outputs_not_bundled
benchmark/1159846_winrhizo_validation/validation_output/processed_multiscale/binary/dpi600_dicot-sim-44-1-120-15.png,4006,external_benchmark_bulk_and_generated_outputs_not_bundled
benchmark/1159846_winrhizo_validation/validation_output/processed_multiscale/binary/dpi600_dicot-sim-45-1-120-15.png,5840,external_benchmark_bulk_and_generated_outputs_not_bundled
benchmark/1159846_winrhizo_validation/validation_output/processed_multiscale/binary/dpi600_dicot-sim-46-1-120-15.png,11285,external_benchmark_bulk_and_generated_outputs_not_bundled
benchmark/1159846_winrhizo_validation/validation_output/processed_multiscale/binary/dpi600_dicot-sim-47-1-120-15.png,8624,external_benchmark_bulk_and_generated_outputs_not_bundled
benchmark/1159846_winrhizo_validation/validation_output/processed_multiscale/binary/dpi600_dicot-sim-48-1-120-15.png,15321,external_benchmark_bulk_and_generated_outputs_not_bundled
benchmark/1159846_winrhizo_validation/validation_output/processed_multiscale/binary/dpi600_dicot-sim-49-1-120-15.png,3532,external_benchmark_bulk_and_generated_outputs_not_bundled
benchmark/1159846_winrhizo_validation/validation_output/processed_multiscale/binary/dpi600_dicot-sim-5-1-120-15.png,10139,external_benchmark_bulk_and_generated_outputs_not_bundled
benchmark/1159846_winrhizo_validation/validation_output/processed_multiscale/binary/dpi600_dicot-sim-50-1-120-15.png,14159,external_benchmark_bulk_and_generated_outputs_not_bundled
benchmark/1159846_winrhizo_validation/validation_output/processed_multiscale/binary/dpi600_dicot-sim-6-1-120-15.png,3036,external_benchmark_bulk_and_generated_outputs_not_bundled
benchmark/1159846_winrhizo_validation/validation_output/processed_multiscale/binary/dpi600_dicot-sim-7-1-120-15.png,5575,external_benchmark_bulk_and_generated_outputs_not_bundled
benchmark/1159846_winrhizo_validation/validation_output/processed_multiscale/binary/dpi600_dicot-sim-8-1-120-15.png,14724,external_benchmark_bulk_and_generated_outputs_not_bundled
benchmark/1159846_winrhizo_validation/validation_output/processed_multiscale/binary/dpi600_dicot-sim-9-1-120-15.png,7046,external_benchmark_bulk_and_generated_outputs_not_bundled
benchmark/1159846_winrhizo_validation/validation_output/processed_multiscale/binary/dpi600_monocot-sim-1-1-120-15.png,12618,external_benchmark_bulk_and_generated_outputs_not_bundled
benchmark/1159846_winrhizo_validation/validation_output/processed_multiscale/binary/dpi600_monocot-sim-10-1-120-15.png,6041,external_benchmark_bulk_and_generated_outputs_not_bundled
benchmark/1159846_winrhizo_validation/validation_output/processed_multiscale/binary/dpi600_monocot-sim-11-1-120-15.png,30509,external_benchmark_bulk_and_generated_outputs_not_bundled
benchmark/1159846_winrhizo_validation/validation_output/processed_multiscale/binary/dpi600_monocot-sim-12-1-120-15.png,22838,external_benchmark_bulk_and_generated_outputs_not_bundled
benchmark/1159846_winrhizo_validation/validation_output/processed_multiscale/binary/dpi600_monocot-sim-13-1-120-15.png,6374,external_benchmark_bulk_and_generated_outputs_not_bundled
benchmark/1159846_winrhizo_validation/validation_output/processed_multiscale/binary/dpi600_monocot-sim-14-1-120-15.png,49102,external_benchmark_bulk_and_generated_outputs_not_bundled
benchmark/1159846_winrhizo_validation/validation_output/processed_multiscale/binary/dpi600_monocot-sim-15-1-120-15.png,26423,external_benchmark_bulk_and_generated_outputs_not_bundled
benchmark/1159846_winrhizo_validation/validation_output/processed_multiscale/binary/dpi600_monocot-sim-16-1-120-15.png,9005,external_benchmark_bulk_and_generated_outputs_not_bundled
benchmark/1159846_winrhizo_validation/validation_output/processed_multiscale/binary/dpi600_monocot-sim-17-1-120-15.png,23789,external_benchmark_bulk_and_generated_outputs_not_bundled
benchmark/1159846_winrhizo_validation/validation_output/processed_multiscale/binary/dpi600_monocot-sim-18-1-120-15.png,9958,external_benchmark_bulk_and_generated_outputs_not_bundled
benchmark/1159846_winrhizo_validation/validation_output/processed_multiscale/binary/dpi600_monocot-sim-19-1-120-15.png,13035,external_benchmark_bulk_and_generated_outputs_not_bundled
benchmark/1159846_winrhizo_validation/validation_output/processed_multiscale/binary/dpi600_monocot-sim-2-1-120-15.png,9319,external_benchmark_bulk_and_generated_outputs_not_bundled
benchmark/1159846_winrhizo_validation/validation_output/processed_multiscale/binary/dpi600_monocot-sim-20-1-120-15.png,14135,external_benchmark_bulk_and_generated_outputs_not_bundled
benchmark/1159846_winrhizo_validation/validation_output/processed_multiscale/binary/dpi600_monocot-sim-21-1-120-15.png,48541,external_benchmark_bulk_and_generated_outputs_not_bundled
benchmark/1159846_winrhizo_validation/validation_output/processed_multiscale/binary/dpi600_monocot-sim-22-1-120-15.png,3605,external_benchmark_bulk_and_generated_outputs_not_bundled
benchmark/1159846_winrhizo_validation/validation_output/processed_multiscale/binary/dpi600_monocot-sim-23-1-120-15.png,57841,external_benchmark_bulk_and_generated_outputs_not_bundled
benchmark/1159846_winrhizo_validation/validation_output/processed_multiscale/binary/dpi600_monocot-sim-24-1-120-15.png,26317,external_benchmark_bulk_and_generated_outputs_not_bundled
benchmark/1159846_winrhizo_validation/validation_output/processed_multiscale/binary/dpi600_monocot-sim-25-1-120-15.png,12408,external_benchmark_bulk_and_generated_outputs_not_bundled
benchmark/1159846_winrhizo_validation/validation_output/processed_multiscale/binary/dpi600_monocot-sim-26-1-120-15.png,24392,external_benchmark_bulk_and_generated_outputs_not_bundled
benchmark/1159846_winrhizo_validation/validation_output/processed_multiscale/binary/dpi600_monocot-sim-27-1-120-15.png,33050,external_benchmark_bulk_and_generated_outputs_not_bundled
benchmark/1159846_winrhizo_validation/validation_output/processed_multiscale/binary/dpi600_monocot-sim-28-1-120-15.png,17871,external_benchmark_bulk_and_generated_outputs_not_bundled
benchmark/1159846_winrhizo_validation/validation_output/processed_multiscale/binary/dpi600_monocot-sim-29-1-120-15.png,23661,external_benchmark_bulk_and_generated_outputs_not_bundled
benchmark/1159846_winrhizo_validation/validation_output/processed_multiscale/binary/dpi600_monocot-sim-3-1-120-15.png,17146,external_benchmark_bulk_and_generated_outputs_not_bundled
benchmark/1159846_winrhizo_validation/validation_output/processed_multiscale/binary/dpi600_monocot-sim-30-1-120-15.png,45069,external_benchmark_bulk_and_generated_outputs_not_bundled
benchmark/1159846_winrhizo_validation/validation_output/processed_multiscale/binary/dpi600_monocot-sim-31-1-120-15.png,16537,external_benchmark_bulk_and_generated_outputs_not_bundled
benchmark/1159846_winrhizo_validation/validation_output/processed_multiscale/binary/dpi600_monocot-sim-32-1-120-15.png,22718,external_benchmark_bulk_and_generated_outputs_not_bundled
benchmark/1159846_winrhizo_validation/validation_output/processed_multiscale/binary/dpi600_monocot-sim-33-1-120-15.png,19399,external_benchmark_bulk_and_generated_outputs_not_bundled
benchmark/1159846_winrhizo_validation/validation_output/processed_multiscale/binary/dpi600_monocot-sim-34-1-120-15.png,59440,external_benchmark_bulk_and_generated_outputs_not_bundled
benchmark/1159846_winrhizo_validation/validation_output/processed_multiscale/binary/dpi600_monocot-sim-35-1-120-15.png,36966,external_benchmark_bulk_and_generated_outputs_not_bundled
benchmark/1159846_winrhizo_validation/validation_output/processed_multiscale/binary/dpi600_monocot-sim-36-1-120-15.png,13921,external_benchmark_bulk_and_generated_outputs_not_bundled
benchmark/1159846_winrhizo_validation/validation_output/processed_multiscale/binary/dpi600_monocot-sim-37-1-120-15.png,12265,external_benchmark_bulk_and_generated_outputs_not_bundled
benchmark/1159846_winrhizo_validation/validation_output/processed_multiscale/binary/dpi600_monocot-sim-38-1-120-15.png,50038,external_benchmark_bulk_and_generated_outputs_not_bundled
benchmark/1159846_winrhizo_validation/validation_output/processed_multiscale/binary/dpi600_monocot-sim-39-1-120-15.png,21805,external_benchmark_bulk_and_generated_outputs_not_bundled
benchmark/1159846_winrhizo_validation/validation_output/processed_multiscale/binary/dpi600_monocot-sim-4-1-120-15.png,20540,external_benchmark_bulk_and_generated_outputs_not_bundled
benchmark/1159846_winrhizo_validation/validation_output/processed_multiscale/binary/dpi600_monocot-sim-40-1-120-15.png,277,external_benchmark_bulk_and_generated_outputs_not_bundled
benchmark/1159846_winrhizo_validation/validation_output/processed_multiscale/binary/dpi600_monocot-sim-41-1-120-15.png,41311,external_benchmark_bulk_and_generated_outputs_not_bundled
benchmark/1159846_winrhizo_validation/validation_output/processed_multiscale/binary/dpi600_monocot-sim-42-1-120-15.png,36991,external_benchmark_bulk_and_generated_outputs_not_bundled
benchmark/1159846_winrhizo_validation/validation_output/processed_multiscale/binary/dpi600_monocot-sim-43-1-120-15.png,14297,external_benchmark_bulk_and_generated_outputs_not_bundled
benchmark/1159846_winrhizo_validation/validation_output/processed_multiscale/binary/dpi600_monocot-sim-44-1-120-15.png,13068,external_benchmark_bulk_and_generated_outputs_not_bundled
benchmark/1159846_winrhizo_validation/validation_output/processed_multiscale/binary/dpi600_monocot-sim-45-1-120-15.png,30093,external_benchmark_bulk_and_generated_outputs_not_bundled
benchmark/1159846_winrhizo_validation/validation_output/processed_multiscale/binary/dpi600_monocot-sim-46-1-120-15.png,26537,external_benchmark_bulk_and_generated_outputs_not_bundled
benchmark/1159846_winrhizo_validation/validation_output/processed_multiscale/binary/dpi600_monocot-sim-47-1-120-15.png,19042,external_benchmark_bulk_and_generated_outputs_not_bundled
benchmark/1159846_winrhizo_validation/validation_output/processed_multiscale/binary/dpi600_monocot-sim-48-1-120-15.png,3680,external_benchmark_bulk_and_generated_outputs_not_bundled
benchmark/1159846_winrhizo_validation/validation_output/processed_multiscale/binary/dpi600_monocot-sim-49-1-120-15.png,10328,external_benchmark_bulk_and_generated_outputs_not_bundled
benchmark/1159846_winrhizo_validation/validation_output/processed_multiscale/binary/dpi600_monocot-sim-5-1-120-15.png,18318,external_benchmark_bulk_and_generated_outputs_not_bundled
benchmark/1159846_winrhizo_validation/validation_output/processed_multiscale/binary/dpi600_monocot-sim-50-1-120-15.png,45948,external_benchmark_bulk_and_generated_outputs_not_bundled
benchmark/1159846_winrhizo_validation/validation_output/processed_multiscale/binary/dpi600_monocot-sim-6-1-120-15.png,34381,external_benchmark_bulk_and_generated_outputs_not_bundled
benchmark/1159846_winrhizo_validation/validation_output/processed_multiscale/binary/dpi600_monocot-sim-7-1-120-15.png,19039,external_benchmark_bulk_and_generated_outputs_not_bundled
benchmark/1159846_winrhizo_validation/validation_output/processed_multiscale/binary/dpi600_monocot-sim-8-1-120-15.png,11084,external_benchmark_bulk_and_generated_outputs_not_bundled
benchmark/1159846_winrhizo_validation/validation_output/processed_multiscale/binary/dpi600_monocot-sim-9-1-120-15.png,26852,external_benchmark_bulk_and_generated_outputs_not_bundled
benchmark/1159846_winrhizo_validation/validation_output/processed_multiscale/binary/dpi800_dicot-sim-1-1-120-15.png,2933,external_benchmark_bulk_and_generated_outputs_not_bundled
benchmark/1159846_winrhizo_validation/validation_output/processed_multiscale/binary/dpi800_dicot-sim-10-1-120-15.png,30596,external_benchmark_bulk_and_generated_outputs_not_bundled
benchmark/1159846_winrhizo_validation/validation_output/processed_multiscale/binary/dpi800_dicot-sim-11-1-120-15.png,1852,external_benchmark_bulk_and_generated_outputs_not_bundled
benchmark/1159846_winrhizo_validation/validation_output/processed_multiscale/binary/dpi800_dicot-sim-12-1-120-15.png,5309,external_benchmark_bulk_and_generated_outputs_not_bundled
benchmark/1159846_winrhizo_validation/validation_output/processed_multiscale/binary/dpi800_dicot-sim-13-1-120-15.png,10673,external_benchmark_bulk_and_generated_outputs_not_bundled
benchmark/1159846_winrhizo_validation/validation_output/processed_multiscale/binary/dpi800_dicot-sim-14-1-120-15.png,2653,external_benchmark_bulk_and_generated_outputs_not_bundled
benchmark/1159846_winrhizo_validation/validation_output/processed_multiscale/binary/dpi800_dicot-sim-15-1-120-15.png,922,external_benchmark_bulk_and_generated_outputs_not_bundled
benchmark/1159846_winrhizo_validation/validation_output/processed_multiscale/binary/dpi800_dicot-sim-16-1-120-15.png,4375,external_benchmark_bulk_and_generated_outputs_not_bundled
benchmark/1159846_winrhizo_validation/validation_output/processed_multiscale/binary/dpi800_dicot-sim-17-1-120-15.png,11903,external_benchmark_bulk_and_generated_outputs_not_bundled
benchmark/1159846_winrhizo_validation/validation_output/processed_multiscale/binary/dpi800_dicot-sim-18-1-120-15.png,10459,external_benchmark_bulk_and_generated_outputs_not_bundled
benchmark/1159846_winrhizo_validation/validation_output/processed_multiscale/binary/dpi800_dicot-sim-19-1-120-15.png,13568,external_benchmark_bulk_and_generated_outputs_not_bundled
benchmark/1159846_winrhizo_validation/validation_output/processed_multiscale/binary/dpi800_dicot-sim-2-1-120-15.png,7029,external_benchmark_bulk_and_generated_outputs_not_bundled
benchmark/1159846_winrhizo_validation/validation_output/processed_multiscale/binary/dpi800_dicot-sim-20-1-120-15.png,23736,external_benchmark_bulk_and_generated_outputs_not_bundled
benchmark/1159846_winrhizo_validation/validation_output/processed_multiscale/binary/dpi800_dicot-sim-21-1-120-15.png,7774,external_benchmark_bulk_and_generated_outputs_not_bundled
benchmark/1159846_winrhizo_validation/validation_output/processed_multiscale/binary/dpi800_dicot-sim-22-1-120-15.png,3773,external_benchmark_bulk_and_generated_outputs_not_bundled
benchmark/1159846_winrhizo_validation/validation_output/processed_multiscale/binary/dpi800_dicot-sim-23-1-120-15.png,10035,external_benchmark_bulk_and_generated_outputs_not_bundled
benchmark/1159846_winrhizo_validation/validation_output/processed_multiscale/binary/dpi800_dicot-sim-24-1-120-15.png,6290,external_benchmark_bulk_and_generated_outputs_not_bundled
benchmark/1159846_winrhizo_validation/validation_output/processed_multiscale/binary/dpi800_dicot-sim-25-1-120-15.png,2519,external_benchmark_bulk_and_generated_outputs_not_bundled
benchmark/1159846_winrhizo_validation/validation_output/processed_multiscale/binary/dpi800_dicot-sim-26-1-120-15.png,13314,external_benchmark_bulk_and_generated_outputs_not_bundled
benchmark/1159846_winrhizo_validation/validation_output/processed_multiscale/binary/dpi800_dicot-sim-27-1-120-15.png,6769,external_benchmark_bulk_and_generated_outputs_not_bundled
benchmark/1159846_winrhizo_validation/validation_output/processed_multiscale/binary/dpi800_dicot-sim-28-1-120-15.png,3427,external_benchmark_bulk_and_generated_outputs_not_bundled
benchmark/1159846_winrhizo_validation/validation_output/processed_multiscale/binary/dpi800_dicot-sim-29-1-120-15.png,18526,external_benchmark_bulk_and_generated_outputs_not_bundled
benchmark/1159846_winrhizo_validation/validation_output/processed_multiscale/binary/dpi800_dicot-sim-3-1-120-15.png,11773,external_benchmark_bulk_and_generated_outputs_not_bundled
benchmark/1159846_winrhizo_validation/validation_output/processed_multiscale/binary/dpi800_dicot-sim-30-1-120-15.png,7933,external_benchmark_bulk_and_generated_outputs_not_bundled
benchmark/1159846_winrhizo_validation/validation_output/processed_multiscale/binary/dpi800_dicot-sim-31-1-120-15.png,15289,external_benchmark_bulk_and_generated_outputs_not_bundled
benchmark/1159846_winrhizo_validation/validation_output/processed_multiscale/binary/dpi800_dicot-sim-32-1-120-15.png,12445,external_benchmark_bulk_and_generated_outputs_not_bundled
benchmark/1159846_winrhizo_validation/validation_output/processed_multiscale/binary/dpi800_dicot-sim-33-1-120-15.png,13496,external_benchmark_bulk_and_generated_outputs_not_bundled
benchmark/1159846_winrhizo_validation/validation_output/processed_multiscale/binary/dpi800_dicot-sim-34-1-120-15.png,3505,external_benchmark_bulk_and_generated_outputs_not_bundled
benchmark/1159846_winrhizo_validation/validation_output/processed_multiscale/binary/dpi800_dicot-sim-35-1-120-15.png,932,external_benchmark_bulk_and_generated_outputs_not_bundled
benchmark/1159846_winrhizo_validation/validation_output/processed_multiscale/binary/dpi800_dicot-sim-36-1-120-15.png,5492,external_benchmark_bulk_and_generated_outputs_not_bundled
benchmark/1159846_winrhizo_validation/validation_output/processed_multiscale/binary/dpi800_dicot-sim-37-1-120-15.png,13745,external_benchmark_bulk_and_generated_outputs_not_bundled
benchmark/1159846_winrhizo_validation/validation_output/processed_multiscale/binary/dpi800_dicot-sim-38-1-120-15.png,3531,external_benchmark_bulk_and_generated_outputs_not_bundled
benchmark/1159846_winrhizo_validation/validation_output/processed_multiscale/binary/dpi800_dicot-sim-39-1-120-15.png,5839,external_benchmark_bulk_and_generated_outputs_not_bundled
benchmark/1159846_winrhizo_validation/validation_output/processed_multiscale/binary/dpi800_dicot-sim-4-1-120-15.png,2131,external_benchmark_bulk_and_generated_outputs_not_bundled
benchmark/1159846_winrhizo_validation/validation_output/processed_multiscale/binary/dpi800_dicot-sim-40-1-120-15.png,16548,external_benchmark_bulk_and_generated_outputs_not_bundled
benchmark/1159846_winrhizo_validation/validation_output/processed_multiscale/binary/dpi800_dicot-sim-41-1-120-15.png,424,external_benchmark_bulk_and_generated_outputs_not_bundled
benchmark/1159846_winrhizo_validation/validation_output/processed_multiscale/binary/dpi800_dicot-sim-42-1-120-15.png,17804,external_benchmark_bulk_and_generated_outputs_not_bundled
benchmark/1159846_winrhizo_validation/validation_output/processed_multiscale/binary/dpi800_dicot-sim-43-1-120-15.png,11486,external_benchmark_bulk_and_generated_outputs_not_bundled
benchmark/1159846_winrhizo_validation/validation_output/processed_multiscale/binary/dpi800_dicot-sim-44-1-120-15.png,5540,external_benchmark_bulk_and_generated_outputs_not_bundled
benchmark/1159846_winrhizo_validation/validation_output/processed_multiscale/binary/dpi800_dicot-sim-45-1-120-15.png,7967,external_benchmark_bulk_and_generated_outputs_not_bundled
benchmark/1159846_winrhizo_validation/validation_output/processed_multiscale/binary/dpi800_dicot-sim-46-1-120-15.png,16227,external_benchmark_bulk_and_generated_outputs_not_bundled
benchmark/1159846_winrhizo_validation/validation_output/processed_multiscale/binary/dpi800_dicot-sim-47-1-120-15.png,12247,external_benchmark_bulk_and_generated_outputs_not_bundled
benchmark/1159846_winrhizo_validation/validation_output/processed_multiscale/binary/dpi800_dicot-sim-48-1-120-15.png,21123,external_benchmark_bulk_and_generated_outputs_not_bundled
benchmark/1159846_winrhizo_validation/validation_output/processed_multiscale/binary/dpi800_dicot-sim-49-1-120-15.png,4873,external_benchmark_bulk_and_generated_outputs_not_bundled
benchmark/1159846_winrhizo_validation/validation_output/processed_multiscale/binary/dpi800_dicot-sim-5-1-120-15.png,14209,external_benchmark_bulk_and_generated_outputs_not_bundled
benchmark/1159846_winrhizo_validation/validation_output/processed_multiscale/binary/dpi800_dicot-sim-50-1-120-15.png,19406,external_benchmark_bulk_and_generated_outputs_not_bundled
benchmark/1159846_winrhizo_validation/validation_output/processed_multiscale/binary/dpi800_dicot-sim-6-1-120-15.png,4114,external_benchmark_bulk_and_generated_outputs_not_bundled
benchmark/1159846_winrhizo_validation/validation_output/processed_multiscale/binary/dpi800_dicot-sim-7-1-120-15.png,7844,external_benchmark_bulk_and_generated_outputs_not_bundled
benchmark/1159846_winrhizo_validation/validation_output/processed_multiscale/binary/dpi800_dicot-sim-8-1-120-15.png,20179,external_benchmark_bulk_and_generated_outputs_not_bundled
benchmark/1159846_winrhizo_validation/validation_output/processed_multiscale/binary/dpi800_dicot-sim-9-1-120-15.png,9697,external_benchmark_bulk_and_generated_outputs_not_bundled
benchmark/1159846_winrhizo_validation/validation_output/processed_multiscale/binary/dpi800_monocot-sim-1-1-120-15.png,17634,external_benchmark_bulk_and_generated_outputs_not_bundled
benchmark/1159846_winrhizo_validation/validation_output/processed_multiscale/binary/dpi800_monocot-sim-10-1-120-15.png,8602,external_benchmark_bulk_and_generated_outputs_not_bundled
benchmark/1159846_winrhizo_validation/validation_output/processed_multiscale/binary/dpi800_monocot-sim-11-1-120-15.png,43269,external_benchmark_bulk_and_generated_outputs_not_bundled
benchmark/1159846_winrhizo_validation/validation_output/processed_multiscale/binary/dpi800_monocot-sim-12-1-120-15.png,31606,external_benchmark_bulk_and_generated_outputs_not_bundled
benchmark/1159846_winrhizo_validation/validation_output/processed_multiscale/binary/dpi800_monocot-sim-13-1-120-15.png,9099,external_benchmark_bulk_and_generated_outputs_not_bundled
benchmark/1159846_winrhizo_validation/validation_output/processed_multiscale/binary/dpi800_monocot-sim-14-1-120-15.png,69714,external_benchmark_bulk_and_generated_outputs_not_bundled
benchmark/1159846_winrhizo_validation/validation_output/processed_multiscale/binary/dpi800_monocot-sim-15-1-120-15.png,38030,external_benchmark_bulk_and_generated_outputs_not_bundled
benchmark/1159846_winrhizo_validation/validation_output/processed_multiscale/binary/dpi800_monocot-sim-16-1-120-15.png,13069,external_benchmark_bulk_and_generated_outputs_not_bundled
benchmark/1159846_winrhizo_validation/validation_output/processed_multiscale/binary/dpi800_monocot-sim-17-1-120-15.png,33816,external_benchmark_bulk_and_generated_outputs_not_bundled
benchmark/1159846_winrhizo_validation/validation_output/processed_multiscale/binary/dpi800_monocot-sim-18-1-120-15.png,14245,external_benchmark_bulk_and_generated_outputs_not_bundled
benchmark/1159846_winrhizo_validation/validation_output/processed_multiscale/binary/dpi800_monocot-sim-19-1-120-15.png,18849,external_benchmark_bulk_and_generated_outputs_not_bundled
benchmark/1159846_winrhizo_validation/validation_output/processed_multiscale/binary/dpi800_monocot-sim-2-1-120-15.png,13681,external_benchmark_bulk_and_generated_outputs_not_bundled
benchmark/1159846_winrhizo_validation/validation_output/processed_multiscale/binary/dpi800_monocot-sim-20-1-120-15.png,20245,external_benchmark_bulk_and_generated_outputs_not_bundled
benchmark/1159846_winrhizo_validation/validation_output/processed_multiscale/binary/dpi800_monocot-sim-21-1-120-15.png,69608,external_benchmark_bulk_and_generated_outputs_not_bundled
benchmark/1159846_winrhizo_validation/validation_output/processed_multiscale/binary/dpi800_monocot-sim-22-1-120-15.png,5766,external_benchmark_bulk_and_generated_outputs_not_bundled
benchmark/1159846_winrhizo_validation/validation_output/processed_multiscale/binary/dpi800_monocot-sim-23-1-120-15.png,82071,external_benchmark_bulk_and_generated_outputs_not_bundled
benchmark/1159846_winrhizo_validation/validation_output/processed_multiscale/binary/dpi800_monocot-sim-24-1-120-15.png,38330,external_benchmark_bulk_and_generated_outputs_not_bundled
benchmark/1159846_winrhizo_validation/validation_output/processed_multiscale/binary/dpi800_monocot-sim-25-1-120-15.png,17459,external_benchmark_bulk_and_generated_outputs_not_bundled
benchmark/1159846_winrhizo_validation/validation_output/processed_multiscale/binary/dpi800_monocot-sim-26-1-120-15.png,35170,external_benchmark_bulk_and_generated_outputs_not_bundled
benchmark/1159846_winrhizo_validation/validation_output/processed_multiscale/binary/dpi800_monocot-sim-27-1-120-15.png,48032,external_benchmark_bulk_and_generated_outputs_not_bundled
benchmark/1159846_winrhizo_validation/validation_output/processed_multiscale/binary/dpi800_monocot-sim-28-1-120-15.png,25579,external_benchmark_bulk_and_generated_outputs_not_bundled
benchmark/1159846_winrhizo_validation/validation_output/processed_multiscale/binary/dpi800_monocot-sim-29-1-120-15.png,34822,external_benchmark_bulk_and_generated_outputs_not_bundled
benchmark/1159846_winrhizo_validation/validation_output/processed_multiscale/binary/dpi800_monocot-sim-3-1-120-15.png,24948,external_benchmark_bulk_and_generated_outputs_not_bundled
benchmark/1159846_winrhizo_validation/validation_output/processed_multiscale/binary/dpi800_monocot-sim-30-1-120-15.png,63380,external_benchmark_bulk_and_generated_outputs_not_bundled
benchmark/1159846_winrhizo_validation/validation_output/processed_multiscale/binary/dpi800_monocot-sim-31-1-120-15.png,23457,external_benchmark_bulk_and_generated_outputs_not_bundled
benchmark/1159846_winrhizo_validation/validation_output/processed_multiscale/binary/dpi800_monocot-sim-32-1-120-15.png,32904,external_benchmark_bulk_and_generated_outputs_not_bundled
benchmark/1159846_winrhizo_validation/validation_output/processed_multiscale/binary/dpi800_monocot-sim-33-1-120-15.png,27406,external_benchmark_bulk_and_generated_outputs_not_bundled
benchmark/1159846_winrhizo_validation/validation_output/processed_multiscale/binary/dpi800_monocot-sim-34-1-120-15.png,84669,external_benchmark_bulk_and_generated_outputs_not_bundled
benchmark/1159846_winrhizo_validation/validation_output/processed_multiscale/binary/dpi800_monocot-sim-35-1-120-15.png,55135,external_benchmark_bulk_and_generated_outputs_not_bundled
benchmark/1159846_winrhizo_validation/validation_output/processed_multiscale/binary/dpi800_monocot-sim-36-1-120-15.png,20473,external_benchmark_bulk_and_generated_outputs_not_bundled
benchmark/1159846_winrhizo_validation/validation_output/processed_multiscale/binary/dpi800_monocot-sim-37-1-120-15.png,17389,external_benchmark_bulk_and_generated_outputs_not_bundled
benchmark/1159846_winrhizo_validation/validation_output/processed_multiscale/binary/dpi800_monocot-sim-38-1-120-15.png,70898,external_benchmark_bulk_and_generated_outputs_not_bundled
benchmark/1159846_winrhizo_validation/validation_output/processed_multiscale/binary/dpi800_monocot-sim-39-1-120-15.png,29820,external_benchmark_bulk_and_generated_outputs_not_bundled
benchmark/1159846_winrhizo_validation/validation_output/processed_multiscale/binary/dpi800_monocot-sim-4-1-120-15.png,28995,external_benchmark_bulk_and_generated_outputs_not_bundled
benchmark/1159846_winrhizo_validation/validation_output/processed_multiscale/binary/dpi800_monocot-sim-40-1-120-15.png,352,external_benchmark_bulk_and_generated_outputs_not_bundled
benchmark/1159846_winrhizo_validation/validation_output/processed_multiscale/binary/dpi800_monocot-sim-41-1-120-15.png,59349,external_benchmark_bulk_and_generated_outputs_not_bundled
benchmark/1159846_winrhizo_validation/validation_output/processed_multiscale/binary/dpi800_monocot-sim-42-1-120-15.png,54573,external_benchmark_bulk_and_generated_outputs_not_bundled
benchmark/1159846_winrhizo_validation/validation_output/processed_multiscale/binary/dpi800_monocot-sim-43-1-120-15.png,20463,external_benchmark_bulk_and_generated_outputs_not_bundled
benchmark/1159846_winrhizo_validation/validation_output/processed_multiscale/binary/dpi800_monocot-sim-44-1-120-15.png,18813,external_benchmark_bulk_and_generated_outputs_not_bundled
benchmark/1159846_winrhizo_validation/validation_output/processed_multiscale/binary/dpi800_monocot-sim-45-1-120-15.png,42778,external_benchmark_bulk_and_generated_outputs_not_bundled
benchmark/1159846_winrhizo_validation/validation_output/processed_multiscale/binary/dpi800_monocot-sim-46-1-120-15.png,39408,external_benchmark_bulk_and_generated_outputs_not_bundled
benchmark/1159846_winrhizo_validation/validation_output/processed_multiscale/binary/dpi800_monocot-sim-47-1-120-15.png,27383,external_benchmark_bulk_and_generated_outputs_not_bundled
benchmark/1159846_winrhizo_validation/validation_output/processed_multiscale/binary/dpi800_monocot-sim-48-1-120-15.png,5440,external_benchmark_bulk_and_generated_outputs_not_bundled
benchmark/1159846_winrhizo_validation/validation_output/processed_multiscale/binary/dpi800_monocot-sim-49-1-120-15.png,15198,external_benchmark_bulk_and_generated_outputs_not_bundled
benchmark/1159846_winrhizo_validation/validation_output/processed_multiscale/binary/dpi800_monocot-sim-5-1-120-15.png,26668,external_benchmark_bulk_and_generated_outputs_not_bundled
benchmark/1159846_winrhizo_validation/validation_output/processed_multiscale/binary/dpi800_monocot-sim-50-1-120-15.png,65803,external_benchmark_bulk_and_generated_outputs_not_bundled
benchmark/1159846_winrhizo_validation/validation_output/processed_multiscale/binary/dpi800_monocot-sim-6-1-120-15.png,50314,external_benchmark_bulk_and_generated_outputs_not_bundled
benchmark/1159846_winrhizo_validation/validation_output/processed_multiscale/binary/dpi800_monocot-sim-7-1-120-15.png,27194,external_benchmark_bulk_and_generated_outputs_not_bundled
benchmark/1159846_winrhizo_validation/validation_output/processed_multiscale/binary/dpi800_monocot-sim-8-1-120-15.png,15287,external_benchmark_bulk_and_generated_outputs_not_bundled
benchmark/1159846_winrhizo_validation/validation_output/processed_multiscale/binary/dpi800_monocot-sim-9-1-120-15.png,38718,external_benchmark_bulk_and_generated_outputs_not_bundled
benchmark/1159846_winrhizo_validation/validation_output/processed_multiscale/skeleton/dpi1200_dicot-sim-1-1-120-15.png,9390,external_benchmark_bulk_and_generated_outputs_not_bundled
benchmark/1159846_winrhizo_validation/validation_output/processed_multiscale/skeleton/dpi1200_dicot-sim-10-1-120-15.png,46290,external_benchmark_bulk_and_generated_outputs_not_bundled
benchmark/1159846_winrhizo_validation/validation_output/processed_multiscale/skeleton/dpi1200_dicot-sim-11-1-120-15.png,6567,external_benchmark_bulk_and_generated_outputs_not_bundled
benchmark/1159846_winrhizo_validation/validation_output/processed_multiscale/skeleton/dpi1200_dicot-sim-12-1-120-15.png,10410,external_benchmark_bulk_and_generated_outputs_not_bundled
benchmark/1159846_winrhizo_validation/validation_output/processed_multiscale/skeleton/dpi1200_dicot-sim-13-1-120-15.png,18389,external_benchmark_bulk_and_generated_outputs_not_bundled
benchmark/1159846_winrhizo_validation/validation_output/processed_multiscale/skeleton/dpi1200_dicot-sim-14-1-120-15.png,8154,external_benchmark_bulk_and_generated_outputs_not_bundled
benchmark/1159846_winrhizo_validation/validation_output/processed_multiscale/skeleton/dpi1200_dicot-sim-15-1-120-15.png,4298,external_benchmark_bulk_and_generated_outputs_not_bundled
benchmark/1159846_winrhizo_validation/validation_output/processed_multiscale/skeleton/dpi1200_dicot-sim-16-1-120-15.png,9120,external_benchmark_bulk_and_generated_outputs_not_bundled
benchmark/1159846_winrhizo_validation/validation_output/processed_multiscale/skeleton/dpi1200_dicot-sim-17-1-120-15.png,19590,external_benchmark_bulk_and_generated_outputs_not_bundled
benchmark/1159846_winrhizo_validation/validation_output/processed_multiscale/skeleton/dpi1200_dicot-sim-18-1-120-15.png,18241,external_benchmark_bulk_and_generated_outputs_not_bundled
benchmark/1159846_winrhizo_validation/validation_output/processed_multiscale/skeleton/dpi1200_dicot-sim-19-1-120-15.png,23580,external_benchmark_bulk_and_generated_outputs_not_bundled
benchmark/1159846_winrhizo_validation/validation_output/processed_multiscale/skeleton/dpi1200_dicot-sim-2-1-120-15.png,13114,external_benchmark_bulk_and_generated_outputs_not_bundled
benchmark/1159846_winrhizo_validation/validation_output/processed_multiscale/skeleton/dpi1200_dicot-sim-20-1-120-15.png,38684,external_benchmark_bulk_and_generated_outputs_not_bundled
benchmark/1159846_winrhizo_validation/validation_output/processed_multiscale/skeleton/dpi1200_dicot-sim-21-1-120-15.png,14254,external_benchmark_bulk_and_generated_outputs_not_bundled
benchmark/1159846_winrhizo_validation/validation_output/processed_multiscale/skeleton/dpi1200_dicot-sim-22-1-120-15.png,8941,external_benchmark_bulk_and_generated_outputs_not_bundled
benchmark/1159846_winrhizo_validation/validation_output/processed_multiscale/skeleton/dpi1200_dicot-sim-23-1-120-15.png,18371,external_benchmark_bulk_and_generated_outputs_not_bundled
benchmark/1159846_winrhizo_validation/validation_output/processed_multiscale/skeleton/dpi1200_dicot-sim-24-1-120-15.png,12253,external_benchmark_bulk_and_generated_outputs_not_bundled
benchmark/1159846_winrhizo_validation/validation_output/processed_multiscale/skeleton/dpi1200_dicot-sim-25-1-120-15.png,7740,external_benchmark_bulk_and_generated_outputs_not_bundled
benchmark/1159846_winrhizo_validation/validation_output/processed_multiscale/skeleton/dpi1200_dicot-sim-26-1-120-15.png,22686,external_benchmark_bulk_and_generated_outputs_not_bundled
benchmark/1159846_winrhizo_validation/validation_output/processed_multiscale/skeleton/dpi1200_dicot-sim-27-1-120-15.png,12786,external_benchmark_bulk_and_generated_outputs_not_bundled
benchmark/1159846_winrhizo_validation/validation_output/processed_multiscale/skeleton/dpi1200_dicot-sim-28-1-120-15.png,8647,external_benchmark_bulk_and_generated_outputs_not_bundled
benchmark/1159846_winrhizo_validation/validation_output/processed_multiscale/skeleton/dpi1200_dicot-sim-29-1-120-15.png,30404,external_benchmark_bulk_and_generated_outputs_not_bundled
benchmark/1159846_winrhizo_validation/validation_output/processed_multiscale/skeleton/dpi1200_dicot-sim-3-1-120-15.png,19903,external_benchmark_bulk_and_generated_outputs_not_bundled
benchmark/1159846_winrhizo_validation/validation_output/processed_multiscale/skeleton/dpi1200_dicot-sim-30-1-120-15.png,14415,external_benchmark_bulk_and_generated_outputs_not_bundled
benchmark/1159846_winrhizo_validation/validation_output/processed_multiscale/skeleton/dpi1200_dicot-sim-31-1-120-15.png,27617,external_benchmark_bulk_and_generated_outputs_not_bundled
benchmark/1159846_winrhizo_validation/validation_output/processed_multiscale/skeleton/dpi1200_dicot-sim-32-1-120-15.png,21866,external_benchmark_bulk_and_generated_outputs_not_bundled
benchmark/1159846_winrhizo_validation/validation_output/processed_multiscale/skeleton/dpi1200_dicot-sim-33-1-120-15.png,23887,external_benchmark_bulk_and_generated_outputs_not_bundled
benchmark/1159846_winrhizo_validation/validation_output/processed_multiscale/skeleton/dpi1200_dicot-sim-34-1-120-15.png,10614,external_benchmark_bulk_and_generated_outputs_not_bundled
benchmark/1159846_winrhizo_validation/validation_output/processed_multiscale/skeleton/dpi1200_dicot-sim-35-1-120-15.png,4727,external_benchmark_bulk_and_generated_outputs_not_bundled
benchmark/1159846_winrhizo_validation/validation_output/processed_multiscale/skeleton/dpi1200_dicot-sim-36-1-120-15.png,10878,external_benchmark_bulk_and_generated_outputs_not_bundled
benchmark/1159846_winrhizo_validation/validation_output/processed_multiscale/skeleton/dpi1200_dicot-sim-37-1-120-15.png,24366,external_benchmark_bulk_and_generated_outputs_not_bundled
benchmark/1159846_winrhizo_validation/validation_output/processed_multiscale/skeleton/dpi1200_dicot-sim-38-1-120-15.png,11229,external_benchmark_bulk_and_generated_outputs_not_bundled
benchmark/1159846_winrhizo_validation/validation_output/processed_multiscale/skeleton/dpi1200_dicot-sim-39-1-120-15.png,10905,external_benchmark_bulk_and_generated_outputs_not_bundled
benchmark/1159846_winrhizo_validation/validation_output/processed_multiscale/skeleton/dpi1200_dicot-sim-4-1-120-15.png,6632,external_benchmark_bulk_and_generated_outputs_not_bundled
benchmark/1159846_winrhizo_validation/validation_output/processed_multiscale/skeleton/dpi1200_dicot-sim-40-1-120-15.png,28367,external_benchmark_bulk_and_generated_outputs_not_bundled
benchmark/1159846_winrhizo_validation/validation_output/processed_multiscale/skeleton/dpi1200_dicot-sim-41-1-120-15.png,2278,external_benchmark_bulk_and_generated_outputs_not_bundled
benchmark/1159846_winrhizo_validation/validation_output/processed_multiscale/skeleton/dpi1200_dicot-sim-42-1-120-15.png,33125,external_benchmark_bulk_and_generated_outputs_not_bundled
benchmark/1159846_winrhizo_validation/validation_output/processed_multiscale/skeleton/dpi1200_dicot-sim-43-1-120-15.png,20304,external_benchmark_bulk_and_generated_outputs_not_bundled
benchmark/1159846_winrhizo_validation/validation_output/processed_multiscale/skeleton/dpi1200_dicot-sim-44-1-120-15.png,10561,external_benchmark_bulk_and_generated_outputs_not_bundled
benchmark/1159846_winrhizo_validation/validation_output/processed_multiscale/skeleton/dpi1200_dicot-sim-45-1-120-15.png,14536,external_benchmark_bulk_and_generated_outputs_not_bundled
benchmark/1159846_winrhizo_validation/validation_output/processed_multiscale/skeleton/dpi1200_dicot-sim-46-1-120-15.png,26381,external_benchmark_bulk_and_generated_outputs_not_bundled
benchmark/1159846_winrhizo_validation/validation_output/processed_multiscale/skeleton/dpi1200_dicot-sim-47-1-120-15.png,22455,external_benchmark_bulk_and_generated_outputs_not_bundled
benchmark/1159846_winrhizo_validation/validation_output/processed_multiscale/skeleton/dpi1200_dicot-sim-48-1-120-15.png,33541,external_benchmark_bulk_and_generated_outputs_not_bundled
benchmark/1159846_winrhizo_validation/validation_output/processed_multiscale/skeleton/dpi1200_dicot-sim-49-1-120-15.png,13482,external_benchmark_bulk_and_generated_outputs_not_bundled
benchmark/1159846_winrhizo_validation/validation_output/processed_multiscale/skeleton/dpi1200_dicot-sim-5-1-120-15.png,23424,external_benchmark_bulk_and_generated_outputs_not_bundled
benchmark/1159846_winrhizo_validation/validation_output/processed_multiscale/skeleton/dpi1200_dicot-sim-50-1-120-15.png,31217,external_benchmark_bulk_and_generated_outputs_not_bundled
benchmark/1159846_winrhizo_validation/validation_output/processed_multiscale/skeleton/dpi1200_dicot-sim-6-1-120-15.png,12103,external_benchmark_bulk_and_generated_outputs_not_bundled
benchmark/1159846_winrhizo_validation/validation_output/processed_multiscale/skeleton/dpi1200_dicot-sim-7-1-120-15.png,13978,external_benchmark_bulk_and_generated_outputs_not_bundled
benchmark/1159846_winrhizo_validation/validation_output/processed_multiscale/skeleton/dpi1200_dicot-sim-8-1-120-15.png,34244,external_benchmark_bulk_and_generated_outputs_not_bundled
benchmark/1159846_winrhizo_validation/validation_output/processed_multiscale/skeleton/dpi1200_dicot-sim-9-1-120-15.png,16475,external_benchmark_bulk_and_generated_outputs_not_bundled
benchmark/1159846_winrhizo_validation/validation_output/processed_multiscale/skeleton/dpi1200_monocot-sim-1-1-120-15.png,26362,external_benchmark_bulk_and_generated_outputs_not_bundled
benchmark/1159846_winrhizo_validation/validation_output/processed_multiscale/skeleton/dpi1200_monocot-sim-10-1-120-15.png,14193,external_benchmark_bulk_and_generated_outputs_not_bundled
benchmark/1159846_winrhizo_validation/validation_output/processed_multiscale/skeleton/dpi1200_monocot-sim-11-1-120-15.png,62275,external_benchmark_bulk_and_generated_outputs_not_bundled
benchmark/1159846_winrhizo_validation/validation_output/processed_multiscale/skeleton/dpi1200_monocot-sim-12-1-120-15.png,47515,external_benchmark_bulk_and_generated_outputs_not_bundled
benchmark/1159846_winrhizo_validation/validation_output/processed_multiscale/skeleton/dpi1200_monocot-sim-13-1-120-15.png,15928,external_benchmark_bulk_and_generated_outputs_not_bundled
benchmark/1159846_winrhizo_validation/validation_output/processed_multiscale/skeleton/dpi1200_monocot-sim-14-1-120-15.png,99152,external_benchmark_bulk_and_generated_outputs_not_bundled
benchmark/1159846_winrhizo_validation/validation_output/processed_multiscale/skeleton/dpi1200_monocot-sim-15-1-120-15.png,60087,external_benchmark_bulk_and_generated_outputs_not_bundled
benchmark/1159846_winrhizo_validation/validation_output/processed_multiscale/skeleton/dpi1200_monocot-sim-16-1-120-15.png,20949,external_benchmark_bulk_and_generated_outputs_not_bundled
benchmark/1159846_winrhizo_validation/validation_output/processed_multiscale/skeleton/dpi1200_monocot-sim-17-1-120-15.png,47828,external_benchmark_bulk_and_generated_outputs_not_bundled
benchmark/1159846_winrhizo_validation/validation_output/processed_multiscale/skeleton/dpi1200_monocot-sim-18-1-120-15.png,23619,external_benchmark_bulk_and_generated_outputs_not_bundled
benchmark/1159846_winrhizo_validation/validation_output/processed_multiscale/skeleton/dpi1200_monocot-sim-19-1-120-15.png,29965,external_benchmark_bulk_and_generated_outputs_not_bundled
benchmark/1159846_winrhizo_validation/validation_output/processed_multiscale/skeleton/dpi1200_monocot-sim-2-1-120-15.png,20592,external_benchmark_bulk_and_generated_outputs_not_bundled
benchmark/1159846_winrhizo_validation/validation_output/processed_multiscale/skeleton/dpi1200_monocot-sim-20-1-120-15.png,30310,external_benchmark_bulk_and_generated_outputs_not_bundled
benchmark/1159846_winrhizo_validation/validation_output/processed_multiscale/skeleton/dpi1200_monocot-sim-21-1-120-15.png,99968,external_benchmark_bulk_and_generated_outputs_not_bundled
benchmark/1159846_winrhizo_validation/validation_output/processed_multiscale/skeleton/dpi1200_monocot-sim-22-1-120-15.png,10420,external_benchmark_bulk_and_generated_outputs_not_bundled
benchmark/1159846_winrhizo_validation/validation_output/processed_multiscale/skeleton/dpi1200_monocot-sim-23-1-120-15.png,122614,external_benchmark_bulk_and_generated_outputs_not_bundled
benchmark/1159846_winrhizo_validation/validation_output/processed_multiscale/skeleton/dpi1200_monocot-sim-24-1-120-15.png,60080,external_benchmark_bulk_and_generated_outputs_not_bundled
benchmark/1159846_winrhizo_validation/validation_output/processed_multiscale/skeleton/dpi1200_monocot-sim-25-1-120-15.png,28253,external_benchmark_bulk_and_generated_outputs_not_bundled
benchmark/1159846_winrhizo_validation/validation_output/processed_multiscale/skeleton/dpi1200_monocot-sim-26-1-120-15.png,55118,external_benchmark_bulk_and_generated_outputs_not_bundled
benchmark/1159846_winrhizo_validation/validation_output/processed_multiscale/skeleton/dpi1200_monocot-sim-27-1-120-15.png,82262,external_benchmark_bulk_and_generated_outputs_not_bundled
benchmark/1159846_winrhizo_validation/validation_output/processed_multiscale/skeleton/dpi1200_monocot-sim-28-1-120-15.png,41197,external_benchmark_bulk_and_generated_outputs_not_bundled
benchmark/1159846_winrhizo_validation/validation_output/processed_multiscale/skeleton/dpi1200_monocot-sim-29-1-120-15.png,51977,external_benchmark_bulk_and_generated_outputs_not_bundled
benchmark/1159846_winrhizo_validation/validation_output/processed_multiscale/skeleton/dpi1200_monocot-sim-3-1-120-15.png,37187,external_benchmark_bulk_and_generated_outputs_not_bundled
benchmark/1159846_winrhizo_validation/validation_output/processed_multiscale/skeleton/dpi1200_monocot-sim-30-1-120-15.png,93784,external_benchmark_bulk_and_generated_outputs_not_bundled
benchmark/1159846_winrhizo_validation/validation_output/processed_multiscale/skeleton/dpi1200_monocot-sim-31-1-120-15.png,35157,external_benchmark_bulk_and_generated_outputs_not_bundled
benchmark/1159846_winrhizo_validation/validation_output/processed_multiscale/skeleton/dpi1200_monocot-sim-32-1-120-15.png,49902,external_benchmark_bulk_and_generated_outputs_not_bundled
benchmark/1159846_winrhizo_validation/validation_output/processed_multiscale/skeleton/dpi1200_monocot-sim-33-1-120-15.png,40895,external_benchmark_bulk_and_generated_outputs_not_bundled
benchmark/1159846_winrhizo_validation/validation_output/processed_multiscale/skeleton/dpi1200_monocot-sim-34-1-120-15.png,130087,external_benchmark_bulk_and_generated_outputs_not_bundled
benchmark/1159846_winrhizo_validation/validation_output/processed_multiscale/skeleton/dpi1200_monocot-sim-35-1-120-15.png,77443,external_benchmark_bulk_and_generated_outputs_not_bundled
benchmark/1159846_winrhizo_validation/validation_output/processed_multiscale/skeleton/dpi1200_monocot-sim-36-1-120-15.png,29696,external_benchmark_bulk_and_generated_outputs_not_bundled
benchmark/1159846_winrhizo_validation/validation_output/processed_multiscale/skeleton/dpi1200_monocot-sim-37-1-120-15.png,27001,external_benchmark_bulk_and_generated_outputs_not_bundled
benchmark/1159846_winrhizo_validation/validation_output/processed_multiscale/skeleton/dpi1200_monocot-sim-38-1-120-15.png,99489,external_benchmark_bulk_and_generated_outputs_not_bundled
benchmark/1159846_winrhizo_validation/validation_output/processed_multiscale/skeleton/dpi1200_monocot-sim-39-1-120-15.png,45192,external_benchmark_bulk_and_generated_outputs_not_bundled
benchmark/1159846_winrhizo_validation/validation_output/processed_multiscale/skeleton/dpi1200_monocot-sim-4-1-120-15.png,44744,external_benchmark_bulk_and_generated_outputs_not_bundled
benchmark/1159846_winrhizo_validation/validation_output/processed_multiscale/skeleton/dpi1200_monocot-sim-40-1-120-15.png,1345,external_benchmark_bulk_and_generated_outputs_not_bundled
benchmark/1159846_winrhizo_validation/validation_output/processed_multiscale/skeleton/dpi1200_monocot-sim-41-1-120-15.png,82694,external_benchmark_bulk_and_generated_outputs_not_bundled
benchmark/1159846_winrhizo_validation/validation_output/processed_multiscale/skeleton/dpi1200_monocot-sim-42-1-120-15.png,89120,external_benchmark_bulk_and_generated_outputs_not_bundled
benchmark/1159846_winrhizo_validation/validation_output/processed_multiscale/skeleton/dpi1200_monocot-sim-43-1-120-15.png,33675,external_benchmark_bulk_and_generated_outputs_not_bundled
benchmark/1159846_winrhizo_validation/validation_output/processed_multiscale/skeleton/dpi1200_monocot-sim-44-1-120-15.png,31215,external_benchmark_bulk_and_generated_outputs_not_bundled
benchmark/1159846_winrhizo_validation/validation_output/processed_multiscale/skeleton/dpi1200_monocot-sim-45-1-120-15.png,66181,external_benchmark_bulk_and_generated_outputs_not_bundled
benchmark/1159846_winrhizo_validation/validation_output/processed_multiscale/skeleton/dpi1200_monocot-sim-46-1-120-15.png,62221,external_benchmark_bulk_and_generated_outputs_not_bundled
benchmark/1159846_winrhizo_validation/validation_output/processed_multiscale/skeleton/dpi1200_monocot-sim-47-1-120-15.png,41560,external_benchmark_bulk_and_generated_outputs_not_bundled
benchmark/1159846_winrhizo_validation/validation_output/processed_multiscale/skeleton/dpi1200_monocot-sim-48-1-120-15.png,9964,external_benchmark_bulk_and_generated_outputs_not_bundled
benchmark/1159846_winrhizo_validation/validation_output/processed_multiscale/skeleton/dpi1200_monocot-sim-49-1-120-15.png,23464,external_benchmark_bulk_and_generated_outputs_not_bundled
benchmark/1159846_winrhizo_validation/validation_output/processed_multiscale/skeleton/dpi1200_monocot-sim-5-1-120-15.png,38149,external_benchmark_bulk_and_generated_outputs_not_bundled
benchmark/1159846_winrhizo_validation/validation_output/processed_multiscale/skeleton/dpi1200_monocot-sim-50-1-120-15.png,94923,external_benchmark_bulk_and_generated_outputs_not_bundled
benchmark/1159846_winrhizo_validation/validation_output/processed_multiscale/skeleton/dpi1200_monocot-sim-6-1-120-15.png,77211,external_benchmark_bulk_and_generated_outputs_not_bundled
benchmark/1159846_winrhizo_validation/validation_output/processed_multiscale/skeleton/dpi1200_monocot-sim-7-1-120-15.png,41887,external_benchmark_bulk_and_generated_outputs_not_bundled
benchmark/1159846_winrhizo_validation/validation_output/processed_multiscale/skeleton/dpi1200_monocot-sim-8-1-120-15.png,26484,external_benchmark_bulk_and_generated_outputs_not_bundled
benchmark/1159846_winrhizo_validation/validation_output/processed_multiscale/skeleton/dpi1200_monocot-sim-9-1-120-15.png,57720,external_benchmark_bulk_and_generated_outputs_not_bundled
benchmark/1159846_winrhizo_validation/validation_output/processed_multiscale/skeleton/dpi200_dicot-sim-1-1-120-15.png,297,external_benchmark_bulk_and_generated_outputs_not_bundled
benchmark/1159846_winrhizo_validation/validation_output/processed_multiscale/skeleton/dpi200_dicot-sim-10-1-120-15.png,4268,external_benchmark_bulk_and_generated_outputs_not_bundled
benchmark/1159846_winrhizo_validation/validation_output/processed_multiscale/skeleton/dpi200_dicot-sim-11-1-120-15.png,224,external_benchmark_bulk_and_generated_outputs_not_bundled
benchmark/1159846_winrhizo_validation/validation_output/processed_multiscale/skeleton/dpi200_dicot-sim-12-1-120-15.png,651,external_benchmark_bulk_and_generated_outputs_not_bundled
benchmark/1159846_winrhizo_validation/validation_output/processed_multiscale/skeleton/dpi200_dicot-sim-13-1-120-15.png,1677,external_benchmark_bulk_and_generated_outputs_not_bundled
benchmark/1159846_winrhizo_validation/validation_output/processed_multiscale/skeleton/dpi200_dicot-sim-14-1-120-15.png,214,external_benchmark_bulk_and_generated_outputs_not_bundled
benchmark/1159846_winrhizo_validation/validation_output/processed_multiscale/skeleton/dpi200_dicot-sim-15-1-120-15.png,202,external_benchmark_bulk_and_generated_outputs_not_bundled
benchmark/1159846_winrhizo_validation/validation_output/processed_multiscale/skeleton/dpi200_dicot-sim-16-1-120-15.png,392,external_benchmark_bulk_and_generated_outputs_not_bundled
benchmark/1159846_winrhizo_validation/validation_output/processed_multiscale/skeleton/dpi200_dicot-sim-17-1-120-15.png,1679,external_benchmark_bulk_and_generated_outputs_not_bundled
benchmark/1159846_winrhizo_validation/validation_output/processed_multiscale/skeleton/dpi200_dicot-sim-18-1-120-15.png,1240,external_benchmark_bulk_and_generated_outputs_not_bundled
benchmark/1159846_winrhizo_validation/validation_output/processed_multiscale/skeleton/dpi200_dicot-sim-19-1-120-15.png,2085,external_benchmark_bulk_and_generated_outputs_not_bundled
benchmark/1159846_winrhizo_validation/validation_output/processed_multiscale/skeleton/dpi200_dicot-sim-2-1-120-15.png,737,external_benchmark_bulk_and_generated_outputs_not_bundled
benchmark/1159846_winrhizo_validation/validation_output/processed_multiscale/skeleton/dpi200_dicot-sim-20-1-120-15.png,3433,external_benchmark_bulk_and_generated_outputs_not_bundled
benchmark/1159846_winrhizo_validation/validation_output/processed_multiscale/skeleton/dpi200_dicot-sim-21-1-120-15.png,970,external_benchmark_bulk_and_generated_outputs_not_bundled
benchmark/1159846_winrhizo_validation/validation_output/processed_multiscale/skeleton/dpi200_dicot-sim-22-1-120-15.png,565,external_benchmark_bulk_and_generated_outputs_not_bundled
benchmark/1159846_winrhizo_validation/validation_output/processed_multiscale/skeleton/dpi200_dicot-sim-23-1-120-15.png,1116,external_benchmark_bulk_and_generated_outputs_not_bundled
benchmark/1159846_winrhizo_validation/validation_output/processed_multiscale/skeleton/dpi200_dicot-sim-24-1-120-15.png,551,external_benchmark_bulk_and_generated_outputs_not_bundled
benchmark/1159846_winrhizo_validation/validation_output/processed_multiscale/skeleton/dpi200_dicot-sim-25-1-120-15.png,232,external_benchmark_bulk_and_generated_outputs_not_bundled
benchmark/1159846_winrhizo_validation/validation_output/processed_multiscale/skeleton/dpi200_dicot-sim-26-1-120-15.png,2036,external_benchmark_bulk_and_generated_outputs_not_bundled
benchmark/1159846_winrhizo_validation/validation_output/processed_multiscale/skeleton/dpi200_dicot-sim-27-1-120-15.png,714,external_benchmark_bulk_and_generated_outputs_not_bundled
benchmark/1159846_winrhizo_validation/validation_output/processed_multiscale/skeleton/dpi200_dicot-sim-28-1-120-15.png,292,external_benchmark_bulk_and_generated_outputs_not_bundled
benchmark/1159846_winrhizo_validation/validation_output/processed_multiscale/skeleton/dpi200_dicot-sim-29-1-120-15.png,3140,external_benchmark_bulk_and_generated_outputs_not_bundled
benchmark/1159846_winrhizo_validation/validation_output/processed_multiscale/skeleton/dpi200_dicot-sim-3-1-120-15.png,1672,external_benchmark_bulk_and_generated_outputs_not_bundled
benchmark/1159846_winrhizo_validation/validation_output/processed_multiscale/skeleton/dpi200_dicot-sim-30-1-120-15.png,948,external_benchmark_bulk_and_generated_outputs_not_bundled
benchmark/1159846_winrhizo_validation/validation_output/processed_multiscale/skeleton/dpi200_dicot-sim-31-1-120-15.png,2370,external_benchmark_bulk_and_generated_outputs_not_bundled
benchmark/1159846_winrhizo_validation/validation_output/processed_multiscale/skeleton/dpi200_dicot-sim-32-1-120-15.png,1296,external_benchmark_bulk_and_generated_outputs_not_bundled
benchmark/1159846_winrhizo_validation/validation_output/processed_multiscale/skeleton/dpi200_dicot-sim-33-1-120-15.png,2312,external_benchmark_bulk_and_generated_outputs_not_bundled
benchmark/1159846_winrhizo_validation/validation_output/processed_multiscale/skeleton/dpi200_dicot-sim-34-1-120-15.png,320,external_benchmark_bulk_and_generated_outputs_not_bundled
benchmark/1159846_winrhizo_validation/validation_output/processed_multiscale/skeleton/dpi200_dicot-sim-35-1-120-15.png,176,external_benchmark_bulk_and_generated_outputs_not_bundled
benchmark/1159846_winrhizo_validation/validation_output/processed_multiscale/skeleton/dpi200_dicot-sim-36-1-120-15.png,630,external_benchmark_bulk_and_generated_outputs_not_bundled
benchmark/1159846_winrhizo_validation/validation_output/processed_multiscale/skeleton/dpi200_dicot-sim-37-1-120-15.png,2204,external_benchmark_bulk_and_generated_outputs_not_bundled
benchmark/1159846_winrhizo_validation/validation_output/processed_multiscale/skeleton/dpi200_dicot-sim-38-1-120-15.png,341,external_benchmark_bulk_and_generated_outputs_not_bundled
benchmark/1159846_winrhizo_validation/validation_output/processed_multiscale/skeleton/dpi200_dicot-sim-39-1-120-15.png,534,external_benchmark_bulk_and_generated_outputs_not_bundled
benchmark/1159846_winrhizo_validation/validation_output/processed_multiscale/skeleton/dpi200_dicot-sim-4-1-120-15.png,211,external_benchmark_bulk_and_generated_outputs_not_bundled
benchmark/1159846_winrhizo_validation/validation_output/processed_multiscale/skeleton/dpi200_dicot-sim-40-1-120-15.png,2448,external_benchmark_bulk_and_generated_outputs_not_bundled
benchmark/1159846_winrhizo_validation/validation_output/processed_multiscale/skeleton/dpi200_dicot-sim-41-1-120-15.png,142,external_benchmark_bulk_and_generated_outputs_not_bundled
benchmark/1159846_winrhizo_validation/validation_output/processed_multiscale/skeleton/dpi200_dicot-sim-42-1-120-15.png,2869,external_benchmark_bulk_and_generated_outputs_not_bundled
benchmark/1159846_winrhizo_validation/validation_output/processed_multiscale/skeleton/dpi200_dicot-sim-43-1-120-15.png,1919,external_benchmark_bulk_and_generated_outputs_not_bundled
benchmark/1159846_winrhizo_validation/validation_output/processed_multiscale/skeleton/dpi200_dicot-sim-44-1-120-15.png,616,external_benchmark_bulk_and_generated_outputs_not_bundled
benchmark/1159846_winrhizo_validation/validation_output/processed_multiscale/skeleton/dpi200_dicot-sim-45-1-120-15.png,950,external_benchmark_bulk_and_generated_outputs_not_bundled
benchmark/1159846_winrhizo_validation/validation_output/processed_multiscale/skeleton/dpi200_dicot-sim-46-1-120-15.png,1935,external_benchmark_bulk_and_generated_outputs_not_bundled
benchmark/1159846_winrhizo_validation/validation_output/processed_multiscale/skeleton/dpi200_dicot-sim-47-1-120-15.png,1947,external_benchmark_bulk_and_generated_outputs_not_bundled
benchmark/1159846_winrhizo_validation/validation_output/processed_multiscale/skeleton/dpi200_dicot-sim-48-1-120-15.png,3366,external_benchmark_bulk_and_generated_outputs_not_bundled
benchmark/1159846_winrhizo_validation/validation_output/processed_multiscale/skeleton/dpi200_dicot-sim-49-1-120-15.png,482,external_benchmark_bulk_and_generated_outputs_not_bundled
benchmark/1159846_winrhizo_validation/validation_output/processed_multiscale/skeleton/dpi200_dicot-sim-5-1-120-15.png,1963,external_benchmark_bulk_and_generated_outputs_not_bundled
benchmark/1159846_winrhizo_validation/validation_output/processed_multiscale/skeleton/dpi200_dicot-sim-50-1-120-15.png,2840,external_benchmark_bulk_and_generated_outputs_not_bundled
benchmark/1159846_winrhizo_validation/validation_output/processed_multiscale/skeleton/dpi200_dicot-sim-6-1-120-15.png,398,external_benchmark_bulk_and_generated_outputs_not_bundled
benchmark/1159846_winrhizo_validation/validation_output/processed_multiscale/skeleton/dpi200_dicot-sim-7-1-120-15.png,853,external_benchmark_bulk_and_generated_outputs_not_bundled
benchmark/1159846_winrhizo_validation/validation_output/processed_multiscale/skeleton/dpi200_dicot-sim-8-1-120-15.png,3130,external_benchmark_bulk_and_generated_outputs_not_bundled
benchmark/1159846_winrhizo_validation/validation_output/processed_multiscale/skeleton/dpi200_dicot-sim-9-1-120-15.png,1295,external_benchmark_bulk_and_generated_outputs_not_bundled
benchmark/1159846_winrhizo_validation/validation_output/processed_multiscale/skeleton/dpi200_monocot-sim-1-1-120-15.png,2264,external_benchmark_bulk_and_generated_outputs_not_bundled
benchmark/1159846_winrhizo_validation/validation_output/processed_multiscale/skeleton/dpi200_monocot-sim-10-1-120-15.png,1161,external_benchmark_bulk_and_generated_outputs_not_bundled
benchmark/1159846_winrhizo_validation/validation_output/processed_multiscale/skeleton/dpi200_monocot-sim-11-1-120-15.png,6092,external_benchmark_bulk_and_generated_outputs_not_bundled
benchmark/1159846_winrhizo_validation/validation_output/processed_multiscale/skeleton/dpi200_monocot-sim-12-1-120-15.png,3817,external_benchmark_bulk_and_generated_outputs_not_bundled
benchmark/1159846_winrhizo_validation/validation_output/processed_multiscale/skeleton/dpi200_monocot-sim-13-1-120-15.png,1460,external_benchmark_bulk_and_generated_outputs_not_bundled
benchmark/1159846_winrhizo_validation/validation_output/processed_multiscale/skeleton/dpi200_monocot-sim-14-1-120-15.png,7765,external_benchmark_bulk_and_generated_outputs_not_bundled
benchmark/1159846_winrhizo_validation/validation_output/processed_multiscale/skeleton/dpi200_monocot-sim-15-1-120-15.png,5811,external_benchmark_bulk_and_generated_outputs_not_bundled
benchmark/1159846_winrhizo_validation/validation_output/processed_multiscale/skeleton/dpi200_monocot-sim-16-1-120-15.png,1750,external_benchmark_bulk_and_generated_outputs_not_bundled
benchmark/1159846_winrhizo_validation/validation_output/processed_multiscale/skeleton/dpi200_monocot-sim-17-1-120-15.png,4282,external_benchmark_bulk_and_generated_outputs_not_bundled
benchmark/1159846_winrhizo_validation/validation_output/processed_multiscale/skeleton/dpi200_monocot-sim-18-1-120-15.png,1689,external_benchmark_bulk_and_generated_outputs_not_bundled
benchmark/1159846_winrhizo_validation/validation_output/processed_multiscale/skeleton/dpi200_monocot-sim-19-1-120-15.png,2663,external_benchmark_bulk_and_generated_outputs_not_bundled
benchmark/1159846_winrhizo_validation/validation_output/processed_multiscale/skeleton/dpi200_monocot-sim-2-1-120-15.png,1900,external_benchmark_bulk_and_generated_outputs_not_bundled
benchmark/1159846_winrhizo_validation/validation_output/processed_multiscale/skeleton/dpi200_monocot-sim-20-1-120-15.png,2871,external_benchmark_bulk_and_generated_outputs_not_bundled
benchmark/1159846_winrhizo_validation/validation_output/processed_multiscale/skeleton/dpi200_monocot-sim-21-1-120-15.png,9470,external_benchmark_bulk_and_generated_outputs_not_bundled
benchmark/1159846_winrhizo_validation/validation_output/processed_multiscale/skeleton/dpi200_monocot-sim-22-1-120-15.png,701,external_benchmark_bulk_and_generated_outputs_not_bundled
benchmark/1159846_winrhizo_validation/validation_output/processed_multiscale/skeleton/dpi200_monocot-sim-23-1-120-15.png,11159,external_benchmark_bulk_and_generated_outputs_not_bundled
benchmark/1159846_winrhizo_validation/validation_output/processed_multiscale/skeleton/dpi200_monocot-sim-24-1-120-15.png,4283,external_benchmark_bulk_and_generated_outputs_not_bundled
benchmark/1159846_winrhizo_validation/validation_output/processed_multiscale/skeleton/dpi200_monocot-sim-25-1-120-15.png,2212,external_benchmark_bulk_and_generated_outputs_not_bundled
benchmark/1159846_winrhizo_validation/validation_output/processed_multiscale/skeleton/dpi200_monocot-sim-26-1-120-15.png,5207,external_benchmark_bulk_and_generated_outputs_not_bundled
benchmark/1159846_winrhizo_validation/validation_output/processed_multiscale/skeleton/dpi200_monocot-sim-27-1-120-15.png,6322,external_benchmark_bulk_and_generated_outputs_not_bundled
benchmark/1159846_winrhizo_validation/validation_output/processed_multiscale/skeleton/dpi200_monocot-sim-28-1-120-15.png,3446,external_benchmark_bulk_and_generated_outputs_not_bundled
benchmark/1159846_winrhizo_validation/validation_output/processed_multiscale/skeleton/dpi200_monocot-sim-29-1-120-15.png,3403,external_benchmark_bulk_and_generated_outputs_not_bundled
benchmark/1159846_winrhizo_validation/validation_output/processed_multiscale/skeleton/dpi200_monocot-sim-3-1-120-15.png,3698,external_benchmark_bulk_and_generated_outputs_not_bundled
benchmark/1159846_winrhizo_validation/validation_output/processed_multiscale/skeleton/dpi200_monocot-sim-30-1-120-15.png,8596,external_benchmark_bulk_and_generated_outputs_not_bundled
benchmark/1159846_winrhizo_validation/validation_output/processed_multiscale/skeleton/dpi200_monocot-sim-31-1-120-15.png,3078,external_benchmark_bulk_and_generated_outputs_not_bundled
benchmark/1159846_winrhizo_validation/validation_output/processed_multiscale/skeleton/dpi200_monocot-sim-32-1-120-15.png,4383,external_benchmark_bulk_and_generated_outputs_not_bundled
benchmark/1159846_winrhizo_validation/validation_output/processed_multiscale/skeleton/dpi200_monocot-sim-33-1-120-15.png,3764,external_benchmark_bulk_and_generated_outputs_not_bundled
benchmark/1159846_winrhizo_validation/validation_output/processed_multiscale/skeleton/dpi200_monocot-sim-34-1-120-15.png,9436,external_benchmark_bulk_and_generated_outputs_not_bundled
benchmark/1159846_winrhizo_validation/validation_output/processed_multiscale/skeleton/dpi200_monocot-sim-35-1-120-15.png,6438,external_benchmark_bulk_and_generated_outputs_not_bundled
benchmark/1159846_winrhizo_validation/validation_output/processed_multiscale/skeleton/dpi200_monocot-sim-36-1-120-15.png,2151,external_benchmark_bulk_and_generated_outputs_not_bundled
benchmark/1159846_winrhizo_validation/validation_output/processed_multiscale/skeleton/dpi200_monocot-sim-37-1-120-15.png,2744,external_benchmark_bulk_and_generated_outputs_not_bundled
benchmark/1159846_winrhizo_validation/validation_output/processed_multiscale/skeleton/dpi200_monocot-sim-38-1-120-15.png,8637,external_benchmark_bulk_and_generated_outputs_not_bundled
benchmark/1159846_winrhizo_validation/validation_output/processed_multiscale/skeleton/dpi200_monocot-sim-39-1-120-15.png,3321,external_benchmark_bulk_and_generated_outputs_not_bundled
benchmark/1159846_winrhizo_validation/validation_output/processed_multiscale/skeleton/dpi200_monocot-sim-4-1-120-15.png,4268,external_benchmark_bulk_and_generated_outputs_not_bundled
benchmark/1159846_winrhizo_validation/validation_output/processed_multiscale/skeleton/dpi200_monocot-sim-40-1-120-15.png,135,external_benchmark_bulk_and_generated_outputs_not_bundled
benchmark/1159846_winrhizo_validation/validation_output/processed_multiscale/skeleton/dpi200_monocot-sim-41-1-120-15.png,6316,external_benchmark_bulk_and_generated_outputs_not_bundled
benchmark/1159846_winrhizo_validation/validation_output/processed_multiscale/skeleton/dpi200_monocot-sim-42-1-120-15.png,6693,external_benchmark_bulk_and_generated_outputs_not_bundled
benchmark/1159846_winrhizo_validation/validation_output/processed_multiscale/skeleton/dpi200_monocot-sim-43-1-120-15.png,2967,external_benchmark_bulk_and_generated_outputs_not_bundled
benchmark/1159846_winrhizo_validation/validation_output/processed_multiscale/skeleton/dpi200_monocot-sim-44-1-120-15.png,2420,external_benchmark_bulk_and_generated_outputs_not_bundled
benchmark/1159846_winrhizo_validation/validation_output/processed_multiscale/skeleton/dpi200_monocot-sim-45-1-120-15.png,5924,external_benchmark_bulk_and_generated_outputs_not_bundled
benchmark/1159846_winrhizo_validation/validation_output/processed_multiscale/skeleton/dpi200_monocot-sim-46-1-120-15.png,5128,external_benchmark_bulk_and_generated_outputs_not_bundled
benchmark/1159846_winrhizo_validation/validation_output/processed_multiscale/skeleton/dpi200_monocot-sim-47-1-120-15.png,3408,external_benchmark_bulk_and_generated_outputs_not_bundled
benchmark/1159846_winrhizo_validation/validation_output/processed_multiscale/skeleton/dpi200_monocot-sim-48-1-120-15.png,558,external_benchmark_bulk_and_generated_outputs_not_bundled
benchmark/1159846_winrhizo_validation/validation_output/processed_multiscale/skeleton/dpi200_monocot-sim-49-1-120-15.png,2232,external_benchmark_bulk_and_generated_outputs_not_bundled
benchmark/1159846_winrhizo_validation/validation_output/processed_multiscale/skeleton/dpi200_monocot-sim-5-1-120-15.png,3423,external_benchmark_bulk_and_generated_outputs_not_bundled
benchmark/1159846_winrhizo_validation/validation_output/processed_multiscale/skeleton/dpi200_monocot-sim-50-1-120-15.png,8744,external_benchmark_bulk_and_generated_outputs_not_bundled
benchmark/1159846_winrhizo_validation/validation_output/processed_multiscale/skeleton/dpi200_monocot-sim-6-1-120-15.png,6727,external_benchmark_bulk_and_generated_outputs_not_bundled
benchmark/1159846_winrhizo_validation/validation_output/processed_multiscale/skeleton/dpi200_monocot-sim-7-1-120-15.png,3840,external_benchmark_bulk_and_generated_outputs_not_bundled
benchmark/1159846_winrhizo_validation/validation_output/processed_multiscale/skeleton/dpi200_monocot-sim-8-1-120-15.png,1953,external_benchmark_bulk_and_generated_outputs_not_bundled
benchmark/1159846_winrhizo_validation/validation_output/processed_multiscale/skeleton/dpi200_monocot-sim-9-1-120-15.png,5454,external_benchmark_bulk_and_generated_outputs_not_bundled
benchmark/1159846_winrhizo_validation/validation_output/processed_multiscale/skeleton/dpi400_dicot-sim-1-1-120-15.png,788,external_benchmark_bulk_and_generated_outputs_not_bundled
benchmark/1159846_winrhizo_validation/validation_output/processed_multiscale/skeleton/dpi400_dicot-sim-10-1-120-15.png,10498,external_benchmark_bulk_and_generated_outputs_not_bundled
benchmark/1159846_winrhizo_validation/validation_output/processed_multiscale/skeleton/dpi400_dicot-sim-11-1-120-15.png,492,external_benchmark_bulk_and_generated_outputs_not_bundled
benchmark/1159846_winrhizo_validation/validation_output/processed_multiscale/skeleton/dpi400_dicot-sim-12-1-120-15.png,1732,external_benchmark_bulk_and_generated_outputs_not_bundled
benchmark/1159846_winrhizo_validation/validation_output/processed_multiscale/skeleton/dpi400_dicot-sim-13-1-120-15.png,4322,external_benchmark_bulk_and_generated_outputs_not_bundled
benchmark/1159846_winrhizo_validation/validation_output/processed_multiscale/skeleton/dpi400_dicot-sim-14-1-120-15.png,572,external_benchmark_bulk_and_generated_outputs_not_bundled
benchmark/1159846_winrhizo_validation/validation_output/processed_multiscale/skeleton/dpi400_dicot-sim-15-1-120-15.png,291,external_benchmark_bulk_and_generated_outputs_not_bundled
benchmark/1159846_winrhizo_validation/validation_output/processed_multiscale/skeleton/dpi400_dicot-sim-16-1-120-15.png,1193,external_benchmark_bulk_and_generated_outputs_not_bundled
benchmark/1159846_winrhizo_validation/validation_output/processed_multiscale/skeleton/dpi400_dicot-sim-17-1-120-15.png,4224,external_benchmark_bulk_and_generated_outputs_not_bundled
benchmark/1159846_winrhizo_validation/validation_output/processed_multiscale/skeleton/dpi400_dicot-sim-18-1-120-15.png,3095,external_benchmark_bulk_and_generated_outputs_not_bundled
benchmark/1159846_winrhizo_validation/validation_output/processed_multiscale/skeleton/dpi400_dicot-sim-19-1-120-15.png,5045,external_benchmark_bulk_and_generated_outputs_not_bundled
benchmark/1159846_winrhizo_validation/validation_output/processed_multiscale/skeleton/dpi400_dicot-sim-2-1-120-15.png,2164,external_benchmark_bulk_and_generated_outputs_not_bundled
benchmark/1159846_winrhizo_validation/validation_output/processed_multiscale/skeleton/dpi400_dicot-sim-20-1-120-15.png,8926,external_benchmark_bulk_and_generated_outputs_not_bundled
benchmark/1159846_winrhizo_validation/validation_output/processed_multiscale/skeleton/dpi400_dicot-sim-21-1-120-15.png,2488,external_benchmark_bulk_and_generated_outputs_not_bundled
benchmark/1159846_winrhizo_validation/validation_output/processed_multiscale/skeleton/dpi400_dicot-sim-22-1-120-15.png,1258,external_benchmark_bulk_and_generated_outputs_not_bundled
benchmark/1159846_winrhizo_validation/validation_output/processed_multiscale/skeleton/dpi400_dicot-sim-23-1-120-15.png,3190,external_benchmark_bulk_and_generated_outputs_not_bundled
benchmark/1159846_winrhizo_validation/validation_output/processed_multiscale/skeleton/dpi400_dicot-sim-24-1-120-15.png,1883,external_benchmark_bulk_and_generated_outputs_not_bundled
benchmark/1159846_winrhizo_validation/validation_output/processed_multiscale/skeleton/dpi400_dicot-sim-25-1-120-15.png,736,external_benchmark_bulk_and_generated_outputs_not_bundled
benchmark/1159846_winrhizo_validation/validation_output/processed_multiscale/skeleton/dpi400_dicot-sim-26-1-120-15.png,5120,external_benchmark_bulk_and_generated_outputs_not_bundled
benchmark/1159846_winrhizo_validation/validation_output/processed_multiscale/skeleton/dpi400_dicot-sim-27-1-120-15.png,2076,external_benchmark_bulk_and_generated_outputs_not_bundled
benchmark/1159846_winrhizo_validation/validation_output/processed_multiscale/skeleton/dpi400_dicot-sim-28-1-120-15.png,1046,external_benchmark_bulk_and_generated_outputs_not_bundled
benchmark/1159846_winrhizo_validation/validation_output/processed_multiscale/skeleton/dpi400_dicot-sim-29-1-120-15.png,7067,external_benchmark_bulk_and_generated_outputs_not_bundled
benchmark/1159846_winrhizo_validation/validation_output/processed_multiscale/skeleton/dpi400_dicot-sim-3-1-120-15.png,4226,external_benchmark_bulk_and_generated_outputs_not_bundled
benchmark/1159846_winrhizo_validation/validation_output/processed_multiscale/skeleton/dpi400_dicot-sim-30-1-120-15.png,2683,external_benchmark_bulk_and_generated_outputs_not_bundled
benchmark/1159846_winrhizo_validation/validation_output/processed_multiscale/skeleton/dpi400_dicot-sim-31-1-120-15.png,6205,external_benchmark_bulk_and_generated_outputs_not_bundled
benchmark/1159846_winrhizo_validation/validation_output/processed_multiscale/skeleton/dpi400_dicot-sim-32-1-120-15.png,4227,external_benchmark_bulk_and_generated_outputs_not_bundled
benchmark/1159846_winrhizo_validation/validation_output/processed_multiscale/skeleton/dpi400_dicot-sim-33-1-120-15.png,5271,external_benchmark_bulk_and_generated_outputs_not_bundled
benchmark/1159846_winrhizo_validation/validation_output/processed_multiscale/skeleton/dpi400_dicot-sim-34-1-120-15.png,859,external_benchmark_bulk_and_generated_outputs_not_bundled
benchmark/1159846_winrhizo_validation/validation_output/processed_multiscale/skeleton/dpi400_dicot-sim-35-1-120-15.png,275,external_benchmark_bulk_and_generated_outputs_not_bundled
benchmark/1159846_winrhizo_validation/validation_output/processed_multiscale/skeleton/dpi400_dicot-sim-36-1-120-15.png,1823,external_benchmark_bulk_and_generated_outputs_not_bundled
benchmark/1159846_winrhizo_validation/validation_output/processed_multiscale/skeleton/dpi400_dicot-sim-37-1-120-15.png,5484,external_benchmark_bulk_and_generated_outputs_not_bundled
benchmark/1159846_winrhizo_validation/validation_output/processed_multiscale/skeleton/dpi400_dicot-sim-38-1-120-15.png,1001,external_benchmark_bulk_and_generated_outputs_not_bundled
benchmark/1159846_winrhizo_validation/validation_output/processed_multiscale/skeleton/dpi400_dicot-sim-39-1-120-15.png,1736,external_benchmark_bulk_and_generated_outputs_not_bundled
benchmark/1159846_winrhizo_validation/validation_output/processed_multiscale/skeleton/dpi400_dicot-sim-4-1-120-15.png,526,external_benchmark_bulk_and_generated_outputs_not_bundled
benchmark/1159846_winrhizo_validation/validation_output/processed_multiscale/skeleton/dpi400_dicot-sim-40-1-120-15.png,6259,external_benchmark_bulk_and_generated_outputs_not_bundled
benchmark/1159846_winrhizo_validation/validation_output/processed_multiscale/skeleton/dpi400_dicot-sim-41-1-120-15.png,191,external_benchmark_bulk_and_generated_outputs_not_bundled
benchmark/1159846_winrhizo_validation/validation_output/processed_multiscale/skeleton/dpi400_dicot-sim-42-1-120-15.png,7402,external_benchmark_bulk_and_generated_outputs_not_bundled
benchmark/1159846_winrhizo_validation/validation_output/processed_multiscale/skeleton/dpi400_dicot-sim-43-1-120-15.png,4833,external_benchmark_bulk_and_generated_outputs_not_bundled
benchmark/1159846_winrhizo_validation/validation_output/processed_multiscale/skeleton/dpi400_dicot-sim-44-1-120-15.png,1784,external_benchmark_bulk_and_generated_outputs_not_bundled
benchmark/1159846_winrhizo_validation/validation_output/processed_multiscale/skeleton/dpi400_dicot-sim-45-1-120-15.png,2686,external_benchmark_bulk_and_generated_outputs_not_bundled
benchmark/1159846_winrhizo_validation/validation_output/processed_multiscale/skeleton/dpi400_dicot-sim-46-1-120-15.png,5671,external_benchmark_bulk_and_generated_outputs_not_bundled
benchmark/1159846_winrhizo_validation/validation_output/processed_multiscale/skeleton/dpi400_dicot-sim-47-1-120-15.png,4889,external_benchmark_bulk_and_generated_outputs_not_bundled
benchmark/1159846_winrhizo_validation/validation_output/processed_multiscale/skeleton/dpi400_dicot-sim-48-1-120-15.png,8040,external_benchmark_bulk_and_generated_outputs_not_bundled
benchmark/1159846_winrhizo_validation/validation_output/processed_multiscale/skeleton/dpi400_dicot-sim-49-1-120-15.png,1435,external_benchmark_bulk_and_generated_outputs_not_bundled
benchmark/1159846_winrhizo_validation/validation_output/processed_multiscale/skeleton/dpi400_dicot-sim-5-1-120-15.png,4999,external_benchmark_bulk_and_generated_outputs_not_bundled
benchmark/1159846_winrhizo_validation/validation_output/processed_multiscale/skeleton/dpi400_dicot-sim-50-1-120-15.png,7110,external_benchmark_bulk_and_generated_outputs_not_bundled
benchmark/1159846_winrhizo_validation/validation_output/processed_multiscale/skeleton/dpi400_dicot-sim-6-1-120-15.png,1148,external_benchmark_bulk_and_generated_outputs_not_bundled
benchmark/1159846_winrhizo_validation/validation_output/processed_multiscale/skeleton/dpi400_dicot-sim-7-1-120-15.png,2589,external_benchmark_bulk_and_generated_outputs_not_bundled
benchmark/1159846_winrhizo_validation/validation_output/processed_multiscale/skeleton/dpi400_dicot-sim-8-1-120-15.png,8036,external_benchmark_bulk_and_generated_outputs_not_bundled
benchmark/1159846_winrhizo_validation/validation_output/processed_multiscale/skeleton/dpi400_dicot-sim-9-1-120-15.png,3458,external_benchmark_bulk_and_generated_outputs_not_bundled
benchmark/1159846_winrhizo_validation/validation_output/processed_multiscale/skeleton/dpi400_monocot-sim-1-1-120-15.png,6298,external_benchmark_bulk_and_generated_outputs_not_bundled
benchmark/1159846_winrhizo_validation/validation_output/processed_multiscale/skeleton/dpi400_monocot-sim-10-1-120-15.png,2900,external_benchmark_bulk_and_generated_outputs_not_bundled
benchmark/1159846_winrhizo_validation/validation_output/processed_multiscale/skeleton/dpi400_monocot-sim-11-1-120-15.png,15236,external_benchmark_bulk_and_generated_outputs_not_bundled
benchmark/1159846_winrhizo_validation/validation_output/processed_multiscale/skeleton/dpi400_monocot-sim-12-1-120-15.png,11069,external_benchmark_bulk_and_generated_outputs_not_bundled
benchmark/1159846_winrhizo_validation/validation_output/processed_multiscale/skeleton/dpi400_monocot-sim-13-1-120-15.png,3602,external_benchmark_bulk_and_generated_outputs_not_bundled
benchmark/1159846_winrhizo_validation/validation_output/processed_multiscale/skeleton/dpi400_monocot-sim-14-1-120-15.png,23430,external_benchmark_bulk_and_generated_outputs_not_bundled
benchmark/1159846_winrhizo_validation/validation_output/processed_multiscale/skeleton/dpi400_monocot-sim-15-1-120-15.png,14137,external_benchmark_bulk_and_generated_outputs_not_bundled
benchmark/1159846_winrhizo_validation/validation_output/processed_multiscale/skeleton/dpi400_monocot-sim-16-1-120-15.png,4860,external_benchmark_bulk_and_generated_outputs_not_bundled
benchmark/1159846_winrhizo_validation/validation_output/processed_multiscale/skeleton/dpi400_monocot-sim-17-1-120-15.png,11696,external_benchmark_bulk_and_generated_outputs_not_bundled
benchmark/1159846_winrhizo_validation/validation_output/processed_multiscale/skeleton/dpi400_monocot-sim-18-1-120-15.png,5138,external_benchmark_bulk_and_generated_outputs_not_bundled
benchmark/1159846_winrhizo_validation/validation_output/processed_multiscale/skeleton/dpi400_monocot-sim-19-1-120-15.png,6468,external_benchmark_bulk_and_generated_outputs_not_bundled
benchmark/1159846_winrhizo_validation/validation_output/processed_multiscale/skeleton/dpi400_monocot-sim-2-1-120-15.png,4591,external_benchmark_bulk_and_generated_outputs_not_bundled
benchmark/1159846_winrhizo_validation/validation_output/processed_multiscale/skeleton/dpi400_monocot-sim-20-1-120-15.png,7111,external_benchmark_bulk_and_generated_outputs_not_bundled
benchmark/1159846_winrhizo_validation/validation_output/processed_multiscale/skeleton/dpi400_monocot-sim-21-1-120-15.png,24464,external_benchmark_bulk_and_generated_outputs_not_bundled
benchmark/1159846_winrhizo_validation/validation_output/processed_multiscale/skeleton/dpi400_monocot-sim-22-1-120-15.png,1874,external_benchmark_bulk_and_generated_outputs_not_bundled
benchmark/1159846_winrhizo_validation/validation_output/processed_multiscale/skeleton/dpi400_monocot-sim-23-1-120-15.png,28950,external_benchmark_bulk_and_generated_outputs_not_bundled
benchmark/1159846_winrhizo_validation/validation_output/processed_multiscale/skeleton/dpi400_monocot-sim-24-1-120-15.png,13674,external_benchmark_bulk_and_generated_outputs_not_bundled
benchmark/1159846_winrhizo_validation/validation_output/processed_multiscale/skeleton/dpi400_monocot-sim-25-1-120-15.png,6381,external_benchmark_bulk_and_generated_outputs_not_bundled
benchmark/1159846_winrhizo_validation/validation_output/processed_multiscale/skeleton/dpi400_monocot-sim-26-1-120-15.png,12539,external_benchmark_bulk_and_generated_outputs_not_bundled
benchmark/1159846_winrhizo_validation/validation_output/processed_multiscale/skeleton/dpi400_monocot-sim-27-1-120-15.png,17548,external_benchmark_bulk_and_generated_outputs_not_bundled
benchmark/1159846_winrhizo_validation/validation_output/processed_multiscale/skeleton/dpi400_monocot-sim-28-1-120-15.png,9519,external_benchmark_bulk_and_generated_outputs_not_bundled
benchmark/1159846_winrhizo_validation/validation_output/processed_multiscale/skeleton/dpi400_monocot-sim-29-1-120-15.png,11153,external_benchmark_bulk_and_generated_outputs_not_bundled
benchmark/1159846_winrhizo_validation/validation_output/processed_multiscale/skeleton/dpi400_monocot-sim-3-1-120-15.png,8955,external_benchmark_bulk_and_generated_outputs_not_bundled
benchmark/1159846_winrhizo_validation/validation_output/processed_multiscale/skeleton/dpi400_monocot-sim-30-1-120-15.png,21877,external_benchmark_bulk_and_generated_outputs_not_bundled
benchmark/1159846_winrhizo_validation/validation_output/processed_multiscale/skeleton/dpi400_monocot-sim-31-1-120-15.png,7565,external_benchmark_bulk_and_generated_outputs_not_bundled
benchmark/1159846_winrhizo_validation/validation_output/processed_multiscale/skeleton/dpi400_monocot-sim-32-1-120-15.png,11553,external_benchmark_bulk_and_generated_outputs_not_bundled
benchmark/1159846_winrhizo_validation/validation_output/processed_multiscale/skeleton/dpi400_monocot-sim-33-1-120-15.png,10049,external_benchmark_bulk_and_generated_outputs_not_bundled
benchmark/1159846_winrhizo_validation/validation_output/processed_multiscale/skeleton/dpi400_monocot-sim-34-1-120-15.png,27876,external_benchmark_bulk_and_generated_outputs_not_bundled
benchmark/1159846_winrhizo_validation/validation_output/processed_multiscale/skeleton/dpi400_monocot-sim-35-1-120-15.png,17869,external_benchmark_bulk_and_generated_outputs_not_bundled
benchmark/1159846_winrhizo_validation/validation_output/processed_multiscale/skeleton/dpi400_monocot-sim-36-1-120-15.png,6843,external_benchmark_bulk_and_generated_outputs_not_bundled
benchmark/1159846_winrhizo_validation/validation_output/processed_multiscale/skeleton/dpi400_monocot-sim-37-1-120-15.png,6431,external_benchmark_bulk_and_generated_outputs_not_bundled
benchmark/1159846_winrhizo_validation/validation_output/processed_multiscale/skeleton/dpi400_monocot-sim-38-1-120-15.png,23607,external_benchmark_bulk_and_generated_outputs_not_bundled
benchmark/1159846_winrhizo_validation/validation_output/processed_multiscale/skeleton/dpi400_monocot-sim-39-1-120-15.png,10374,external_benchmark_bulk_and_generated_outputs_not_bundled
benchmark/1159846_winrhizo_validation/validation_output/processed_multiscale/skeleton/dpi400_monocot-sim-4-1-120-15.png,9929,external_benchmark_bulk_and_generated_outputs_not_bundled
benchmark/1159846_winrhizo_validation/validation_output/processed_multiscale/skeleton/dpi400_monocot-sim-40-1-120-15.png,163,external_benchmark_bulk_and_generated_outputs_not_bundled
benchmark/1159846_winrhizo_validation/validation_output/processed_multiscale/skeleton/dpi400_monocot-sim-41-1-120-15.png,20453,external_benchmark_bulk_and_generated_outputs_not_bundled
benchmark/1159846_winrhizo_validation/validation_output/processed_multiscale/skeleton/dpi400_monocot-sim-42-1-120-15.png,18914,external_benchmark_bulk_and_generated_outputs_not_bundled
benchmark/1159846_winrhizo_validation/validation_output/processed_multiscale/skeleton/dpi400_monocot-sim-43-1-120-15.png,7559,external_benchmark_bulk_and_generated_outputs_not_bundled
benchmark/1159846_winrhizo_validation/validation_output/processed_multiscale/skeleton/dpi400_monocot-sim-44-1-120-15.png,7307,external_benchmark_bulk_and_generated_outputs_not_bundled
benchmark/1159846_winrhizo_validation/validation_output/processed_multiscale/skeleton/dpi400_monocot-sim-45-1-120-15.png,14074,external_benchmark_bulk_and_generated_outputs_not_bundled
benchmark/1159846_winrhizo_validation/validation_output/processed_multiscale/skeleton/dpi400_monocot-sim-46-1-120-15.png,12578,external_benchmark_bulk_and_generated_outputs_not_bundled
benchmark/1159846_winrhizo_validation/validation_output/processed_multiscale/skeleton/dpi400_monocot-sim-47-1-120-15.png,8186,external_benchmark_bulk_and_generated_outputs_not_bundled
benchmark/1159846_winrhizo_validation/validation_output/processed_multiscale/skeleton/dpi400_monocot-sim-48-1-120-15.png,1734,external_benchmark_bulk_and_generated_outputs_not_bundled
benchmark/1159846_winrhizo_validation/validation_output/processed_multiscale/skeleton/dpi400_monocot-sim-49-1-120-15.png,5270,external_benchmark_bulk_and_generated_outputs_not_bundled
benchmark/1159846_winrhizo_validation/validation_output/processed_multiscale/skeleton/dpi400_monocot-sim-5-1-120-15.png,9018,external_benchmark_bulk_and_generated_outputs_not_bundled
benchmark/1159846_winrhizo_validation/validation_output/processed_multiscale/skeleton/dpi400_monocot-sim-50-1-120-15.png,22737,external_benchmark_bulk_and_generated_outputs_not_bundled
benchmark/1159846_winrhizo_validation/validation_output/processed_multiscale/skeleton/dpi400_monocot-sim-6-1-120-15.png,17114,external_benchmark_bulk_and_generated_outputs_not_bundled
benchmark/1159846_winrhizo_validation/validation_output/processed_multiscale/skeleton/dpi400_monocot-sim-7-1-120-15.png,9505,external_benchmark_bulk_and_generated_outputs_not_bundled
benchmark/1159846_winrhizo_validation/validation_output/processed_multiscale/skeleton/dpi400_monocot-sim-8-1-120-15.png,5464,external_benchmark_bulk_and_generated_outputs_not_bundled
benchmark/1159846_winrhizo_validation/validation_output/processed_multiscale/skeleton/dpi400_monocot-sim-9-1-120-15.png,13544,external_benchmark_bulk_and_generated_outputs_not_bundled
benchmark/1159846_winrhizo_validation/validation_output/processed_multiscale/skeleton/dpi600_dicot-sim-1-1-120-15.png,1246,external_benchmark_bulk_and_generated_outputs_not_bundled
benchmark/1159846_winrhizo_validation/validation_output/processed_multiscale/skeleton/dpi600_dicot-sim-10-1-120-15.png,17344,external_benchmark_bulk_and_generated_outputs_not_bundled
benchmark/1159846_winrhizo_validation/validation_output/processed_multiscale/skeleton/dpi600_dicot-sim-11-1-120-15.png,1205,external_benchmark_bulk_and_generated_outputs_not_bundled
benchmark/1159846_winrhizo_validation/validation_output/processed_multiscale/skeleton/dpi600_dicot-sim-12-1-120-15.png,2888,external_benchmark_bulk_and_generated_outputs_not_bundled
benchmark/1159846_winrhizo_validation/validation_output/processed_multiscale/skeleton/dpi600_dicot-sim-13-1-120-15.png,6983,external_benchmark_bulk_and_generated_outputs_not_bundled
benchmark/1159846_winrhizo_validation/validation_output/processed_multiscale/skeleton/dpi600_dicot-sim-14-1-120-15.png,1179,external_benchmark_bulk_and_generated_outputs_not_bundled
benchmark/1159846_winrhizo_validation/validation_output/processed_multiscale/skeleton/dpi600_dicot-sim-15-1-120-15.png,501,external_benchmark_bulk_and_generated_outputs_not_bundled
benchmark/1159846_winrhizo_validation/validation_output/processed_multiscale/skeleton/dpi600_dicot-sim-16-1-120-15.png,2132,external_benchmark_bulk_and_generated_outputs_not_bundled
benchmark/1159846_winrhizo_validation/validation_output/processed_multiscale/skeleton/dpi600_dicot-sim-17-1-120-15.png,6968,external_benchmark_bulk_and_generated_outputs_not_bundled
benchmark/1159846_winrhizo_validation/validation_output/processed_multiscale/skeleton/dpi600_dicot-sim-18-1-120-15.png,5312,external_benchmark_bulk_and_generated_outputs_not_bundled
benchmark/1159846_winrhizo_validation/validation_output/processed_multiscale/skeleton/dpi600_dicot-sim-19-1-120-15.png,8370,external_benchmark_bulk_and_generated_outputs_not_bundled
benchmark/1159846_winrhizo_validation/validation_output/processed_multiscale/skeleton/dpi600_dicot-sim-2-1-120-15.png,4625,external_benchmark_bulk_and_generated_outputs_not_bundled
benchmark/1159846_winrhizo_validation/validation_output/processed_multiscale/skeleton/dpi600_dicot-sim-20-1-120-15.png,14973,external_benchmark_bulk_and_generated_outputs_not_bundled
benchmark/1159846_winrhizo_validation/validation_output/processed_multiscale/skeleton/dpi600_dicot-sim-21-1-120-15.png,4866,external_benchmark_bulk_and_generated_outputs_not_bundled
benchmark/1159846_winrhizo_validation/validation_output/processed_multiscale/skeleton/dpi600_dicot-sim-22-1-120-15.png,2362,external_benchmark_bulk_and_generated_outputs_not_bundled
benchmark/1159846_winrhizo_validation/validation_output/processed_multiscale/skeleton/dpi600_dicot-sim-23-1-120-15.png,5130,external_benchmark_bulk_and_generated_outputs_not_bundled
benchmark/1159846_winrhizo_validation/validation_output/processed_multiscale/skeleton/dpi600_dicot-sim-24-1-120-15.png,3873,external_benchmark_bulk_and_generated_outputs_not_bundled
benchmark/1159846_winrhizo_validation/validation_output/processed_multiscale/skeleton/dpi600_dicot-sim-25-1-120-15.png,1551,external_benchmark_bulk_and_generated_outputs_not_bundled
benchmark/1159846_winrhizo_validation/validation_output/processed_multiscale/skeleton/dpi600_dicot-sim-26-1-120-15.png,8301,external_benchmark_bulk_and_generated_outputs_not_bundled
benchmark/1159846_winrhizo_validation/validation_output/processed_multiscale/skeleton/dpi600_dicot-sim-27-1-120-15.png,3530,external_benchmark_bulk_and_generated_outputs_not_bundled
benchmark/1159846_winrhizo_validation/validation_output/processed_multiscale/skeleton/dpi600_dicot-sim-28-1-120-15.png,1998,external_benchmark_bulk_and_generated_outputs_not_bundled
benchmark/1159846_winrhizo_validation/validation_output/processed_multiscale/skeleton/dpi600_dicot-sim-29-1-120-15.png,11467,external_benchmark_bulk_and_generated_outputs_not_bundled
benchmark/1159846_winrhizo_validation/validation_output/processed_multiscale/skeleton/dpi600_dicot-sim-3-1-120-15.png,6495,external_benchmark_bulk_and_generated_outputs_not_bundled
benchmark/1159846_winrhizo_validation/validation_output/processed_multiscale/skeleton/dpi600_dicot-sim-30-1-120-15.png,4695,external_benchmark_bulk_and_generated_outputs_not_bundled
benchmark/1159846_winrhizo_validation/validation_output/processed_multiscale/skeleton/dpi600_dicot-sim-31-1-120-15.png,10323,external_benchmark_bulk_and_generated_outputs_not_bundled
benchmark/1159846_winrhizo_validation/validation_output/processed_multiscale/skeleton/dpi600_dicot-sim-32-1-120-15.png,7612,external_benchmark_bulk_and_generated_outputs_not_bundled
benchmark/1159846_winrhizo_validation/validation_output/processed_multiscale/skeleton/dpi600_dicot-sim-33-1-120-15.png,8823,external_benchmark_bulk_and_generated_outputs_not_bundled
benchmark/1159846_winrhizo_validation/validation_output/processed_multiscale/skeleton/dpi600_dicot-sim-34-1-120-15.png,2096,external_benchmark_bulk_and_generated_outputs_not_bundled
benchmark/1159846_winrhizo_validation/validation_output/processed_multiscale/skeleton/dpi600_dicot-sim-35-1-120-15.png,555,external_benchmark_bulk_and_generated_outputs_not_bundled
benchmark/1159846_winrhizo_validation/validation_output/processed_multiscale/skeleton/dpi600_dicot-sim-36-1-120-15.png,3030,external_benchmark_bulk_and_generated_outputs_not_bundled
benchmark/1159846_winrhizo_validation/validation_output/processed_multiscale/skeleton/dpi600_dicot-sim-37-1-120-15.png,9071,external_benchmark_bulk_and_generated_outputs_not_bundled
benchmark/1159846_winrhizo_validation/validation_output/processed_multiscale/skeleton/dpi600_dicot-sim-38-1-120-15.png,2281,external_benchmark_bulk_and_generated_outputs_not_bundled
benchmark/1159846_winrhizo_validation/validation_output/processed_multiscale/skeleton/dpi600_dicot-sim-39-1-120-15.png,3705,external_benchmark_bulk_and_generated_outputs_not_bundled
benchmark/1159846_winrhizo_validation/validation_output/processed_multiscale/skeleton/dpi600_dicot-sim-4-1-120-15.png,923,external_benchmark_bulk_and_generated_outputs_not_bundled
benchmark/1159846_winrhizo_validation/validation_output/processed_multiscale/skeleton/dpi600_dicot-sim-40-1-120-15.png,10160,external_benchmark_bulk_and_generated_outputs_not_bundled
benchmark/1159846_winrhizo_validation/validation_output/processed_multiscale/skeleton/dpi600_dicot-sim-41-1-120-15.png,273,external_benchmark_bulk_and_generated_outputs_not_bundled
benchmark/1159846_winrhizo_validation/validation_output/processed_multiscale/skeleton/dpi600_dicot-sim-42-1-120-15.png,12264,external_benchmark_bulk_and_generated_outputs_not_bundled
benchmark/1159846_winrhizo_validation/validation_output/processed_multiscale/skeleton/dpi600_dicot-sim-43-1-120-15.png,7657,external_benchmark_bulk_and_generated_outputs_not_bundled
benchmark/1159846_winrhizo_validation/validation_output/processed_multiscale/skeleton/dpi600_dicot-sim-44-1-120-15.png,3664,external_benchmark_bulk_and_generated_outputs_not_bundled
benchmark/1159846_winrhizo_validation/validation_output/processed_multiscale/skeleton/dpi600_dicot-sim-45-1-120-15.png,5374,external_benchmark_bulk_and_generated_outputs_not_bundled
benchmark/1159846_winrhizo_validation/validation_output/processed_multiscale/skeleton/dpi600_dicot-sim-46-1-120-15.png,9612,external_benchmark_bulk_and_generated_outputs_not_bundled
benchmark/1159846_winrhizo_validation/validation_output/processed_multiscale/skeleton/dpi600_dicot-sim-47-1-120-15.png,7971,external_benchmark_bulk_and_generated_outputs_not_bundled
benchmark/1159846_winrhizo_validation/validation_output/processed_multiscale/skeleton/dpi600_dicot-sim-48-1-120-15.png,13127,external_benchmark_bulk_and_generated_outputs_not_bundled
benchmark/1159846_winrhizo_validation/validation_output/processed_multiscale/skeleton/dpi600_dicot-sim-49-1-120-15.png,2974,external_benchmark_bulk_and_generated_outputs_not_bundled
benchmark/1159846_winrhizo_validation/validation_output/processed_multiscale/skeleton/dpi600_dicot-sim-5-1-120-15.png,8182,external_benchmark_bulk_and_generated_outputs_not_bundled
benchmark/1159846_winrhizo_validation/validation_output/processed_multiscale/skeleton/dpi600_dicot-sim-50-1-120-15.png,11949,external_benchmark_bulk_and_generated_outputs_not_bundled
benchmark/1159846_winrhizo_validation/validation_output/processed_multiscale/skeleton/dpi600_dicot-sim-6-1-120-15.png,2713,external_benchmark_bulk_and_generated_outputs_not_bundled
benchmark/1159846_winrhizo_validation/validation_output/processed_multiscale/skeleton/dpi600_dicot-sim-7-1-120-15.png,4774,external_benchmark_bulk_and_generated_outputs_not_bundled
benchmark/1159846_winrhizo_validation/validation_output/processed_multiscale/skeleton/dpi600_dicot-sim-8-1-120-15.png,13113,external_benchmark_bulk_and_generated_outputs_not_bundled
benchmark/1159846_winrhizo_validation/validation_output/processed_multiscale/skeleton/dpi600_dicot-sim-9-1-120-15.png,6242,external_benchmark_bulk_and_generated_outputs_not_bundled
benchmark/1159846_winrhizo_validation/validation_output/processed_multiscale/skeleton/dpi600_monocot-sim-1-1-120-15.png,10027,external_benchmark_bulk_and_generated_outputs_not_bundled
benchmark/1159846_winrhizo_validation/validation_output/processed_multiscale/skeleton/dpi600_monocot-sim-10-1-120-15.png,5158,external_benchmark_bulk_and_generated_outputs_not_bundled
benchmark/1159846_winrhizo_validation/validation_output/processed_multiscale/skeleton/dpi600_monocot-sim-11-1-120-15.png,24982,external_benchmark_bulk_and_generated_outputs_not_bundled
benchmark/1159846_winrhizo_validation/validation_output/processed_multiscale/skeleton/dpi600_monocot-sim-12-1-120-15.png,19358,external_benchmark_bulk_and_generated_outputs_not_bundled
benchmark/1159846_winrhizo_validation/validation_output/processed_multiscale/skeleton/dpi600_monocot-sim-13-1-120-15.png,5797,external_benchmark_bulk_and_generated_outputs_not_bundled
benchmark/1159846_winrhizo_validation/validation_output/processed_multiscale/skeleton/dpi600_monocot-sim-14-1-120-15.png,40064,external_benchmark_bulk_and_generated_outputs_not_bundled
benchmark/1159846_winrhizo_validation/validation_output/processed_multiscale/skeleton/dpi600_monocot-sim-15-1-120-15.png,23597,external_benchmark_bulk_and_generated_outputs_not_bundled
benchmark/1159846_winrhizo_validation/validation_output/processed_multiscale/skeleton/dpi600_monocot-sim-16-1-120-15.png,7667,external_benchmark_bulk_and_generated_outputs_not_bundled
benchmark/1159846_winrhizo_validation/validation_output/processed_multiscale/skeleton/dpi600_monocot-sim-17-1-120-15.png,18885,external_benchmark_bulk_and_generated_outputs_not_bundled
benchmark/1159846_winrhizo_validation/validation_output/processed_multiscale/skeleton/dpi600_monocot-sim-18-1-120-15.png,8629,external_benchmark_bulk_and_generated_outputs_not_bundled
benchmark/1159846_winrhizo_validation/validation_output/processed_multiscale/skeleton/dpi600_monocot-sim-19-1-120-15.png,11046,external_benchmark_bulk_and_generated_outputs_not_bundled
benchmark/1159846_winrhizo_validation/validation_output/processed_multiscale/skeleton/dpi600_monocot-sim-2-1-120-15.png,7660,external_benchmark_bulk_and_generated_outputs_not_bundled
benchmark/1159846_winrhizo_validation/validation_output/processed_multiscale/skeleton/dpi600_monocot-sim-20-1-120-15.png,11494,external_benchmark_bulk_and_generated_outputs_not_bundled
benchmark/1159846_winrhizo_validation/validation_output/processed_multiscale/skeleton/dpi600_monocot-sim-21-1-120-15.png,40301,external_benchmark_bulk_and_generated_outputs_not_bundled
benchmark/1159846_winrhizo_validation/validation_output/processed_multiscale/skeleton/dpi600_monocot-sim-22-1-120-15.png,2960,external_benchmark_bulk_and_generated_outputs_not_bundled
benchmark/1159846_winrhizo_validation/validation_output/processed_multiscale/skeleton/dpi600_monocot-sim-23-1-120-15.png,48050,external_benchmark_bulk_and_generated_outputs_not_bundled
benchmark/1159846_winrhizo_validation/validation_output/processed_multiscale/skeleton/dpi600_monocot-sim-24-1-120-15.png,23034,external_benchmark_bulk_and_generated_outputs_not_bundled
benchmark/1159846_winrhizo_validation/validation_output/processed_multiscale/skeleton/dpi600_monocot-sim-25-1-120-15.png,10623,external_benchmark_bulk_and_generated_outputs_not_bundled
benchmark/1159846_winrhizo_validation/validation_output/processed_multiscale/skeleton/dpi600_monocot-sim-26-1-120-15.png,20453,external_benchmark_bulk_and_generated_outputs_not_bundled
benchmark/1159846_winrhizo_validation/validation_output/processed_multiscale/skeleton/dpi600_monocot-sim-27-1-120-15.png,29855,external_benchmark_bulk_and_generated_outputs_not_bundled
benchmark/1159846_winrhizo_validation/validation_output/processed_multiscale/skeleton/dpi600_monocot-sim-28-1-120-15.png,15468,external_benchmark_bulk_and_generated_outputs_not_bundled
benchmark/1159846_winrhizo_validation/validation_output/processed_multiscale/skeleton/dpi600_monocot-sim-29-1-120-15.png,19064,external_benchmark_bulk_and_generated_outputs_not_bundled
benchmark/1159846_winrhizo_validation/validation_output/processed_multiscale/skeleton/dpi600_monocot-sim-3-1-120-15.png,14367,external_benchmark_bulk_and_generated_outputs_not_bundled
benchmark/1159846_winrhizo_validation/validation_output/processed_multiscale/skeleton/dpi600_monocot-sim-30-1-120-15.png,36765,external_benchmark_bulk_and_generated_outputs_not_bundled
benchmark/1159846_winrhizo_validation/validation_output/processed_multiscale/skeleton/dpi600_monocot-sim-31-1-120-15.png,12413,external_benchmark_bulk_and_generated_outputs_not_bundled
benchmark/1159846_winrhizo_validation/validation_output/processed_multiscale/skeleton/dpi600_monocot-sim-32-1-120-15.png,18992,external_benchmark_bulk_and_generated_outputs_not_bundled
benchmark/1159846_winrhizo_validation/validation_output/processed_multiscale/skeleton/dpi600_monocot-sim-33-1-120-15.png,16238,external_benchmark_bulk_and_generated_outputs_not_bundled
benchmark/1159846_winrhizo_validation/validation_output/processed_multiscale/skeleton/dpi600_monocot-sim-34-1-120-15.png,49093,external_benchmark_bulk_and_generated_outputs_not_bundled
benchmark/1159846_winrhizo_validation/validation_output/processed_multiscale/skeleton/dpi600_monocot-sim-35-1-120-15.png,30614,external_benchmark_bulk_and_generated_outputs_not_bundled
benchmark/1159846_winrhizo_validation/validation_output/processed_multiscale/skeleton/dpi600_monocot-sim-36-1-120-15.png,11348,external_benchmark_bulk_and_generated_outputs_not_bundled
benchmark/1159846_winrhizo_validation/validation_output/processed_multiscale/skeleton/dpi600_monocot-sim-37-1-120-15.png,10324,external_benchmark_bulk_and_generated_outputs_not_bundled
benchmark/1159846_winrhizo_validation/validation_output/processed_multiscale/skeleton/dpi600_monocot-sim-38-1-120-15.png,40122,external_benchmark_bulk_and_generated_outputs_not_bundled
benchmark/1159846_winrhizo_validation/validation_output/processed_multiscale/skeleton/dpi600_monocot-sim-39-1-120-15.png,17305,external_benchmark_bulk_and_generated_outputs_not_bundled
benchmark/1159846_winrhizo_validation/validation_output/processed_multiscale/skeleton/dpi600_monocot-sim-4-1-120-15.png,17011,external_benchmark_bulk_and_generated_outputs_not_bundled
benchmark/1159846_winrhizo_validation/validation_output/processed_multiscale/skeleton/dpi600_monocot-sim-40-1-120-15.png,231,external_benchmark_bulk_and_generated_outputs_not_bundled
benchmark/1159846_winrhizo_validation/validation_output/processed_multiscale/skeleton/dpi600_monocot-sim-41-1-120-15.png,33387,external_benchmark_bulk_and_generated_outputs_not_bundled
benchmark/1159846_winrhizo_validation/validation_output/processed_multiscale/skeleton/dpi600_monocot-sim-42-1-120-15.png,32504,external_benchmark_bulk_and_generated_outputs_not_bundled
benchmark/1159846_winrhizo_validation/validation_output/processed_multiscale/skeleton/dpi600_monocot-sim-43-1-120-15.png,12583,external_benchmark_bulk_and_generated_outputs_not_bundled
benchmark/1159846_winrhizo_validation/validation_output/processed_multiscale/skeleton/dpi600_monocot-sim-44-1-120-15.png,12104,external_benchmark_bulk_and_generated_outputs_not_bundled
benchmark/1159846_winrhizo_validation/validation_output/processed_multiscale/skeleton/dpi600_monocot-sim-45-1-120-15.png,24502,external_benchmark_bulk_and_generated_outputs_not_bundled
benchmark/1159846_winrhizo_validation/validation_output/processed_multiscale/skeleton/dpi600_monocot-sim-46-1-120-15.png,21640,external_benchmark_bulk_and_generated_outputs_not_bundled
benchmark/1159846_winrhizo_validation/validation_output/processed_multiscale/skeleton/dpi600_monocot-sim-47-1-120-15.png,14175,external_benchmark_bulk_and_generated_outputs_not_bundled
benchmark/1159846_winrhizo_validation/validation_output/processed_multiscale/skeleton/dpi600_monocot-sim-48-1-120-15.png,3299,external_benchmark_bulk_and_generated_outputs_not_bundled
benchmark/1159846_winrhizo_validation/validation_output/processed_multiscale/skeleton/dpi600_monocot-sim-49-1-120-15.png,8435,external_benchmark_bulk_and_generated_outputs_not_bundled
benchmark/1159846_winrhizo_validation/validation_output/processed_multiscale/skeleton/dpi600_monocot-sim-5-1-120-15.png,14859,external_benchmark_bulk_and_generated_outputs_not_bundled
benchmark/1159846_winrhizo_validation/validation_output/processed_multiscale/skeleton/dpi600_monocot-sim-50-1-120-15.png,37971,external_benchmark_bulk_and_generated_outputs_not_bundled
benchmark/1159846_winrhizo_validation/validation_output/processed_multiscale/skeleton/dpi600_monocot-sim-6-1-120-15.png,28927,external_benchmark_bulk_and_generated_outputs_not_bundled
benchmark/1159846_winrhizo_validation/validation_output/processed_multiscale/skeleton/dpi600_monocot-sim-7-1-120-15.png,15558,external_benchmark_bulk_and_generated_outputs_not_bundled
benchmark/1159846_winrhizo_validation/validation_output/processed_multiscale/skeleton/dpi600_monocot-sim-8-1-120-15.png,9053,external_benchmark_bulk_and_generated_outputs_not_bundled
benchmark/1159846_winrhizo_validation/validation_output/processed_multiscale/skeleton/dpi600_monocot-sim-9-1-120-15.png,22189,external_benchmark_bulk_and_generated_outputs_not_bundled
benchmark/1159846_winrhizo_validation/validation_output/processed_multiscale/skeleton/dpi800_dicot-sim-1-1-120-15.png,2449,external_benchmark_bulk_and_generated_outputs_not_bundled
benchmark/1159846_winrhizo_validation/validation_output/processed_multiscale/skeleton/dpi800_dicot-sim-10-1-120-15.png,24879,external_benchmark_bulk_and_generated_outputs_not_bundled
benchmark/1159846_winrhizo_validation/validation_output/processed_multiscale/skeleton/dpi800_dicot-sim-11-1-120-15.png,1755,external_benchmark_bulk_and_generated_outputs_not_bundled
benchmark/1159846_winrhizo_validation/validation_output/processed_multiscale/skeleton/dpi800_dicot-sim-12-1-120-15.png,4728,external_benchmark_bulk_and_generated_outputs_not_bundled
benchmark/1159846_winrhizo_validation/validation_output/processed_multiscale/skeleton/dpi800_dicot-sim-13-1-120-15.png,9591,external_benchmark_bulk_and_generated_outputs_not_bundled
benchmark/1159846_winrhizo_validation/validation_output/processed_multiscale/skeleton/dpi800_dicot-sim-14-1-120-15.png,2297,external_benchmark_bulk_and_generated_outputs_not_bundled
benchmark/1159846_winrhizo_validation/validation_output/processed_multiscale/skeleton/dpi800_dicot-sim-15-1-120-15.png,750,external_benchmark_bulk_and_generated_outputs_not_bundled
benchmark/1159846_winrhizo_validation/validation_output/processed_multiscale/skeleton/dpi800_dicot-sim-16-1-120-15.png,4011,external_benchmark_bulk_and_generated_outputs_not_bundled
benchmark/1159846_winrhizo_validation/validation_output/processed_multiscale/skeleton/dpi800_dicot-sim-17-1-120-15.png,10079,external_benchmark_bulk_and_generated_outputs_not_bundled
benchmark/1159846_winrhizo_validation/validation_output/processed_multiscale/skeleton/dpi800_dicot-sim-18-1-120-15.png,8206,external_benchmark_bulk_and_generated_outputs_not_bundled
benchmark/1159846_winrhizo_validation/validation_output/processed_multiscale/skeleton/dpi800_dicot-sim-19-1-120-15.png,12418,external_benchmark_bulk_and_generated_outputs_not_bundled
benchmark/1159846_winrhizo_validation/validation_output/processed_multiscale/skeleton/dpi800_dicot-sim-2-1-120-15.png,6587,external_benchmark_bulk_and_generated_outputs_not_bundled
benchmark/1159846_winrhizo_validation/validation_output/processed_multiscale/skeleton/dpi800_dicot-sim-20-1-120-15.png,21097,external_benchmark_bulk_and_generated_outputs_not_bundled
benchmark/1159846_winrhizo_validation/validation_output/processed_multiscale/skeleton/dpi800_dicot-sim-21-1-120-15.png,6761,external_benchmark_bulk_and_generated_outputs_not_bundled
benchmark/1159846_winrhizo_validation/validation_output/processed_multiscale/skeleton/dpi800_dicot-sim-22-1-120-15.png,3400,external_benchmark_bulk_and_generated_outputs_not_bundled
benchmark/1159846_winrhizo_validation/validation_output/processed_multiscale/skeleton/dpi800_dicot-sim-23-1-120-15.png,8613,external_benchmark_bulk_and_generated_outputs_not_bundled
benchmark/1159846_winrhizo_validation/validation_output/processed_multiscale/skeleton/dpi800_dicot-sim-24-1-120-15.png,6001,external_benchmark_bulk_and_generated_outputs_not_bundled
benchmark/1159846_winrhizo_validation/validation_output/processed_multiscale/skeleton/dpi800_dicot-sim-25-1-120-15.png,2272,external_benchmark_bulk_and_generated_outputs_not_bundled
benchmark/1159846_winrhizo_validation/validation_output/processed_multiscale/skeleton/dpi800_dicot-sim-26-1-120-15.png,11868,external_benchmark_bulk_and_generated_outputs_not_bundled
benchmark/1159846_winrhizo_validation/validation_output/processed_multiscale/skeleton/dpi800_dicot-sim-27-1-120-15.png,5788,external_benchmark_bulk_and_generated_outputs_not_bundled
benchmark/1159846_winrhizo_validation/validation_output/processed_multiscale/skeleton/dpi800_dicot-sim-28-1-120-15.png,2961,external_benchmark_bulk_and_generated_outputs_not_bundled
benchmark/1159846_winrhizo_validation/validation_output/processed_multiscale/skeleton/dpi800_dicot-sim-29-1-120-15.png,16670,external_benchmark_bulk_and_generated_outputs_not_bundled
benchmark/1159846_winrhizo_validation/validation_output/processed_multiscale/skeleton/dpi800_dicot-sim-3-1-120-15.png,10377,external_benchmark_bulk_and_generated_outputs_not_bundled
benchmark/1159846_winrhizo_validation/validation_output/processed_multiscale/skeleton/dpi800_dicot-sim-30-1-120-15.png,6509,external_benchmark_bulk_and_generated_outputs_not_bundled
benchmark/1159846_winrhizo_validation/validation_output/processed_multiscale/skeleton/dpi800_dicot-sim-31-1-120-15.png,15057,external_benchmark_bulk_and_generated_outputs_not_bundled
benchmark/1159846_winrhizo_validation/validation_output/processed_multiscale/skeleton/dpi800_dicot-sim-32-1-120-15.png,10669,external_benchmark_bulk_and_generated_outputs_not_bundled
benchmark/1159846_winrhizo_validation/validation_output/processed_multiscale/skeleton/dpi800_dicot-sim-33-1-120-15.png,12928,external_benchmark_bulk_and_generated_outputs_not_bundled
benchmark/1159846_winrhizo_validation/validation_output/processed_multiscale/skeleton/dpi800_dicot-sim-34-1-120-15.png,3060,external_benchmark_bulk_and_generated_outputs_not_bundled
benchmark/1159846_winrhizo_validation/validation_output/processed_multiscale/skeleton/dpi800_dicot-sim-35-1-120-15.png,794,external_benchmark_bulk_and_generated_outputs_not_bundled
benchmark/1159846_winrhizo_validation/validation_output/processed_multiscale/skeleton/dpi800_dicot-sim-36-1-120-15.png,5205,external_benchmark_bulk_and_generated_outputs_not_bundled
benchmark/1159846_winrhizo_validation/validation_output/processed_multiscale/skeleton/dpi800_dicot-sim-37-1-120-15.png,12596,external_benchmark_bulk_and_generated_outputs_not_bundled
benchmark/1159846_winrhizo_validation/validation_output/processed_multiscale/skeleton/dpi800_dicot-sim-38-1-120-15.png,3345,external_benchmark_bulk_and_generated_outputs_not_bundled
benchmark/1159846_winrhizo_validation/validation_output/processed_multiscale/skeleton/dpi800_dicot-sim-39-1-120-15.png,5409,external_benchmark_bulk_and_generated_outputs_not_bundled
benchmark/1159846_winrhizo_validation/validation_output/processed_multiscale/skeleton/dpi800_dicot-sim-4-1-120-15.png,1811,external_benchmark_bulk_and_generated_outputs_not_bundled
benchmark/1159846_winrhizo_validation/validation_output/processed_multiscale/skeleton/dpi800_dicot-sim-40-1-120-15.png,14305,external_benchmark_bulk_and_generated_outputs_not_bundled
benchmark/1159846_winrhizo_validation/validation_output/processed_multiscale/skeleton/dpi800_dicot-sim-41-1-120-15.png,350,external_benchmark_bulk_and_generated_outputs_not_bundled
benchmark/1159846_winrhizo_validation/validation_output/processed_multiscale/skeleton/dpi800_dicot-sim-42-1-120-15.png,17487,external_benchmark_bulk_and_generated_outputs_not_bundled
benchmark/1159846_winrhizo_validation/validation_output/processed_multiscale/skeleton/dpi800_dicot-sim-43-1-120-15.png,11147,external_benchmark_bulk_and_generated_outputs_not_bundled
benchmark/1159846_winrhizo_validation/validation_output/processed_multiscale/skeleton/dpi800_dicot-sim-44-1-120-15.png,5179,external_benchmark_bulk_and_generated_outputs_not_bundled
benchmark/1159846_winrhizo_validation/validation_output/processed_multiscale/skeleton/dpi800_dicot-sim-45-1-120-15.png,7585,external_benchmark_bulk_and_generated_outputs_not_bundled
benchmark/1159846_winrhizo_validation/validation_output/processed_multiscale/skeleton/dpi800_dicot-sim-46-1-120-15.png,13814,external_benchmark_bulk_and_generated_outputs_not_bundled
benchmark/1159846_winrhizo_validation/validation_output/processed_multiscale/skeleton/dpi800_dicot-sim-47-1-120-15.png,12046,external_benchmark_bulk_and_generated_outputs_not_bundled
benchmark/1159846_winrhizo_validation/validation_output/processed_multiscale/skeleton/dpi800_dicot-sim-48-1-120-15.png,18444,external_benchmark_bulk_and_generated_outputs_not_bundled
benchmark/1159846_winrhizo_validation/validation_output/processed_multiscale/skeleton/dpi800_dicot-sim-49-1-120-15.png,4347,external_benchmark_bulk_and_generated_outputs_not_bundled
benchmark/1159846_winrhizo_validation/validation_output/processed_multiscale/skeleton/dpi800_dicot-sim-5-1-120-15.png,11660,external_benchmark_bulk_and_generated_outputs_not_bundled
benchmark/1159846_winrhizo_validation/validation_output/processed_multiscale/skeleton/dpi800_dicot-sim-50-1-120-15.png,16784,external_benchmark_bulk_and_generated_outputs_not_bundled
benchmark/1159846_winrhizo_validation/validation_output/processed_multiscale/skeleton/dpi800_dicot-sim-6-1-120-15.png,3763,external_benchmark_bulk_and_generated_outputs_not_bundled
benchmark/1159846_winrhizo_validation/validation_output/processed_multiscale/skeleton/dpi800_dicot-sim-7-1-120-15.png,6577,external_benchmark_bulk_and_generated_outputs_not_bundled
benchmark/1159846_winrhizo_validation/validation_output/processed_multiscale/skeleton/dpi800_dicot-sim-8-1-120-15.png,18927,external_benchmark_bulk_and_generated_outputs_not_bundled
benchmark/1159846_winrhizo_validation/validation_output/processed_multiscale/skeleton/dpi800_dicot-sim-9-1-120-15.png,8627,external_benchmark_bulk_and_generated_outputs_not_bundled
benchmark/1159846_winrhizo_validation/validation_output/processed_multiscale/skeleton/dpi800_monocot-sim-1-1-120-15.png,14218,external_benchmark_bulk_and_generated_outputs_not_bundled
benchmark/1159846_winrhizo_validation/validation_output/processed_multiscale/skeleton/dpi800_monocot-sim-10-1-120-15.png,7110,external_benchmark_bulk_and_generated_outputs_not_bundled
benchmark/1159846_winrhizo_validation/validation_output/processed_multiscale/skeleton/dpi800_monocot-sim-11-1-120-15.png,35869,external_benchmark_bulk_and_generated_outputs_not_bundled
benchmark/1159846_winrhizo_validation/validation_output/processed_multiscale/skeleton/dpi800_monocot-sim-12-1-120-15.png,27541,external_benchmark_bulk_and_generated_outputs_not_bundled
benchmark/1159846_winrhizo_validation/validation_output/processed_multiscale/skeleton/dpi800_monocot-sim-13-1-120-15.png,8439,external_benchmark_bulk_and_generated_outputs_not_bundled
benchmark/1159846_winrhizo_validation/validation_output/processed_multiscale/skeleton/dpi800_monocot-sim-14-1-120-15.png,57144,external_benchmark_bulk_and_generated_outputs_not_bundled
benchmark/1159846_winrhizo_validation/validation_output/processed_multiscale/skeleton/dpi800_monocot-sim-15-1-120-15.png,33525,external_benchmark_bulk_and_generated_outputs_not_bundled
benchmark/1159846_winrhizo_validation/validation_output/processed_multiscale/skeleton/dpi800_monocot-sim-16-1-120-15.png,10924,external_benchmark_bulk_and_generated_outputs_not_bundled
benchmark/1159846_winrhizo_validation/validation_output/processed_multiscale/skeleton/dpi800_monocot-sim-17-1-120-15.png,26899,external_benchmark_bulk_and_generated_outputs_not_bundled
benchmark/1159846_winrhizo_validation/validation_output/processed_multiscale/skeleton/dpi800_monocot-sim-18-1-120-15.png,12224,external_benchmark_bulk_and_generated_outputs_not_bundled
benchmark/1159846_winrhizo_validation/validation_output/processed_multiscale/skeleton/dpi800_monocot-sim-19-1-120-15.png,16109,external_benchmark_bulk_and_generated_outputs_not_bundled
benchmark/1159846_winrhizo_validation/validation_output/processed_multiscale/skeleton/dpi800_monocot-sim-2-1-120-15.png,10807,external_benchmark_bulk_and_generated_outputs_not_bundled
benchmark/1159846_winrhizo_validation/validation_output/processed_multiscale/skeleton/dpi800_monocot-sim-20-1-120-15.png,16408,external_benchmark_bulk_and_generated_outputs_not_bundled
benchmark/1159846_winrhizo_validation/validation_output/processed_multiscale/skeleton/dpi800_monocot-sim-21-1-120-15.png,57563,external_benchmark_bulk_and_generated_outputs_not_bundled
benchmark/1159846_winrhizo_validation/validation_output/processed_multiscale/skeleton/dpi800_monocot-sim-22-1-120-15.png,4911,external_benchmark_bulk_and_generated_outputs_not_bundled
benchmark/1159846_winrhizo_validation/validation_output/processed_multiscale/skeleton/dpi800_monocot-sim-23-1-120-15.png,69679,external_benchmark_bulk_and_generated_outputs_not_bundled
benchmark/1159846_winrhizo_validation/validation_output/processed_multiscale/skeleton/dpi800_monocot-sim-24-1-120-15.png,32772,external_benchmark_bulk_and_generated_outputs_not_bundled
benchmark/1159846_winrhizo_validation/validation_output/processed_multiscale/skeleton/dpi800_monocot-sim-25-1-120-15.png,15147,external_benchmark_bulk_and_generated_outputs_not_bundled
benchmark/1159846_winrhizo_validation/validation_output/processed_multiscale/skeleton/dpi800_monocot-sim-26-1-120-15.png,29362,external_benchmark_bulk_and_generated_outputs_not_bundled
benchmark/1159846_winrhizo_validation/validation_output/processed_multiscale/skeleton/dpi800_monocot-sim-27-1-120-15.png,44504,external_benchmark_bulk_and_generated_outputs_not_bundled
benchmark/1159846_winrhizo_validation/validation_output/processed_multiscale/skeleton/dpi800_monocot-sim-28-1-120-15.png,21778,external_benchmark_bulk_and_generated_outputs_not_bundled
benchmark/1159846_winrhizo_validation/validation_output/processed_multiscale/skeleton/dpi800_monocot-sim-29-1-120-15.png,27463,external_benchmark_bulk_and_generated_outputs_not_bundled
benchmark/1159846_winrhizo_validation/validation_output/processed_multiscale/skeleton/dpi800_monocot-sim-3-1-120-15.png,20902,external_benchmark_bulk_and_generated_outputs_not_bundled
benchmark/1159846_winrhizo_validation/validation_output/processed_multiscale/skeleton/dpi800_monocot-sim-30-1-120-15.png,52827,external_benchmark_bulk_and_generated_outputs_not_bundled
benchmark/1159846_winrhizo_validation/validation_output/processed_multiscale/skeleton/dpi800_monocot-sim-31-1-120-15.png,18449,external_benchmark_bulk_and_generated_outputs_not_bundled
benchmark/1159846_winrhizo_validation/validation_output/processed_multiscale/skeleton/dpi800_monocot-sim-32-1-120-15.png,27682,external_benchmark_bulk_and_generated_outputs_not_bundled
benchmark/1159846_winrhizo_validation/validation_output/processed_multiscale/skeleton/dpi800_monocot-sim-33-1-120-15.png,23343,external_benchmark_bulk_and_generated_outputs_not_bundled
benchmark/1159846_winrhizo_validation/validation_output/processed_multiscale/skeleton/dpi800_monocot-sim-34-1-120-15.png,70129,external_benchmark_bulk_and_generated_outputs_not_bundled
benchmark/1159846_winrhizo_validation/validation_output/processed_multiscale/skeleton/dpi800_monocot-sim-35-1-120-15.png,44274,external_benchmark_bulk_and_generated_outputs_not_bundled
benchmark/1159846_winrhizo_validation/validation_output/processed_multiscale/skeleton/dpi800_monocot-sim-36-1-120-15.png,16571,external_benchmark_bulk_and_generated_outputs_not_bundled
benchmark/1159846_winrhizo_validation/validation_output/processed_multiscale/skeleton/dpi800_monocot-sim-37-1-120-15.png,15021,external_benchmark_bulk_and_generated_outputs_not_bundled
benchmark/1159846_winrhizo_validation/validation_output/processed_multiscale/skeleton/dpi800_monocot-sim-38-1-120-15.png,57696,external_benchmark_bulk_and_generated_outputs_not_bundled
benchmark/1159846_winrhizo_validation/validation_output/processed_multiscale/skeleton/dpi800_monocot-sim-39-1-120-15.png,25208,external_benchmark_bulk_and_generated_outputs_not_bundled
benchmark/1159846_winrhizo_validation/validation_output/processed_multiscale/skeleton/dpi800_monocot-sim-4-1-120-15.png,24911,external_benchmark_bulk_and_generated_outputs_not_bundled
benchmark/1159846_winrhizo_validation/validation_output/processed_multiscale/skeleton/dpi800_monocot-sim-40-1-120-15.png,280,external_benchmark_bulk_and_generated_outputs_not_bundled
benchmark/1159846_winrhizo_validation/validation_output/processed_multiscale/skeleton/dpi800_monocot-sim-41-1-120-15.png,48075,external_benchmark_bulk_and_generated_outputs_not_bundled
benchmark/1159846_winrhizo_validation/validation_output/processed_multiscale/skeleton/dpi800_monocot-sim-42-1-120-15.png,48096,external_benchmark_bulk_and_generated_outputs_not_bundled
benchmark/1159846_winrhizo_validation/validation_output/processed_multiscale/skeleton/dpi800_monocot-sim-43-1-120-15.png,18328,external_benchmark_bulk_and_generated_outputs_not_bundled
benchmark/1159846_winrhizo_validation/validation_output/processed_multiscale/skeleton/dpi800_monocot-sim-44-1-120-15.png,17532,external_benchmark_bulk_and_generated_outputs_not_bundled
benchmark/1159846_winrhizo_validation/validation_output/processed_multiscale/skeleton/dpi800_monocot-sim-45-1-120-15.png,35899,external_benchmark_bulk_and_generated_outputs_not_bundled
benchmark/1159846_winrhizo_validation/validation_output/processed_multiscale/skeleton/dpi800_monocot-sim-46-1-120-15.png,33049,external_benchmark_bulk_and_generated_outputs_not_bundled
benchmark/1159846_winrhizo_validation/validation_output/processed_multiscale/skeleton/dpi800_monocot-sim-47-1-120-15.png,20899,external_benchmark_bulk_and_generated_outputs_not_bundled
benchmark/1159846_winrhizo_validation/validation_output/processed_multiscale/skeleton/dpi800_monocot-sim-48-1-120-15.png,4834,external_benchmark_bulk_and_generated_outputs_not_bundled
benchmark/1159846_winrhizo_validation/validation_output/processed_multiscale/skeleton/dpi800_monocot-sim-49-1-120-15.png,12346,external_benchmark_bulk_and_generated_outputs_not_bundled
benchmark/1159846_winrhizo_validation/validation_output/processed_multiscale/skeleton/dpi800_monocot-sim-5-1-120-15.png,21626,external_benchmark_bulk_and_generated_outputs_not_bundled
benchmark/1159846_winrhizo_validation/validation_output/processed_multiscale/skeleton/dpi800_monocot-sim-50-1-120-15.png,54737,external_benchmark_bulk_and_generated_outputs_not_bundled
benchmark/1159846_winrhizo_validation/validation_output/processed_multiscale/skeleton/dpi800_monocot-sim-6-1-120-15.png,42486,external_benchmark_bulk_and_generated_outputs_not_bundled
benchmark/1159846_winrhizo_validation/validation_output/processed_multiscale/skeleton/dpi800_monocot-sim-7-1-120-15.png,22079,external_benchmark_bulk_and_generated_outputs_not_bundled
benchmark/1159846_winrhizo_validation/validation_output/processed_multiscale/skeleton/dpi800_monocot-sim-8-1-120-15.png,14167,external_benchmark_bulk_and_generated_outputs_not_bundled
benchmark/1159846_winrhizo_validation/validation_output/processed_multiscale/skeleton/dpi800_monocot-sim-9-1-120-15.png,31795,external_benchmark_bulk_and_generated_outputs_not_bundled
benchmark/1159846_winrhizo_validation/铜丝/raw/1200-dicot-sim-10-1-120-15-deg0.jpg,341946,external_benchmark_bulk_and_generated_outputs_not_bundled
benchmark/1159846_winrhizo_validation/铜丝/raw/1200-monocot-sim-34-1-120-15-deg0.jpg,1062493,external_benchmark_bulk_and_generated_outputs_not_bundled
benchmark/1159846_winrhizo_validation/铜丝/raw/1200-monocot-sim-44-1-120-15-deg0.jpg,227528,external_benchmark_bulk_and_generated_outputs_not_bundled
benchmark/1159846_winrhizo_validation/铜丝/raw/1200-monocot-sim-47-1-120-15-deg0.jpg,397051,external_benchmark_bulk_and_generated_outputs_not_bundled
benchmark/1159846_winrhizo_validation/铜丝/raw/1200-monocot-sim-50-1-120-15-deg0.jpg,812328,external_benchmark_bulk_and_generated_outputs_not_bundled
benchmark/1159846_winrhizo_validation/铜丝/raw/400-monocot-sim-34-1-120-15-deg0.jpg,149285,external_benchmark_bulk_and_generated_outputs_not_bundled
benchmark/1159846_winrhizo_validation/铜丝/raw/600-monocot-sim-34-1-120-15-deg0.jpg,287728,external_benchmark_bulk_and_generated_outputs_not_bundled
benchmark/1159846_winrhizo_validation/铜丝/raw/800-monocot-sim-34-1-120-15-deg0.jpg,459501,external_benchmark_bulk_and_generated_outputs_not_bundled
benchmark/1159846_winrhizo_validation/铜丝/result/binary/1200-dicot-sim-10-1-120-15-deg0.png,25754,external_benchmark_bulk_and_generated_outputs_not_bundled
benchmark/1159846_winrhizo_validation/铜丝/result/binary/1200-monocot-sim-34-1-120-15-deg0.png,112832,external_benchmark_bulk_and_generated_outputs_not_bundled
benchmark/1159846_winrhizo_validation/铜丝/result/binary/1200-monocot-sim-44-1-120-15-deg0.png,9574,external_benchmark_bulk_and_generated_outputs_not_bundled
benchmark/1159846_winrhizo_validation/铜丝/result/binary/1200-monocot-sim-47-1-120-15-deg0.png,20052,external_benchmark_bulk_and_generated_outputs_not_bundled
benchmark/1159846_winrhizo_validation/铜丝/result/binary/1200-monocot-sim-50-1-120-15-deg0.png,79538,external_benchmark_bulk_and_generated_outputs_not_bundled
benchmark/1159846_winrhizo_validation/铜丝/result/binary/400-monocot-sim-34-1-120-15-deg0.png,17655,external_benchmark_bulk_and_generated_outputs_not_bundled
benchmark/1159846_winrhizo_validation/铜丝/result/binary/600-monocot-sim-34-1-120-15-deg0.png,35395,external_benchmark_bulk_and_generated_outputs_not_bundled
benchmark/1159846_winrhizo_validation/铜丝/result/binary/800-monocot-sim-34-1-120-15-deg0.png,56326,external_benchmark_bulk_and_generated_outputs_not_bundled
benchmark/1159846_winrhizo_validation/铜丝/result/skeleton/1200-dicot-sim-10-1-120-15-deg0.png,21783,external_benchmark_bulk_and_generated_outputs_not_bundled
benchmark/1159846_winrhizo_validation/铜丝/result/skeleton/1200-monocot-sim-34-1-120-15-deg0.png,96240,external_benchmark_bulk_and_generated_outputs_not_bundled
benchmark/1159846_winrhizo_validation/铜丝/result/skeleton/1200-monocot-sim-44-1-120-15-deg0.png,9574,external_benchmark_bulk_and_generated_outputs_not_bundled
benchmark/1159846_winrhizo_validation/铜丝/result/skeleton/1200-monocot-sim-47-1-120-15-deg0.png,16969,external_benchmark_bulk_and_generated_outputs_not_bundled
benchmark/1159846_winrhizo_validation/铜丝/result/skeleton/1200-monocot-sim-50-1-120-15-deg0.png,67738,external_benchmark_bulk_and_generated_outputs_not_bundled
benchmark/1159846_winrhizo_validation/铜丝/result/skeleton/400-monocot-sim-34-1-120-15-deg0.png,15827,external_benchmark_bulk_and_generated_outputs_not_bundled
benchmark/1159846_winrhizo_validation/铜丝/result/skeleton/600-monocot-sim-34-1-120-15-deg0.png,30728,external_benchmark_bulk_and_generated_outputs_not_bundled
benchmark/1159846_winrhizo_validation/铜丝/result/skeleton/800-monocot-sim-34-1-120-15-deg0.png,48477,external_benchmark_bulk_and_generated_outputs_not_bundled
benchmark/4677546_copper_wire/A_mixed_wires_example.jpg,741143,external_benchmark_bulk_and_generated_outputs_not_bundled
benchmark/4677546_copper_wire/copper_wire_images_data/copper_wire_ground_truth_data.csv,2376,external_benchmark_bulk_and_generated_outputs_not_bundled
benchmark/4677546_copper_wire/copper_wire_images_data/copper_wire_ground_truth_method.txt,849,external_benchmark_bulk_and_generated_outputs_not_bundled
benchmark/4677546_copper_wire/copper_wire_images_data/G_10_W1_600_dpi.tif,40081798,external_benchmark_bulk_and_generated_outputs_not_bundled
benchmark/4677546_copper_wire/copper_wire_images_data/G_10_W2_600_dpi.tif,26154758,external_benchmark_bulk_and_generated_outputs_not_bundled
benchmark/4677546_copper_wire/copper_wire_images_data/G_16_W1_600_dpi.tif,68965968,external_benchmark_bulk_and_generated_outputs_not_bundled
benchmark/4677546_copper_wire/copper_wire_images_data/G_16_W2_600_dpi.tif,68965968,external_benchmark_bulk_and_generated_outputs_not_bundled
benchmark/4677546_copper_wire/copper_wire_images_data/G_22_W1_600_dpi.tif,48266066,external_benchmark_bulk_and_generated_outputs_not_bundled
benchmark/4677546_copper_wire/copper_wire_images_data/G_22_W2_600_dpi.tif,48266066,external_benchmark_bulk_and_generated_outputs_not_bundled
benchmark/4677546_copper_wire/copper_wire_images_data/G_28_W1_600_dpi.tif,39054150,external_benchmark_bulk_and_generated_outputs_not_bundled
benchmark/4677546_copper_wire/copper_wire_images_data/G_28_W2_600_dpi.tif,39054150,external_benchmark_bulk_and_generated_outputs_not_bundled
benchmark/4677546_copper_wire/copper_wire_images_data/G_32_W1_600_dpi.tif,39054150,external_benchmark_bulk_and_generated_outputs_not_bundled
benchmark/4677546_copper_wire/copper_wire_images_data/G_32_W2_600_dpi.tif,39054150,external_benchmark_bulk_and_generated_outputs_not_bundled
benchmark/4677546_copper_wire/copper_wire_images_data/G_40_W1_600_dpi.tif,107461948,external_benchmark_bulk_and_generated_outputs_not_bundled
benchmark/4677546_copper_wire/copper_wire_images_data/G_40_W2_600_dpi.tif,48779208,external_benchmark_bulk_and_generated_outputs_not_bundled
benchmark/4677546_copper_wire/copper_wire_images_data/MD_40_32_28_22_16_10_40_32_28_22_16_10_W111111222222_600_dpi.tif,113159798,external_benchmark_bulk_and_generated_outputs_not_bundled
benchmark/4677546_copper_wire/copper_wire_images_data/MD_40_32_28_22_16_40_32_28_22_16_W1111122222_600_dpi.tif,113159798,external_benchmark_bulk_and_generated_outputs_not_bundled
benchmark/4677546_copper_wire/copper_wire_images_data/MD_40_32_28_22_40_32_28_22_W11112222_600_dpi.tif,100314398,external_benchmark_bulk_and_generated_outputs_not_bundled
benchmark/4677546_copper_wire/copper_wire_images_data/MD_40_32_28_40_32_28_W111222_600_dpi.tif,83905838,external_benchmark_bulk_and_generated_outputs_not_bundled
benchmark/4677546_copper_wire/copper_wire_images_data/MD_40_32_40_32_W1122_600_dpi.tif,65670166,external_benchmark_bulk_and_generated_outputs_not_bundled
benchmark/4677546_copper_wire/copper_wire_images_data/MD_40_40_W12_600_dpi.tif,53615298,external_benchmark_bulk_and_generated_outputs_not_bundled
benchmark/4677546_copper_wire/copper_wire_images_data/Mixed_40_32_28_22_16_10_W1_600_dpi.tif,93238728,external_benchmark_bulk_and_generated_outputs_not_bundled
benchmark/4677546_copper_wire/copper_wire_images_data/Mixed_40_32_28_22_16_10_W2_600_dpi.tif,92320066,external_benchmark_bulk_and_generated_outputs_not_bundled
benchmark/4677546_copper_wire/copper_wire_images_data/Mixed_40_32_28_22_16_W1_600_dpi.tif,82329158,external_benchmark_bulk_and_generated_outputs_not_bundled
benchmark/4677546_copper_wire/copper_wire_images_data/Mixed_40_32_28_22_16_W2_600_dpi.tif,77932108,external_benchmark_bulk_and_generated_outputs_not_bundled
benchmark/4677546_copper_wire/copper_wire_images_data/Mixed_40_32_28_22_W1_600_dpi.tif,67989936,external_benchmark_bulk_and_generated_outputs_not_bundled
benchmark/4677546_copper_wire/copper_wire_images_data/Mixed_40_32_28_22_W2_600_dpi.tif,62756474,external_benchmark_bulk_and_generated_outputs_not_bundled
benchmark/4677546_copper_wire/copper_wire_images_data/Mixed_40_32_28_W1_600_dpi.tif,64531908,external_benchmark_bulk_and_generated_outputs_not_bundled
benchmark/4677546_copper_wire/copper_wire_images_data/Mixed_40_32_28_W2_600_dpi.tif,53071414,external_benchmark_bulk_and_generated_outputs_not_bundled
benchmark/4677546_copper_wire/copper_wire_images_data/Mixed_40_32_W1_600_dpi.tif,48266066,external_benchmark_bulk_and_generated_outputs_not_bundled
benchmark/4677546_copper_wire/copper_wire_images_data/Mixed_40_32_W2_600_dpi.tif,51161958,external_benchmark_bulk_and_generated_outputs_not_bundled
benchmark/4677546_copper_wire/copper_wire_images_data/RVE_features.csv,5299,external_benchmark_bulk_and_generated_outputs_not_bundled
benchmark/4677546_copper_wire/copper_wire_images_data/RVE_metadata.csv,767,external_benchmark_bulk_and_generated_outputs_not_bundled
benchmark/4677546_copper_wire/copper_wire_images_data.zip,1020248619,external_benchmark_bulk_and_generated_outputs_not_bundled
benchmark/4677546_copper_wire/validation_output/error_metrics_otsu.json,3715,external_benchmark_bulk_and_generated_outputs_not_bundled
benchmark/4677546_copper_wire/validation_output/error_stats_by_category_otsu.csv,1343,external_benchmark_bulk_and_generated_outputs_not_bundled
benchmark/4677546_copper_wire/validation_output/figure_validation_otsu.png,318209,external_benchmark_bulk_and_generated_outputs_not_bundled
benchmark/4677546_copper_wire/validation_output/measurements_otsu.csv,7568,external_benchmark_bulk_and_generated_outputs_not_bundled
benchmark/4677546_copper_wire/validation_output/merged_vs_groundtruth_otsu.csv,10402,external_benchmark_bulk_and_generated_outputs_not_bundled
benchmark/4677546_copper_wire/validation_output/processed_multiscale/binary/G_10_W1_600_dpi.png,74070,external_benchmark_bulk_and_generated_outputs_not_bundled
benchmark/4677546_copper_wire/validation_output/processed_multiscale/binary/G_10_W2_600_dpi.png,97414,external_benchmark_bulk_and_generated_outputs_not_bundled
benchmark/4677546_copper_wire/validation_output/processed_multiscale/binary/G_16_W1_600_dpi.png,142418,external_benchmark_bulk_and_generated_outputs_not_bundled
benchmark/4677546_copper_wire/validation_output/processed_multiscale/binary/G_16_W2_600_dpi.png,138924,external_benchmark_bulk_and_generated_outputs_not_bundled
benchmark/4677546_copper_wire/validation_output/processed_multiscale/binary/G_22_W1_600_dpi.png,51619,external_benchmark_bulk_and_generated_outputs_not_bundled
benchmark/4677546_copper_wire/validation_output/processed_multiscale/binary/G_22_W2_600_dpi.png,49018,external_benchmark_bulk_and_generated_outputs_not_bundled
benchmark/4677546_copper_wire/validation_output/processed_multiscale/binary/G_28_W1_600_dpi.png,109691,external_benchmark_bulk_and_generated_outputs_not_bundled
benchmark/4677546_copper_wire/validation_output/processed_multiscale/binary/G_28_W2_600_dpi.png,122480,external_benchmark_bulk_and_generated_outputs_not_bundled
benchmark/4677546_copper_wire/validation_output/processed_multiscale/binary/G_32_W1_600_dpi.png,131757,external_benchmark_bulk_and_generated_outputs_not_bundled
benchmark/4677546_copper_wire/validation_output/processed_multiscale/binary/G_32_W2_600_dpi.png,117014,external_benchmark_bulk_and_generated_outputs_not_bundled
benchmark/4677546_copper_wire/validation_output/processed_multiscale/skeleton/G_10_W1_600_dpi.png,65003,external_benchmark_bulk_and_generated_outputs_not_bundled
benchmark/4677546_copper_wire/validation_output/processed_multiscale/skeleton/G_10_W2_600_dpi.png,97376,external_benchmark_bulk_and_generated_outputs_not_bundled
benchmark/4677546_copper_wire/validation_output/processed_multiscale/skeleton/G_16_W1_600_dpi.png,202710,external_benchmark_bulk_and_generated_outputs_not_bundled
benchmark/4677546_copper_wire/validation_output/processed_multiscale/skeleton/G_16_W2_600_dpi.png,165879,external_benchmark_bulk_and_generated_outputs_not_bundled
benchmark/4677546_copper_wire/validation_output/processed_multiscale/skeleton/G_22_W1_600_dpi.png,40159,external_benchmark_bulk_and_generated_outputs_not_bundled
benchmark/4677546_copper_wire/validation_output/processed_multiscale/skeleton/G_22_W2_600_dpi.png,38937,external_benchmark_bulk_and_generated_outputs_not_bundled
benchmark/4677546_copper_wire/validation_output/processed_multiscale/skeleton/G_28_W1_600_dpi.png,153289,external_benchmark_bulk_and_generated_outputs_not_bundled
benchmark/4677546_copper_wire/validation_output/processed_multiscale/skeleton/G_28_W2_600_dpi.png,175061,external_benchmark_bulk_and_generated_outputs_not_bundled
benchmark/4677546_copper_wire/validation_output/processed_multiscale/skeleton/G_32_W1_600_dpi.png,207564,external_benchmark_bulk_and_generated_outputs_not_bundled
benchmark/4677546_copper_wire/validation_output/processed_multiscale/skeleton/G_32_W2_600_dpi.png,186895,external_benchmark_bulk_and_generated_outputs_not_bundled
benchmark/4677546_copper_wire/validation_output/processed_otsu/binary/G_10_W1_600_dpi.png,41333,external_benchmark_bulk_and_generated_outputs_not_bundled
benchmark/4677546_copper_wire/validation_output/processed_otsu/binary/G_10_W2_600_dpi.png,33380,external_benchmark_bulk_and_generated_outputs_not_bundled
benchmark/4677546_copper_wire/validation_output/processed_otsu/binary/G_16_W1_600_dpi.png,61434,external_benchmark_bulk_and_generated_outputs_not_bundled
benchmark/4677546_copper_wire/validation_output/processed_otsu/binary/G_16_W2_600_dpi.png,56509,external_benchmark_bulk_and_generated_outputs_not_bundled
benchmark/4677546_copper_wire/validation_output/processed_otsu/binary/G_22_W1_600_dpi.png,50975,external_benchmark_bulk_and_generated_outputs_not_bundled
benchmark/4677546_copper_wire/validation_output/processed_otsu/binary/G_22_W2_600_dpi.png,48885,external_benchmark_bulk_and_generated_outputs_not_bundled
benchmark/4677546_copper_wire/validation_output/processed_otsu/binary/G_28_W1_600_dpi.png,44960,external_benchmark_bulk_and_generated_outputs_not_bundled
benchmark/4677546_copper_wire/validation_output/processed_otsu/binary/G_28_W2_600_dpi.png,43069,external_benchmark_bulk_and_generated_outputs_not_bundled
benchmark/4677546_copper_wire/validation_output/processed_otsu/binary/G_32_W1_600_dpi.png,44595,external_benchmark_bulk_and_generated_outputs_not_bundled
benchmark/4677546_copper_wire/validation_output/processed_otsu/binary/G_32_W2_600_dpi.png,44601,external_benchmark_bulk_and_generated_outputs_not_bundled
benchmark/4677546_copper_wire/validation_output/processed_otsu/binary/G_40_W1_600_dpi.png,73097,external_benchmark_bulk_and_generated_outputs_not_bundled
benchmark/4677546_copper_wire/validation_output/processed_otsu/binary/G_40_W2_600_dpi.png,44755,external_benchmark_bulk_and_generated_outputs_not_bundled
benchmark/4677546_copper_wire/validation_output/processed_otsu/binary/MD_40_32_28_22_16_10_40_32_28_22_16_10_W111111222222_600_dpi.png,146777,external_benchmark_bulk_and_generated_outputs_not_bundled
benchmark/4677546_copper_wire/validation_output/processed_otsu/binary/MD_40_32_28_22_16_40_32_28_22_16_W1111122222_600_dpi.png,159151,external_benchmark_bulk_and_generated_outputs_not_bundled
benchmark/4677546_copper_wire/validation_output/processed_otsu/binary/MD_40_32_28_22_40_32_28_22_W11112222_600_dpi.png,139086,external_benchmark_bulk_and_generated_outputs_not_bundled
benchmark/4677546_copper_wire/validation_output/processed_otsu/binary/MD_40_32_28_40_32_28_W111222_600_dpi.png,116639,external_benchmark_bulk_and_generated_outputs_not_bundled
benchmark/4677546_copper_wire/validation_output/processed_otsu/binary/MD_40_32_40_32_W1122_600_dpi.png,87986,external_benchmark_bulk_and_generated_outputs_not_bundled
benchmark/4677546_copper_wire/validation_output/processed_otsu/binary/MD_40_40_W12_600_dpi.png,60884,external_benchmark_bulk_and_generated_outputs_not_bundled
benchmark/4677546_copper_wire/validation_output/processed_otsu/binary/Mixed_40_32_28_22_16_10_W1_600_dpi.png,102689,external_benchmark_bulk_and_generated_outputs_not_bundled
benchmark/4677546_copper_wire/validation_output/processed_otsu/binary/Mixed_40_32_28_22_16_10_W2_600_dpi.png,100826,external_benchmark_bulk_and_generated_outputs_not_bundled
benchmark/4677546_copper_wire/validation_output/processed_otsu/binary/Mixed_40_32_28_22_16_W1_600_dpi.png,100101,external_benchmark_bulk_and_generated_outputs_not_bundled
benchmark/4677546_copper_wire/validation_output/processed_otsu/binary/Mixed_40_32_28_22_16_W2_600_dpi.png,96378,external_benchmark_bulk_and_generated_outputs_not_bundled
benchmark/4677546_copper_wire/validation_output/processed_otsu/binary/Mixed_40_32_28_22_W1_600_dpi.png,86912,external_benchmark_bulk_and_generated_outputs_not_bundled
benchmark/4677546_copper_wire/validation_output/processed_otsu/binary/Mixed_40_32_28_22_W2_600_dpi.png,84464,external_benchmark_bulk_and_generated_outputs_not_bundled
benchmark/4677546_copper_wire/validation_output/processed_otsu/binary/Mixed_40_32_28_W1_600_dpi.png,75330,external_benchmark_bulk_and_generated_outputs_not_bundled
benchmark/4677546_copper_wire/validation_output/processed_otsu/binary/Mixed_40_32_28_W2_600_dpi.png,70633,external_benchmark_bulk_and_generated_outputs_not_bundled
benchmark/4677546_copper_wire/validation_output/processed_otsu/binary/Mixed_40_32_W1_600_dpi.png,56234,external_benchmark_bulk_and_generated_outputs_not_bundled
benchmark/4677546_copper_wire/validation_output/processed_otsu/binary/Mixed_40_32_W2_600_dpi.png,58169,external_benchmark_bulk_and_generated_outputs_not_bundled
benchmark/4677546_copper_wire/validation_output/processed_otsu/skeleton/G_10_W1_600_dpi.png,36639,external_benchmark_bulk_and_generated_outputs_not_bundled
benchmark/4677546_copper_wire/validation_output/processed_otsu/skeleton/G_10_W2_600_dpi.png,28700,external_benchmark_bulk_and_generated_outputs_not_bundled
benchmark/4677546_copper_wire/validation_output/processed_otsu/skeleton/G_16_W1_600_dpi.png,51597,external_benchmark_bulk_and_generated_outputs_not_bundled
benchmark/4677546_copper_wire/validation_output/processed_otsu/skeleton/G_16_W2_600_dpi.png,50303,external_benchmark_bulk_and_generated_outputs_not_bundled
benchmark/4677546_copper_wire/validation_output/processed_otsu/skeleton/G_22_W1_600_dpi.png,39837,external_benchmark_bulk_and_generated_outputs_not_bundled
benchmark/4677546_copper_wire/validation_output/processed_otsu/skeleton/G_22_W2_600_dpi.png,38972,external_benchmark_bulk_and_generated_outputs_not_bundled
benchmark/4677546_copper_wire/validation_output/processed_otsu/skeleton/G_28_W1_600_dpi.png,34986,external_benchmark_bulk_and_generated_outputs_not_bundled
benchmark/4677546_copper_wire/validation_output/processed_otsu/skeleton/G_28_W2_600_dpi.png,35408,external_benchmark_bulk_and_generated_outputs_not_bundled
benchmark/4677546_copper_wire/validation_output/processed_otsu/skeleton/G_32_W1_600_dpi.png,35210,external_benchmark_bulk_and_generated_outputs_not_bundled
benchmark/4677546_copper_wire/validation_output/processed_otsu/skeleton/G_32_W2_600_dpi.png,34100,external_benchmark_bulk_and_generated_outputs_not_bundled
benchmark/4677546_copper_wire/validation_output/processed_otsu/skeleton/G_40_W1_600_dpi.png,63848,external_benchmark_bulk_and_generated_outputs_not_bundled
benchmark/4677546_copper_wire/validation_output/processed_otsu/skeleton/G_40_W2_600_dpi.png,38489,external_benchmark_bulk_and_generated_outputs_not_bundled
benchmark/4677546_copper_wire/validation_output/processed_otsu/skeleton/MD_40_32_28_22_16_10_40_32_28_22_16_10_W111111222222_600_dpi.png,118390,external_benchmark_bulk_and_generated_outputs_not_bundled
benchmark/4677546_copper_wire/validation_output/processed_otsu/skeleton/MD_40_32_28_22_16_40_32_28_22_16_W1111122222_600_dpi.png,140001,external_benchmark_bulk_and_generated_outputs_not_bundled
benchmark/4677546_copper_wire/validation_output/processed_otsu/skeleton/MD_40_32_28_22_40_32_28_22_W11112222_600_dpi.png,120135,external_benchmark_bulk_and_generated_outputs_not_bundled
benchmark/4677546_copper_wire/validation_output/processed_otsu/skeleton/MD_40_32_28_40_32_28_W111222_600_dpi.png,103355,external_benchmark_bulk_and_generated_outputs_not_bundled
benchmark/4677546_copper_wire/validation_output/processed_otsu/skeleton/MD_40_32_40_32_W1122_600_dpi.png,78467,external_benchmark_bulk_and_generated_outputs_not_bundled
benchmark/4677546_copper_wire/validation_output/processed_otsu/skeleton/MD_40_40_W12_600_dpi.png,48973,external_benchmark_bulk_and_generated_outputs_not_bundled
benchmark/4677546_copper_wire/validation_output/processed_otsu/skeleton/Mixed_40_32_28_22_16_10_W1_600_dpi.png,91607,external_benchmark_bulk_and_generated_outputs_not_bundled
benchmark/4677546_copper_wire/validation_output/processed_otsu/skeleton/Mixed_40_32_28_22_16_10_W2_600_dpi.png,87651,external_benchmark_bulk_and_generated_outputs_not_bundled
benchmark/4677546_copper_wire/validation_output/processed_otsu/skeleton/Mixed_40_32_28_22_16_W1_600_dpi.png,89427,external_benchmark_bulk_and_generated_outputs_not_bundled
benchmark/4677546_copper_wire/validation_output/processed_otsu/skeleton/Mixed_40_32_28_22_16_W2_600_dpi.png,85764,external_benchmark_bulk_and_generated_outputs_not_bundled
benchmark/4677546_copper_wire/validation_output/processed_otsu/skeleton/Mixed_40_32_28_22_W1_600_dpi.png,76733,external_benchmark_bulk_and_generated_outputs_not_bundled
benchmark/4677546_copper_wire/validation_output/processed_otsu/skeleton/Mixed_40_32_28_22_W2_600_dpi.png,75272,external_benchmark_bulk_and_generated_outputs_not_bundled
benchmark/4677546_copper_wire/validation_output/processed_otsu/skeleton/Mixed_40_32_28_W1_600_dpi.png,65777,external_benchmark_bulk_and_generated_outputs_not_bundled
benchmark/4677546_copper_wire/validation_output/processed_otsu/skeleton/Mixed_40_32_28_W2_600_dpi.png,60112,external_benchmark_bulk_and_generated_outputs_not_bundled
benchmark/4677546_copper_wire/validation_output/processed_otsu/skeleton/Mixed_40_32_W1_600_dpi.png,48479,external_benchmark_bulk_and_generated_outputs_not_bundled
benchmark/4677546_copper_wire/validation_output/processed_otsu/skeleton/Mixed_40_32_W2_600_dpi.png,51176,external_benchmark_bulk_and_generated_outputs_not_bundled
benchmark/4677751_reference/A_root_image.jpg,1670626,external_benchmark_bulk_and_generated_outputs_not_bundled
benchmark/4677751_reference/root_images_several_species/herbaceous/100_R001.tif,21106486,external_benchmark_bulk_and_generated_outputs_not_bundled
benchmark/4677751_reference/root_images_several_species/herbaceous/100_R003.tif,22103495,external_benchmark_bulk_and_generated_outputs_not_bundled
benchmark/4677751_reference/root_images_several_species/herbaceous/100_R005.tif,25107934,external_benchmark_bulk_and_generated_outputs_not_bundled
benchmark/4677751_reference/root_images_several_species/herbaceous/101_R001.tif,22539390,external_benchmark_bulk_and_generated_outputs_not_bundled
benchmark/4677751_reference/root_images_several_species/herbaceous/101_R003.tif,19738912,external_benchmark_bulk_and_generated_outputs_not_bundled
benchmark/4677751_reference/root_images_several_species/herbaceous/101_R005.tif,18925214,external_benchmark_bulk_and_generated_outputs_not_bundled
benchmark/4677751_reference/root_images_several_species/herbaceous/102_R001.tif,25377306,external_benchmark_bulk_and_generated_outputs_not_bundled
benchmark/4677751_reference/root_images_several_species/herbaceous/102_R003.tif,24425904,external_benchmark_bulk_and_generated_outputs_not_bundled
benchmark/4677751_reference/root_images_several_species/herbaceous/102_R005.tif,22030723,external_benchmark_bulk_and_generated_outputs_not_bundled
benchmark/4677751_reference/root_images_several_species/herbaceous/103_R001.tif,18204554,external_benchmark_bulk_and_generated_outputs_not_bundled
benchmark/4677751_reference/root_images_several_species/herbaceous/103_R003.tif,21800374,external_benchmark_bulk_and_generated_outputs_not_bundled
benchmark/4677751_reference/root_images_several_species/herbaceous/103_R005.tif,25262884,external_benchmark_bulk_and_generated_outputs_not_bundled
benchmark/4677751_reference/root_images_several_species/herbaceous/104_R001.tif,25578454,external_benchmark_bulk_and_generated_outputs_not_bundled
benchmark/4677751_reference/root_images_several_species/herbaceous/104_R003.tif,29183475,external_benchmark_bulk_and_generated_outputs_not_bundled
benchmark/4677751_reference/root_images_several_species/herbaceous/104_R005.tif,22781986,external_benchmark_bulk_and_generated_outputs_not_bundled
benchmark/4677751_reference/root_images_several_species/herbaceous/105_R001.tif,25575990,external_benchmark_bulk_and_generated_outputs_not_bundled
benchmark/4677751_reference/root_images_several_species/herbaceous/105_R003.tif,28420659,external_benchmark_bulk_and_generated_outputs_not_bundled
benchmark/4677751_reference/root_images_several_species/herbaceous/105_R005.tif,24661774,external_benchmark_bulk_and_generated_outputs_not_bundled
benchmark/4677751_reference/root_images_several_species/herbaceous/106_R001.tif,28370994,external_benchmark_bulk_and_generated_outputs_not_bundled
benchmark/4677751_reference/root_images_several_species/herbaceous/106_R003.tif,30569865,external_benchmark_bulk_and_generated_outputs_not_bundled
benchmark/4677751_reference/root_images_several_species/herbaceous/106_R005.tif,29939934,external_benchmark_bulk_and_generated_outputs_not_bundled
benchmark/4677751_reference/root_images_several_species/herbaceous/108_R001.tif,19114749,external_benchmark_bulk_and_generated_outputs_not_bundled
benchmark/4677751_reference/root_images_several_species/herbaceous/108_R003.tif,20854284,external_benchmark_bulk_and_generated_outputs_not_bundled
benchmark/4677751_reference/root_images_several_species/herbaceous/108_R005.tif,19496864,external_benchmark_bulk_and_generated_outputs_not_bundled
benchmark/4677751_reference/root_images_several_species/herbaceous/10_R001.tif,19664469,external_benchmark_bulk_and_generated_outputs_not_bundled
benchmark/4677751_reference/root_images_several_species/herbaceous/10_R003.tif,15156366,external_benchmark_bulk_and_generated_outputs_not_bundled
benchmark/4677751_reference/root_images_several_species/herbaceous/10_R005.tif,20783164,external_benchmark_bulk_and_generated_outputs_not_bundled
benchmark/4677751_reference/root_images_several_species/herbaceous/11_R001.tif,32620704,external_benchmark_bulk_and_generated_outputs_not_bundled
benchmark/4677751_reference/root_images_several_species/herbaceous/11_R003.tif,30378447,external_benchmark_bulk_and_generated_outputs_not_bundled
benchmark/4677751_reference/root_images_several_species/herbaceous/11_R005.tif,35760903,external_benchmark_bulk_and_generated_outputs_not_bundled
benchmark/4677751_reference/root_images_several_species/herbaceous/12_R001.tif,22931534,external_benchmark_bulk_and_generated_outputs_not_bundled
benchmark/4677751_reference/root_images_several_species/herbaceous/12_R003.tif,20146970,external_benchmark_bulk_and_generated_outputs_not_bundled
benchmark/4677751_reference/root_images_several_species/herbaceous/12_R005.tif,20491779,external_benchmark_bulk_and_generated_outputs_not_bundled
benchmark/4677751_reference/root_images_several_species/herbaceous/13_R001.tif,18664474,external_benchmark_bulk_and_generated_outputs_not_bundled
benchmark/4677751_reference/root_images_several_species/herbaceous/13_R003.tif,23898199,external_benchmark_bulk_and_generated_outputs_not_bundled
benchmark/4677751_reference/root_images_several_species/herbaceous/13_R005.tif,24349244,external_benchmark_bulk_and_generated_outputs_not_bundled
benchmark/4677751_reference/root_images_several_species/herbaceous/14_R001.tif,21873194,external_benchmark_bulk_and_generated_outputs_not_bundled
benchmark/4677751_reference/root_images_several_species/herbaceous/14_R003.tif,21721319,external_benchmark_bulk_and_generated_outputs_not_bundled
benchmark/4677751_reference/root_images_several_species/herbaceous/14_R005.tif,19171612,external_benchmark_bulk_and_generated_outputs_not_bundled
benchmark/4677751_reference/root_images_several_species/herbaceous/15_R001.tif,18491054,external_benchmark_bulk_and_generated_outputs_not_bundled
benchmark/4677751_reference/root_images_several_species/herbaceous/15_R003.tif,23895006,external_benchmark_bulk_and_generated_outputs_not_bundled
benchmark/4677751_reference/root_images_several_species/herbaceous/15_R005.tif,20754534,external_benchmark_bulk_and_generated_outputs_not_bundled
benchmark/4677751_reference/root_images_several_species/herbaceous/16_R001.tif,39766001,external_benchmark_bulk_and_generated_outputs_not_bundled
benchmark/4677751_reference/root_images_several_species/herbaceous/16_R003.tif,38519538,external_benchmark_bulk_and_generated_outputs_not_bundled
benchmark/4677751_reference/root_images_several_species/herbaceous/16_R005.tif,35707638,external_benchmark_bulk_and_generated_outputs_not_bundled
benchmark/4677751_reference/root_images_several_species/herbaceous/17_R001.tif,27809309,external_benchmark_bulk_and_generated_outputs_not_bundled
benchmark/4677751_reference/root_images_several_species/herbaceous/17_R003.tif,24605584,external_benchmark_bulk_and_generated_outputs_not_bundled
benchmark/4677751_reference/root_images_several_species/herbaceous/17_R005.tif,23198962,external_benchmark_bulk_and_generated_outputs_not_bundled
benchmark/4677751_reference/root_images_several_species/herbaceous/18_R001.tif,47196686,external_benchmark_bulk_and_generated_outputs_not_bundled
benchmark/4677751_reference/root_images_several_species/herbaceous/18_R003.tif,43818777,external_benchmark_bulk_and_generated_outputs_not_bundled
benchmark/4677751_reference/root_images_several_species/herbaceous/18_R005.tif,41467308,external_benchmark_bulk_and_generated_outputs_not_bundled
benchmark/4677751_reference/root_images_several_species/herbaceous/19_R001.tif,25021488,external_benchmark_bulk_and_generated_outputs_not_bundled
benchmark/4677751_reference/root_images_several_species/herbaceous/19_R003.tif,29508678,external_benchmark_bulk_and_generated_outputs_not_bundled
benchmark/4677751_reference/root_images_several_species/herbaceous/19_R005.tif,24927894,external_benchmark_bulk_and_generated_outputs_not_bundled
benchmark/4677751_reference/root_images_several_species/herbaceous/1_R001.tif,21682800,external_benchmark_bulk_and_generated_outputs_not_bundled
benchmark/4677751_reference/root_images_several_species/herbaceous/1_R003.tif,17042749,external_benchmark_bulk_and_generated_outputs_not_bundled
benchmark/4677751_reference/root_images_several_species/herbaceous/1_R005.tif,19753791,external_benchmark_bulk_and_generated_outputs_not_bundled
benchmark/4677751_reference/root_images_several_species/herbaceous/20_R001.tif,18778094,external_benchmark_bulk_and_generated_outputs_not_bundled
benchmark/4677751_reference/root_images_several_species/herbaceous/20_R003.tif,22126290,external_benchmark_bulk_and_generated_outputs_not_bundled
benchmark/4677751_reference/root_images_several_species/herbaceous/20_R005.tif,19824990,external_benchmark_bulk_and_generated_outputs_not_bundled
benchmark/4677751_reference/root_images_several_species/herbaceous/21_R001.tif,34787986,external_benchmark_bulk_and_generated_outputs_not_bundled
benchmark/4677751_reference/root_images_several_species/herbaceous/21_R003.tif,33907486,external_benchmark_bulk_and_generated_outputs_not_bundled
benchmark/4677751_reference/root_images_several_species/herbaceous/21_R005.tif,32657838,external_benchmark_bulk_and_generated_outputs_not_bundled
benchmark/4677751_reference/root_images_several_species/herbaceous/22_R001.tif,20798761,external_benchmark_bulk_and_generated_outputs_not_bundled
benchmark/4677751_reference/root_images_several_species/herbaceous/22_R003.tif,25505133,external_benchmark_bulk_and_generated_outputs_not_bundled
benchmark/4677751_reference/root_images_several_species/herbaceous/22_R005.tif,26014762,external_benchmark_bulk_and_generated_outputs_not_bundled
benchmark/4677751_reference/root_images_several_species/herbaceous/23_R001.tif,21329864,external_benchmark_bulk_and_generated_outputs_not_bundled
benchmark/4677751_reference/root_images_several_species/herbaceous/23_R003.tif,22223062,external_benchmark_bulk_and_generated_outputs_not_bundled
benchmark/4677751_reference/root_images_several_species/herbaceous/23_R005.tif,18711320,external_benchmark_bulk_and_generated_outputs_not_bundled
benchmark/4677751_reference/root_images_several_species/herbaceous/24_R001.tif,23213558,external_benchmark_bulk_and_generated_outputs_not_bundled
benchmark/4677751_reference/root_images_several_species/herbaceous/24_R003.tif,25973934,external_benchmark_bulk_and_generated_outputs_not_bundled
benchmark/4677751_reference/root_images_several_species/herbaceous/24_R005.tif,20461500,external_benchmark_bulk_and_generated_outputs_not_bundled
benchmark/4677751_reference/root_images_several_species/herbaceous/25_R001.tif,24011486,external_benchmark_bulk_and_generated_outputs_not_bundled
benchmark/4677751_reference/root_images_several_species/herbaceous/25_R003.tif,24381771,external_benchmark_bulk_and_generated_outputs_not_bundled
benchmark/4677751_reference/root_images_several_species/herbaceous/25_R005.tif,24211595,external_benchmark_bulk_and_generated_outputs_not_bundled
benchmark/4677751_reference/root_images_several_species/herbaceous/26_R001.tif,24003337,external_benchmark_bulk_and_generated_outputs_not_bundled
benchmark/4677751_reference/root_images_several_species/herbaceous/26_R003.tif,21532758,external_benchmark_bulk_and_generated_outputs_not_bundled
benchmark/4677751_reference/root_images_several_species/herbaceous/26_R005.tif,21397584,external_benchmark_bulk_and_generated_outputs_not_bundled
benchmark/4677751_reference/root_images_several_species/herbaceous/27_R001.tif,22657716,external_benchmark_bulk_and_generated_outputs_not_bundled
benchmark/4677751_reference/root_images_several_species/herbaceous/27_R003.tif,23143404,external_benchmark_bulk_and_generated_outputs_not_bundled
benchmark/4677751_reference/root_images_several_species/herbaceous/27_R005.tif,23832233,external_benchmark_bulk_and_generated_outputs_not_bundled
benchmark/4677751_reference/root_images_several_species/herbaceous/28_R001.tif,22558948,external_benchmark_bulk_and_generated_outputs_not_bundled
benchmark/4677751_reference/root_images_several_species/herbaceous/28_R003.tif,22833949,external_benchmark_bulk_and_generated_outputs_not_bundled
benchmark/4677751_reference/root_images_several_species/herbaceous/28_R005.tif,18921438,external_benchmark_bulk_and_generated_outputs_not_bundled
benchmark/4677751_reference/root_images_several_species/herbaceous/29_R001.tif,42925994,external_benchmark_bulk_and_generated_outputs_not_bundled
benchmark/4677751_reference/root_images_several_species/herbaceous/29_R003.tif,45306402,external_benchmark_bulk_and_generated_outputs_not_bundled
benchmark/4677751_reference/root_images_several_species/herbaceous/29_R005.tif,41398474,external_benchmark_bulk_and_generated_outputs_not_bundled
benchmark/4677751_reference/root_images_several_species/herbaceous/2_R001.tif,20683950,external_benchmark_bulk_and_generated_outputs_not_bundled
benchmark/4677751_reference/root_images_several_species/herbaceous/2_R003.tif,22086164,external_benchmark_bulk_and_generated_outputs_not_bundled
benchmark/4677751_reference/root_images_several_species/herbaceous/2_R005.tif,22086164,external_benchmark_bulk_and_generated_outputs_not_bundled
benchmark/4677751_reference/root_images_several_species/herbaceous/30_R001.tif,28972324,external_benchmark_bulk_and_generated_outputs_not_bundled
benchmark/4677751_reference/root_images_several_species/herbaceous/30_R003.tif,25732684,external_benchmark_bulk_and_generated_outputs_not_bundled
benchmark/4677751_reference/root_images_several_species/herbaceous/30_R005.tif,24294606,external_benchmark_bulk_and_generated_outputs_not_bundled
benchmark/4677751_reference/root_images_several_species/herbaceous/31_R001.tif,19664469,external_benchmark_bulk_and_generated_outputs_not_bundled
benchmark/4677751_reference/root_images_several_species/herbaceous/31_R003.tif,23232519,external_benchmark_bulk_and_generated_outputs_not_bundled
benchmark/4677751_reference/root_images_several_species/herbaceous/31_R005.tif,28020462,external_benchmark_bulk_and_generated_outputs_not_bundled
benchmark/4677751_reference/root_images_several_species/herbaceous/32_R001.tif,33404856,external_benchmark_bulk_and_generated_outputs_not_bundled
benchmark/4677751_reference/root_images_several_species/herbaceous/32_R003.tif,32472504,external_benchmark_bulk_and_generated_outputs_not_bundled
benchmark/4677751_reference/root_images_several_species/herbaceous/32_R005.tif,32284962,external_benchmark_bulk_and_generated_outputs_not_bundled
benchmark/4677751_reference/root_images_several_species/herbaceous/33_R001.tif,39224454,external_benchmark_bulk_and_generated_outputs_not_bundled
benchmark/4677751_reference/root_images_several_species/herbaceous/33_R003.tif,46335598,external_benchmark_bulk_and_generated_outputs_not_bundled
benchmark/4677751_reference/root_images_several_species/herbaceous/33_R005.tif,28362454,external_benchmark_bulk_and_generated_outputs_not_bundled
benchmark/4677751_reference/root_images_several_species/herbaceous/34_R001.tif,29983864,external_benchmark_bulk_and_generated_outputs_not_bundled
benchmark/4677751_reference/root_images_several_species/herbaceous/34_R003.tif,27008374,external_benchmark_bulk_and_generated_outputs_not_bundled
benchmark/4677751_reference/root_images_several_species/herbaceous/34_R005.tif,24556152,external_benchmark_bulk_and_generated_outputs_not_bundled
benchmark/4677751_reference/root_images_several_species/herbaceous/35_R001.tif,26774054,external_benchmark_bulk_and_generated_outputs_not_bundled
benchmark/4677751_reference/root_images_several_species/herbaceous/35_R003.tif,25244054,external_benchmark_bulk_and_generated_outputs_not_bundled
benchmark/4677751_reference/root_images_several_species/herbaceous/35_R005.tif,23186339,external_benchmark_bulk_and_generated_outputs_not_bundled
benchmark/4677751_reference/root_images_several_species/herbaceous/36_R001.tif,21880578,external_benchmark_bulk_and_generated_outputs_not_bundled
benchmark/4677751_reference/root_images_several_species/herbaceous/36_R003.tif,29456154,external_benchmark_bulk_and_generated_outputs_not_bundled
benchmark/4677751_reference/root_images_several_species/herbaceous/36_R005.tif,27396690,external_benchmark_bulk_and_generated_outputs_not_bundled
benchmark/4677751_reference/root_images_several_species/herbaceous/37_R001.tif,17029309,external_benchmark_bulk_and_generated_outputs_not_bundled
benchmark/4677751_reference/root_images_several_species/herbaceous/37_R003.tif,18409436,external_benchmark_bulk_and_generated_outputs_not_bundled
benchmark/4677751_reference/root_images_several_species/herbaceous/37_R005.tif,17839497,external_benchmark_bulk_and_generated_outputs_not_bundled
benchmark/4677751_reference/root_images_several_species/herbaceous/38_R001.tif,18831412,external_benchmark_bulk_and_generated_outputs_not_bundled
benchmark/4677751_reference/root_images_several_species/herbaceous/38_R003.tif,15445520,external_benchmark_bulk_and_generated_outputs_not_bundled
benchmark/4677751_reference/root_images_several_species/herbaceous/38_R005.tif,19333820,external_benchmark_bulk_and_generated_outputs_not_bundled
benchmark/4677751_reference/root_images_several_species/herbaceous/39_R001.tif,19151599,external_benchmark_bulk_and_generated_outputs_not_bundled
benchmark/4677751_reference/root_images_several_species/herbaceous/39_R003.tif,16773060,external_benchmark_bulk_and_generated_outputs_not_bundled
benchmark/4677751_reference/root_images_several_species/herbaceous/39_R005.tif,23150484,external_benchmark_bulk_and_generated_outputs_not_bundled
benchmark/4677751_reference/root_images_several_species/herbaceous/3_R001.tif,26485764,external_benchmark_bulk_and_generated_outputs_not_bundled
benchmark/4677751_reference/root_images_several_species/herbaceous/3_R003.tif,24902322,external_benchmark_bulk_and_generated_outputs_not_bundled
benchmark/4677751_reference/root_images_several_species/herbaceous/3_R005.tif,28591197,external_benchmark_bulk_and_generated_outputs_not_bundled
benchmark/4677751_reference/root_images_several_species/herbaceous/40_R001.tif,19495404,external_benchmark_bulk_and_generated_outputs_not_bundled
benchmark/4677751_reference/root_images_several_species/herbaceous/40_R003.tif,22234404,external_benchmark_bulk_and_generated_outputs_not_bundled
benchmark/4677751_reference/root_images_several_species/herbaceous/40_R005.tif,24383103,external_benchmark_bulk_and_generated_outputs_not_bundled
benchmark/4677751_reference/root_images_several_species/herbaceous/41_R001.tif,17475181,external_benchmark_bulk_and_generated_outputs_not_bundled
benchmark/4677751_reference/root_images_several_species/herbaceous/41_R003.tif,18362697,external_benchmark_bulk_and_generated_outputs_not_bundled
benchmark/4677751_reference/root_images_several_species/herbaceous/41_R005.tif,21404974,external_benchmark_bulk_and_generated_outputs_not_bundled
benchmark/4677751_reference/root_images_several_species/herbaceous/42_R001.tif,23310136,external_benchmark_bulk_and_generated_outputs_not_bundled
benchmark/4677751_reference/root_images_several_species/herbaceous/42_R003.tif,19478733,external_benchmark_bulk_and_generated_outputs_not_bundled
benchmark/4677751_reference/root_images_several_species/herbaceous/42_R005.tif,17950234,external_benchmark_bulk_and_generated_outputs_not_bundled
benchmark/4677751_reference/root_images_several_species/herbaceous/43_R001.tif,25388143,external_benchmark_bulk_and_generated_outputs_not_bundled
benchmark/4677751_reference/root_images_several_species/herbaceous/43_R003.tif,24821928,external_benchmark_bulk_and_generated_outputs_not_bundled
benchmark/4677751_reference/root_images_several_species/herbaceous/43_R005.tif,22352604,external_benchmark_bulk_and_generated_outputs_not_bundled
benchmark/4677751_reference/root_images_several_species/herbaceous/44_R001.tif,18291534,external_benchmark_bulk_and_generated_outputs_not_bundled
benchmark/4677751_reference/root_images_several_species/herbaceous/44_R003.tif,20710714,external_benchmark_bulk_and_generated_outputs_not_bundled
benchmark/4677751_reference/root_images_several_species/herbaceous/44_R005.tif,21188616,external_benchmark_bulk_and_generated_outputs_not_bundled
benchmark/4677751_reference/root_images_several_species/herbaceous/45_R001.tif,21085488,external_benchmark_bulk_and_generated_outputs_not_bundled
benchmark/4677751_reference/root_images_several_species/herbaceous/45_R003.tif,21848550,external_benchmark_bulk_and_generated_outputs_not_bundled
benchmark/4677751_reference/root_images_several_species/herbaceous/45_R005.tif,19118478,external_benchmark_bulk_and_generated_outputs_not_bundled
benchmark/4677751_reference/root_images_several_species/herbaceous/46_R001.tif,26915760,external_benchmark_bulk_and_generated_outputs_not_bundled
benchmark/4677751_reference/root_images_several_species/herbaceous/46_R003.tif,18102804,external_benchmark_bulk_and_generated_outputs_not_bundled
benchmark/4677751_reference/root_images_several_species/herbaceous/46_R005.tif,15612174,external_benchmark_bulk_and_generated_outputs_not_bundled
benchmark/4677751_reference/root_images_several_species/herbaceous/47_R001.tif,18549204,external_benchmark_bulk_and_generated_outputs_not_bundled
benchmark/4677751_reference/root_images_several_species/herbaceous/47_R003.tif,16042064,external_benchmark_bulk_and_generated_outputs_not_bundled
benchmark/4677751_reference/root_images_several_species/herbaceous/47_R005.tif,19744290,external_benchmark_bulk_and_generated_outputs_not_bundled
benchmark/4677751_reference/root_images_several_species/herbaceous/48_R001.tif,20193654,external_benchmark_bulk_and_generated_outputs_not_bundled
benchmark/4677751_reference/root_images_several_species/herbaceous/48_R003.tif,18871572,external_benchmark_bulk_and_generated_outputs_not_bundled
benchmark/4677751_reference/root_images_several_species/herbaceous/48_R005.tif,18861366,external_benchmark_bulk_and_generated_outputs_not_bundled
benchmark/4677751_reference/root_images_several_species/herbaceous/49_R001.tif,25951936,external_benchmark_bulk_and_generated_outputs_not_bundled
benchmark/4677751_reference/root_images_several_species/herbaceous/49_R003.tif,22004304,external_benchmark_bulk_and_generated_outputs_not_bundled
benchmark/4677751_reference/root_images_several_species/herbaceous/49_R005.tif,20101038,external_benchmark_bulk_and_generated_outputs_not_bundled
benchmark/4677751_reference/root_images_several_species/herbaceous/4_R001.tif,22913086,external_benchmark_bulk_and_generated_outputs_not_bundled
benchmark/4677751_reference/root_images_several_species/herbaceous/4_R003.tif,18653502,external_benchmark_bulk_and_generated_outputs_not_bundled
benchmark/4677751_reference/root_images_several_species/herbaceous/4_R005.tif,23873664,external_benchmark_bulk_and_generated_outputs_not_bundled
benchmark/4677751_reference/root_images_several_species/herbaceous/50_R001.tif,9375054,external_benchmark_bulk_and_generated_outputs_not_bundled
benchmark/4677751_reference/root_images_several_species/herbaceous/50_R003.tif,16511293,external_benchmark_bulk_and_generated_outputs_not_bundled
benchmark/4677751_reference/root_images_several_species/herbaceous/50_R005.tif,14112719,external_benchmark_bulk_and_generated_outputs_not_bundled
benchmark/4677751_reference/root_images_several_species/herbaceous/51_R001.tif,14149932,external_benchmark_bulk_and_generated_outputs_not_bundled
benchmark/4677751_reference/root_images_several_species/herbaceous/51_R003.tif,21349514,external_benchmark_bulk_and_generated_outputs_not_bundled
benchmark/4677751_reference/root_images_several_species/herbaceous/51_R005.tif,15783063,external_benchmark_bulk_and_generated_outputs_not_bundled
benchmark/4677751_reference/root_images_several_species/herbaceous/52_R001.tif,15027546,external_benchmark_bulk_and_generated_outputs_not_bundled
benchmark/4677751_reference/root_images_several_species/herbaceous/52_R003.tif,11572012,external_benchmark_bulk_and_generated_outputs_not_bundled
benchmark/4677751_reference/root_images_several_species/herbaceous/52_R005.tif,18567204,external_benchmark_bulk_and_generated_outputs_not_bundled
benchmark/4677751_reference/root_images_several_species/herbaceous/53_R001.tif,20394828,external_benchmark_bulk_and_generated_outputs_not_bundled
benchmark/4677751_reference/root_images_several_species/herbaceous/53_R003.tif,20522454,external_benchmark_bulk_and_generated_outputs_not_bundled
benchmark/4677751_reference/root_images_several_species/herbaceous/53_R005.tif,13353279,external_benchmark_bulk_and_generated_outputs_not_bundled
benchmark/4677751_reference/root_images_several_species/herbaceous/54_R001.tif,21248737,external_benchmark_bulk_and_generated_outputs_not_bundled
benchmark/4677751_reference/root_images_several_species/herbaceous/54_R003.tif,20020479,external_benchmark_bulk_and_generated_outputs_not_bundled
benchmark/4677751_reference/root_images_several_species/herbaceous/54_R005.tif,17785710,external_benchmark_bulk_and_generated_outputs_not_bundled
benchmark/4677751_reference/root_images_several_species/herbaceous/55_R001.tif,16085074,external_benchmark_bulk_and_generated_outputs_not_bundled
benchmark/4677751_reference/root_images_several_species/herbaceous/55_R003.tif,12576770,external_benchmark_bulk_and_generated_outputs_not_bundled
benchmark/4677751_reference/root_images_several_species/herbaceous/55_R005.tif,12171862,external_benchmark_bulk_and_generated_outputs_not_bundled
benchmark/4677751_reference/root_images_several_species/herbaceous/56_R001.tif,20966241,external_benchmark_bulk_and_generated_outputs_not_bundled
benchmark/4677751_reference/root_images_several_species/herbaceous/56_R003.tif,20829654,external_benchmark_bulk_and_generated_outputs_not_bundled
benchmark/4677751_reference/root_images_several_species/herbaceous/56_R005.tif,14246340,external_benchmark_bulk_and_generated_outputs_not_bundled
benchmark/4677751_reference/root_images_several_species/herbaceous/57_R001.tif,15573761,external_benchmark_bulk_and_generated_outputs_not_bundled
benchmark/4677751_reference/root_images_several_species/herbaceous/57_R003.tif,13182862,external_benchmark_bulk_and_generated_outputs_not_bundled
benchmark/4677751_reference/root_images_several_species/herbaceous/57_R005.tif,14748086,external_benchmark_bulk_and_generated_outputs_not_bundled
benchmark/4677751_reference/root_images_several_species/herbaceous/58_R001.tif,21082506,external_benchmark_bulk_and_generated_outputs_not_bundled
benchmark/4677751_reference/root_images_several_species/herbaceous/58_R003.tif,21081770,external_benchmark_bulk_and_generated_outputs_not_bundled
benchmark/4677751_reference/root_images_several_species/herbaceous/58_R005.tif,19820933,external_benchmark_bulk_and_generated_outputs_not_bundled
benchmark/4677751_reference/root_images_several_species/herbaceous/59_R001.tif,10960459,external_benchmark_bulk_and_generated_outputs_not_bundled
benchmark/4677751_reference/root_images_several_species/herbaceous/59_R003.tif,9568511,external_benchmark_bulk_and_generated_outputs_not_bundled
benchmark/4677751_reference/root_images_several_species/herbaceous/59_R005.tif,12513634,external_benchmark_bulk_and_generated_outputs_not_bundled
benchmark/4677751_reference/root_images_several_species/herbaceous/5_R001.tif,25474958,external_benchmark_bulk_and_generated_outputs_not_bundled
benchmark/4677751_reference/root_images_several_species/herbaceous/5_R003.tif,22538454,external_benchmark_bulk_and_generated_outputs_not_bundled
benchmark/4677751_reference/root_images_several_species/herbaceous/5_R005.tif,19700934,external_benchmark_bulk_and_generated_outputs_not_bundled
benchmark/4677751_reference/root_images_several_species/herbaceous/60_R001.tif,14619830,external_benchmark_bulk_and_generated_outputs_not_bundled
benchmark/4677751_reference/root_images_several_species/herbaceous/60_R003.tif,13307189,external_benchmark_bulk_and_generated_outputs_not_bundled
benchmark/4677751_reference/root_images_several_species/herbaceous/60_R005.tif,18280356,external_benchmark_bulk_and_generated_outputs_not_bundled
benchmark/4677751_reference/root_images_several_species/herbaceous/61_R001.tif,18337947,external_benchmark_bulk_and_generated_outputs_not_bundled
benchmark/4677751_reference/root_images_several_species/herbaceous/61_R003.tif,22147779,external_benchmark_bulk_and_generated_outputs_not_bundled
benchmark/4677751_reference/root_images_several_species/herbaceous/61_R005.tif,21280638,external_benchmark_bulk_and_generated_outputs_not_bundled
benchmark/4677751_reference/root_images_several_species/herbaceous/62_R001.tif,21377475,external_benchmark_bulk_and_generated_outputs_not_bundled
benchmark/4677751_reference/root_images_several_species/herbaceous/62_R003.tif,19485966,external_benchmark_bulk_and_generated_outputs_not_bundled
benchmark/4677751_reference/root_images_several_species/herbaceous/62_R005.tif,17306812,external_benchmark_bulk_and_generated_outputs_not_bundled
benchmark/4677751_reference/root_images_several_species/herbaceous/63_R001.tif,18806904,external_benchmark_bulk_and_generated_outputs_not_bundled
benchmark/4677751_reference/root_images_several_species/herbaceous/63_R003.tif,22027070,external_benchmark_bulk_and_generated_outputs_not_bundled
benchmark/4677751_reference/root_images_several_species/herbaceous/63_R005.tif,22110499,external_benchmark_bulk_and_generated_outputs_not_bundled
benchmark/4677751_reference/root_images_several_species/herbaceous/64_R001.tif,15690591,external_benchmark_bulk_and_generated_outputs_not_bundled
benchmark/4677751_reference/root_images_several_species/herbaceous/64_R003.tif,17645265,external_benchmark_bulk_and_generated_outputs_not_bundled
benchmark/4677751_reference/root_images_several_species/herbaceous/64_R005.tif,15504932,external_benchmark_bulk_and_generated_outputs_not_bundled
benchmark/4677751_reference/root_images_several_species/herbaceous/65_R001.tif,34677054,external_benchmark_bulk_and_generated_outputs_not_bundled
benchmark/4677751_reference/root_images_several_species/herbaceous/65_R003.tif,44367654,external_benchmark_bulk_and_generated_outputs_not_bundled
benchmark/4677751_reference/root_images_several_species/herbaceous/65_R005.tif,37228497,external_benchmark_bulk_and_generated_outputs_not_bundled
benchmark/4677751_reference/root_images_several_species/herbaceous/67_R001.tif,44866954,external_benchmark_bulk_and_generated_outputs_not_bundled
benchmark/4677751_reference/root_images_several_species/herbaceous/67_R005.tif,44956140,external_benchmark_bulk_and_generated_outputs_not_bundled
benchmark/4677751_reference/root_images_several_species/herbaceous/67_R3.TIF,28425001,external_benchmark_bulk_and_generated_outputs_not_bundled
benchmark/4677751_reference/root_images_several_species/herbaceous/68_R001.tif,17560713,external_benchmark_bulk_and_generated_outputs_not_bundled
benchmark/4677751_reference/root_images_several_species/herbaceous/68_R003.tif,19074214,external_benchmark_bulk_and_generated_outputs_not_bundled
benchmark/4677751_reference/root_images_several_species/herbaceous/68_R005.tif,13243774,external_benchmark_bulk_and_generated_outputs_not_bundled
benchmark/4677751_reference/root_images_several_species/herbaceous/69_R001.tif,39213279,external_benchmark_bulk_and_generated_outputs_not_bundled
benchmark/4677751_reference/root_images_several_species/herbaceous/69_R003.tif,38881125,external_benchmark_bulk_and_generated_outputs_not_bundled
benchmark/4677751_reference/root_images_several_species/herbaceous/69_R005.tif,40302681,external_benchmark_bulk_and_generated_outputs_not_bundled
benchmark/4677751_reference/root_images_several_species/herbaceous/6_R001.tif,44286844,external_benchmark_bulk_and_generated_outputs_not_bundled
benchmark/4677751_reference/root_images_several_species/herbaceous/6_R003.tif,40301850,external_benchmark_bulk_and_generated_outputs_not_bundled
benchmark/4677751_reference/root_images_several_species/herbaceous/6_R005.tif,35662186,external_benchmark_bulk_and_generated_outputs_not_bundled
benchmark/4677751_reference/root_images_several_species/herbaceous/70_R001.tif,17735662,external_benchmark_bulk_and_generated_outputs_not_bundled
benchmark/4677751_reference/root_images_several_species/herbaceous/70_R003.tif,19674984,external_benchmark_bulk_and_generated_outputs_not_bundled
benchmark/4677751_reference/root_images_several_species/herbaceous/70_R005.tif,21651159,external_benchmark_bulk_and_generated_outputs_not_bundled
benchmark/4677751_reference/root_images_several_species/herbaceous/71_R001.tif,13917804,external_benchmark_bulk_and_generated_outputs_not_bundled
benchmark/4677751_reference/root_images_several_species/herbaceous/71_R003.tif,21215229,external_benchmark_bulk_and_generated_outputs_not_bundled
benchmark/4677751_reference/root_images_several_species/herbaceous/71_R005.tif,15749634,external_benchmark_bulk_and_generated_outputs_not_bundled
benchmark/4677751_reference/root_images_several_species/herbaceous/72_R001.tif,16003434,external_benchmark_bulk_and_generated_outputs_not_bundled
benchmark/4677751_reference/root_images_several_species/herbaceous/72_R003.tif,15876654,external_benchmark_bulk_and_generated_outputs_not_bundled
benchmark/4677751_reference/root_images_several_species/herbaceous/72_R005.tif,20574654,external_benchmark_bulk_and_generated_outputs_not_bundled
benchmark/4677751_reference/root_images_several_species/herbaceous/73_R001.tif,37551134,external_benchmark_bulk_and_generated_outputs_not_bundled
benchmark/4677751_reference/root_images_several_species/herbaceous/73_R003.tif,36310007,external_benchmark_bulk_and_generated_outputs_not_bundled
benchmark/4677751_reference/root_images_several_species/herbaceous/73_R005.tif,36171204,external_benchmark_bulk_and_generated_outputs_not_bundled
benchmark/4677751_reference/root_images_several_species/herbaceous/74_R001.tif,20357483,external_benchmark_bulk_and_generated_outputs_not_bundled
benchmark/4677751_reference/root_images_several_species/herbaceous/74_R003.tif,18004404,external_benchmark_bulk_and_generated_outputs_not_bundled
benchmark/4677751_reference/root_images_several_species/herbaceous/74_R005.tif,21257789,external_benchmark_bulk_and_generated_outputs_not_bundled
benchmark/4677751_reference/root_images_several_species/herbaceous/75_R001.tif,22310876,external_benchmark_bulk_and_generated_outputs_not_bundled
benchmark/4677751_reference/root_images_several_species/herbaceous/75_R003.tif,23525550,external_benchmark_bulk_and_generated_outputs_not_bundled
benchmark/4677751_reference/root_images_several_species/herbaceous/75_R005.tif,22689399,external_benchmark_bulk_and_generated_outputs_not_bundled
benchmark/4677751_reference/root_images_several_species/herbaceous/76_R001.tif,42768006,external_benchmark_bulk_and_generated_outputs_not_bundled
benchmark/4677751_reference/root_images_several_species/herbaceous/76_R003.tif,37890078,external_benchmark_bulk_and_generated_outputs_not_bundled
benchmark/4677751_reference/root_images_several_species/herbaceous/76_R005.tif,41517943,external_benchmark_bulk_and_generated_outputs_not_bundled
benchmark/4677751_reference/root_images_several_species/herbaceous/77_R001.tif,22816329,external_benchmark_bulk_and_generated_outputs_not_bundled
benchmark/4677751_reference/root_images_several_species/herbaceous/77_R003.tif,26229129,external_benchmark_bulk_and_generated_outputs_not_bundled
benchmark/4677751_reference/root_images_several_species/herbaceous/77_R005.tif,20585634,external_benchmark_bulk_and_generated_outputs_not_bundled
benchmark/4677751_reference/root_images_several_species/herbaceous/78_R001.tif,21319084,external_benchmark_bulk_and_generated_outputs_not_bundled
benchmark/4677751_reference/root_images_several_species/herbaceous/78_R003.tif,17037637,external_benchmark_bulk_and_generated_outputs_not_bundled
benchmark/4677751_reference/root_images_several_species/herbaceous/78_R005.tif,19022490,external_benchmark_bulk_and_generated_outputs_not_bundled
benchmark/4677751_reference/root_images_several_species/herbaceous/79_R001.tif,27615964,external_benchmark_bulk_and_generated_outputs_not_bundled
benchmark/4677751_reference/root_images_several_species/herbaceous/79_R003.tif,25458696,external_benchmark_bulk_and_generated_outputs_not_bundled
benchmark/4677751_reference/root_images_several_species/herbaceous/79_R005.tif,28256979,external_benchmark_bulk_and_generated_outputs_not_bundled
benchmark/4677751_reference/root_images_several_species/herbaceous/7_R001.tif,33803553,external_benchmark_bulk_and_generated_outputs_not_bundled
benchmark/4677751_reference/root_images_several_species/herbaceous/7_R003.tif,28703460,external_benchmark_bulk_and_generated_outputs_not_bundled
benchmark/4677751_reference/root_images_several_species/herbaceous/7_R005.tif,29519137,external_benchmark_bulk_and_generated_outputs_not_bundled
benchmark/4677751_reference/root_images_several_species/herbaceous/80_R001.tif,23566497,external_benchmark_bulk_and_generated_outputs_not_bundled
benchmark/4677751_reference/root_images_several_species/herbaceous/80_R003.tif,21533829,external_benchmark_bulk_and_generated_outputs_not_bundled
benchmark/4677751_reference/root_images_several_species/herbaceous/80_R005.tif,22828338,external_benchmark_bulk_and_generated_outputs_not_bundled
benchmark/4677751_reference/root_images_several_species/herbaceous/81_R001.tif,23970666,external_benchmark_bulk_and_generated_outputs_not_bundled
benchmark/4677751_reference/root_images_several_species/herbaceous/81_R003.tif,22254789,external_benchmark_bulk_and_generated_outputs_not_bundled
benchmark/4677751_reference/root_images_several_species/herbaceous/81_R005.tif,20727534,external_benchmark_bulk_and_generated_outputs_not_bundled
benchmark/4677751_reference/root_images_several_species/herbaceous/82_R001.tif,22660566,external_benchmark_bulk_and_generated_outputs_not_bundled
benchmark/4677751_reference/root_images_several_species/herbaceous/82_R003.tif,17941710,external_benchmark_bulk_and_generated_outputs_not_bundled
benchmark/4677751_reference/root_images_several_species/herbaceous/82_R005.tif,20869602,external_benchmark_bulk_and_generated_outputs_not_bundled
benchmark/4677751_reference/root_images_several_species/herbaceous/83_R001.tif,20696809,external_benchmark_bulk_and_generated_outputs_not_bundled
benchmark/4677751_reference/root_images_several_species/herbaceous/83_R003.tif,18556854,external_benchmark_bulk_and_generated_outputs_not_bundled
benchmark/4677751_reference/root_images_several_species/herbaceous/83_R005.tif,19212314,external_benchmark_bulk_and_generated_outputs_not_bundled
benchmark/4677751_reference/root_images_several_species/herbaceous/84_R001.tif,29523219,external_benchmark_bulk_and_generated_outputs_not_bundled
benchmark/4677751_reference/root_images_several_species/herbaceous/84_R003.tif,31050222,external_benchmark_bulk_and_generated_outputs_not_bundled
benchmark/4677751_reference/root_images_several_species/herbaceous/84_R005.tif,31794978,external_benchmark_bulk_and_generated_outputs_not_bundled
benchmark/4677751_reference/root_images_several_species/herbaceous/85_R001.tif,23514678,external_benchmark_bulk_and_generated_outputs_not_bundled
benchmark/4677751_reference/root_images_several_species/herbaceous/85_R003.tif,21556734,external_benchmark_bulk_and_generated_outputs_not_bundled
benchmark/4677751_reference/root_images_several_species/herbaceous/85_R005.tif,28834446,external_benchmark_bulk_and_generated_outputs_not_bundled
benchmark/4677751_reference/root_images_several_species/herbaceous/86_R001.tif,24538128,external_benchmark_bulk_and_generated_outputs_not_bundled
benchmark/4677751_reference/root_images_several_species/herbaceous/86_R003.tif,18077622,external_benchmark_bulk_and_generated_outputs_not_bundled
benchmark/4677751_reference/root_images_several_species/herbaceous/86_R005.tif,16381486,external_benchmark_bulk_and_generated_outputs_not_bundled
benchmark/4677751_reference/root_images_several_species/herbaceous/87_R001.tif,19947454,external_benchmark_bulk_and_generated_outputs_not_bundled
benchmark/4677751_reference/root_images_several_species/herbaceous/87_R003.tif,16497386,external_benchmark_bulk_and_generated_outputs_not_bundled
benchmark/4677751_reference/root_images_several_species/herbaceous/87_R005.tif,15387286,external_benchmark_bulk_and_generated_outputs_not_bundled
benchmark/4677751_reference/root_images_several_species/herbaceous/88_R001.tif,15354666,external_benchmark_bulk_and_generated_outputs_not_bundled
benchmark/4677751_reference/root_images_several_species/herbaceous/88_R003.tif,15394722,external_benchmark_bulk_and_generated_outputs_not_bundled
benchmark/4677751_reference/root_images_several_species/herbaceous/88_R005.tif,15941634,external_benchmark_bulk_and_generated_outputs_not_bundled
benchmark/4677751_reference/root_images_several_species/herbaceous/89_R001.tif,21441354,external_benchmark_bulk_and_generated_outputs_not_bundled
benchmark/4677751_reference/root_images_several_species/herbaceous/89_R003.tif,15466886,external_benchmark_bulk_and_generated_outputs_not_bundled
benchmark/4677751_reference/root_images_several_species/herbaceous/89_R005.tif,19504674,external_benchmark_bulk_and_generated_outputs_not_bundled
benchmark/4677751_reference/root_images_several_species/herbaceous/8_R001.tif,21009249,external_benchmark_bulk_and_generated_outputs_not_bundled
benchmark/4677751_reference/root_images_several_species/herbaceous/8_R003.tif,26032374,external_benchmark_bulk_and_generated_outputs_not_bundled
benchmark/4677751_reference/root_images_several_species/herbaceous/8_R005.tif,24737103,external_benchmark_bulk_and_generated_outputs_not_bundled
benchmark/4677751_reference/root_images_several_species/herbaceous/90_R001.tif,13901674,external_benchmark_bulk_and_generated_outputs_not_bundled
benchmark/4677751_reference/root_images_several_species/herbaceous/90_R003.tif,14441486,external_benchmark_bulk_and_generated_outputs_not_bundled
benchmark/4677751_reference/root_images_several_species/herbaceous/90_R005.tif,22468404,external_benchmark_bulk_and_generated_outputs_not_bundled
benchmark/4677751_reference/root_images_several_species/herbaceous/91_R001.tif,11619678,external_benchmark_bulk_and_generated_outputs_not_bundled
benchmark/4677751_reference/root_images_several_species/herbaceous/91_R003.tif,12890979,external_benchmark_bulk_and_generated_outputs_not_bundled
benchmark/4677751_reference/root_images_several_species/herbaceous/91_R005.tif,14692815,external_benchmark_bulk_and_generated_outputs_not_bundled
benchmark/4677751_reference/root_images_several_species/herbaceous/92_R001.tif,18894606,external_benchmark_bulk_and_generated_outputs_not_bundled
benchmark/4677751_reference/root_images_several_species/herbaceous/92_R003.tif,17301354,external_benchmark_bulk_and_generated_outputs_not_bundled
benchmark/4677751_reference/root_images_several_species/herbaceous/92_R005.tif,16114214,external_benchmark_bulk_and_generated_outputs_not_bundled
benchmark/4677751_reference/root_images_several_species/herbaceous/93_R001.tif,23586199,external_benchmark_bulk_and_generated_outputs_not_bundled
benchmark/4677751_reference/root_images_several_species/herbaceous/93_R003.tif,25628804,external_benchmark_bulk_and_generated_outputs_not_bundled
benchmark/4677751_reference/root_images_several_species/herbaceous/93_R005.tif,23967654,external_benchmark_bulk_and_generated_outputs_not_bundled
benchmark/4677751_reference/root_images_several_species/herbaceous/94_R001.tif,11604828,external_benchmark_bulk_and_generated_outputs_not_bundled
benchmark/4677751_reference/root_images_several_species/herbaceous/94_R003.tif,5732610,external_benchmark_bulk_and_generated_outputs_not_bundled
benchmark/4677751_reference/root_images_several_species/herbaceous/94_R005.tif,12562774,external_benchmark_bulk_and_generated_outputs_not_bundled
benchmark/4677751_reference/root_images_several_species/herbaceous/95_R001.tif,10589310,external_benchmark_bulk_and_generated_outputs_not_bundled
benchmark/4677751_reference/root_images_several_species/herbaceous/95_R003.tif,15695264,external_benchmark_bulk_and_generated_outputs_not_bundled
benchmark/4677751_reference/root_images_several_species/herbaceous/95_R005.tif,8847464,external_benchmark_bulk_and_generated_outputs_not_bundled
benchmark/4677751_reference/root_images_several_species/herbaceous/96_R001.tif,22189254,external_benchmark_bulk_and_generated_outputs_not_bundled
benchmark/4677751_reference/root_images_several_species/herbaceous/96_R003.tif,20139990,external_benchmark_bulk_and_generated_outputs_not_bundled
benchmark/4677751_reference/root_images_several_species/herbaceous/96_R005.tif,12541006,external_benchmark_bulk_and_generated_outputs_not_bundled
benchmark/4677751_reference/root_images_several_species/herbaceous/97_R001.tif,25631844,external_benchmark_bulk_and_generated_outputs_not_bundled
benchmark/4677751_reference/root_images_several_species/herbaceous/97_R003.tif,25889686,external_benchmark_bulk_and_generated_outputs_not_bundled
benchmark/4677751_reference/root_images_several_species/herbaceous/97_R005.tif,29006190,external_benchmark_bulk_and_generated_outputs_not_bundled
benchmark/4677751_reference/root_images_several_species/herbaceous/98_R001.tif,23763118,external_benchmark_bulk_and_generated_outputs_not_bundled
benchmark/4677751_reference/root_images_several_species/herbaceous/98_R003.tif,23312362,external_benchmark_bulk_and_generated_outputs_not_bundled
benchmark/4677751_reference/root_images_several_species/herbaceous/98_R005.tif,17947674,external_benchmark_bulk_and_generated_outputs_not_bundled
benchmark/4677751_reference/root_images_several_species/herbaceous/99_R001.tif,30027354,external_benchmark_bulk_and_generated_outputs_not_bundled
benchmark/4677751_reference/root_images_several_species/herbaceous/99_R003.tif,23268190,external_benchmark_bulk_and_generated_outputs_not_bundled
benchmark/4677751_reference/root_images_several_species/herbaceous/99_R005.tif,21046954,external_benchmark_bulk_and_generated_outputs_not_bundled
benchmark/4677751_reference/root_images_several_species/herbaceous/9_R001.tif,26378126,external_benchmark_bulk_and_generated_outputs_not_bundled
benchmark/4677751_reference/root_images_several_species/herbaceous/9_R003.tif,24556029,external_benchmark_bulk_and_generated_outputs_not_bundled
benchmark/4677751_reference/root_images_several_species/herbaceous/9_R005.tif,21091878,external_benchmark_bulk_and_generated_outputs_not_bundled
benchmark/4677751_reference/root_images_several_species/herbaceous/RVE_features.csv,55708,external_benchmark_bulk_and_generated_outputs_not_bundled
benchmark/4677751_reference/root_images_several_species/herbaceous/RVE_metadata.csv,779,external_benchmark_bulk_and_generated_outputs_not_bundled
benchmark/4677751_reference/root_images_several_species/herbaceous/WinRhizo_features_fromFreschet.xlsx,501414,external_benchmark_bulk_and_generated_outputs_not_bundled
benchmark/4677751_reference/root_images_several_species/herbaceous1/1_R001.tif,21682800,external_benchmark_bulk_and_generated_outputs_not_bundled
benchmark/4677751_reference/root_images_several_species/herbaceous1/1_R003.tif,17042749,external_benchmark_bulk_and_generated_outputs_not_bundled
benchmark/4677751_reference/root_images_several_species/herbaceous1/1_R005.tif,19753791,external_benchmark_bulk_and_generated_outputs_not_bundled
benchmark/4677751_reference/root_images_several_species/maize/P1-ER-0-30.jpg,1811431,external_benchmark_bulk_and_generated_outputs_not_bundled
benchmark/4677751_reference/root_images_several_species/maize/P1-ER-120-150.jpg,1744935,external_benchmark_bulk_and_generated_outputs_not_bundled
benchmark/4677751_reference/root_images_several_species/maize/P1-ER-30-60.jpg,2297908,external_benchmark_bulk_and_generated_outputs_not_bundled
benchmark/4677751_reference/root_images_several_species/maize/P1-ER-60-90-1.jpg,1779191,external_benchmark_bulk_and_generated_outputs_not_bundled
benchmark/4677751_reference/root_images_several_species/maize/P1-ER-60-90-2.jpg,1471226,external_benchmark_bulk_and_generated_outputs_not_bundled
benchmark/4677751_reference/root_images_several_species/maize/P1-ER-90-120.jpg,2330006,external_benchmark_bulk_and_generated_outputs_not_bundled
benchmark/4677751_reference/root_images_several_species/maize/P1-Extra-1.jpg,1817922,external_benchmark_bulk_and_generated_outputs_not_bundled
benchmark/4677751_reference/root_images_several_species/maize/P1-Extra-2.jpg,2129804,external_benchmark_bulk_and_generated_outputs_not_bundled
benchmark/4677751_reference/root_images_several_species/maize/P1-Extra-3.jpg,4931532,external_benchmark_bulk_and_generated_outputs_not_bundled
benchmark/4677751_reference/root_images_several_species/maize/P1-Extra-4.jpg,3858170,external_benchmark_bulk_and_generated_outputs_not_bundled
benchmark/4677751_reference/root_images_several_species/maize/P1-Extra-5.jpg,3228853,external_benchmark_bulk_and_generated_outputs_not_bundled
benchmark/4677751_reference/root_images_several_species/maize/P1-Extra-6.jpg,3693101,external_benchmark_bulk_and_generated_outputs_not_bundled
benchmark/4677751_reference/root_images_several_species/maize/P1-Extra-7.jpg,2427223,external_benchmark_bulk_and_generated_outputs_not_bundled
benchmark/4677751_reference/root_images_several_species/maize/P1-NR1-0-30.jpg,2790156,external_benchmark_bulk_and_generated_outputs_not_bundled
benchmark/4677751_reference/root_images_several_species/maize/P1-NR1-30-60-1.jpg,3444452,external_benchmark_bulk_and_generated_outputs_not_bundled
benchmark/4677751_reference/root_images_several_species/maize/P1-NR1-30-60-2.jpg,3747225,external_benchmark_bulk_and_generated_outputs_not_bundled
benchmark/4677751_reference/root_images_several_species/maize/P1-NR1-60-90-1.jpg,2066560,external_benchmark_bulk_and_generated_outputs_not_bundled
benchmark/4677751_reference/root_images_several_species/maize/P1-NR1-60-90-2.jpg,1946239,external_benchmark_bulk_and_generated_outputs_not_bundled
benchmark/4677751_reference/root_images_several_species/maize/P1-NR1-60-90-3.jpg,1502968,external_benchmark_bulk_and_generated_outputs_not_bundled
benchmark/4677751_reference/root_images_several_species/maize/P1-NR1-90-120-1.jpg,1911617,external_benchmark_bulk_and_generated_outputs_not_bundled
benchmark/4677751_reference/root_images_several_species/maize/P1-NR1-90-120-2.jpg,1553939,external_benchmark_bulk_and_generated_outputs_not_bundled
benchmark/4677751_reference/root_images_several_species/maize/P1-NR2-0-30.jpg,1882793,external_benchmark_bulk_and_generated_outputs_not_bundled
benchmark/4677751_reference/root_images_several_species/maize/P1-NR2-120-160.jpg,2210634,external_benchmark_bulk_and_generated_outputs_not_bundled
benchmark/4677751_reference/root_images_several_species/maize/P1-NR2-30-60.jpg,1897885,external_benchmark_bulk_and_generated_outputs_not_bundled
benchmark/4677751_reference/root_images_several_species/maize/P1-NR2-60-90-1.jpg,1985305,external_benchmark_bulk_and_generated_outputs_not_bundled
benchmark/4677751_reference/root_images_several_species/maize/P1-NR2-60-90-2.jpg,1643915,external_benchmark_bulk_and_generated_outputs_not_bundled
benchmark/4677751_reference/root_images_several_species/maize/P1-NR2-90-120-1.jpg,1867501,external_benchmark_bulk_and_generated_outputs_not_bundled
benchmark/4677751_reference/root_images_several_species/maize/P1-NR2-90-120-2.jpg,1170879,external_benchmark_bulk_and_generated_outputs_not_bundled
benchmark/4677751_reference/root_images_several_species/maize/P1-NR3-0-30.jpg,2221553,external_benchmark_bulk_and_generated_outputs_not_bundled
benchmark/4677751_reference/root_images_several_species/maize/P1-NR3-120-150.jpg,1016547,external_benchmark_bulk_and_generated_outputs_not_bundled
benchmark/4677751_reference/root_images_several_species/maize/P1-NR3-30-60-1.jpg,2759554,external_benchmark_bulk_and_generated_outputs_not_bundled
benchmark/4677751_reference/root_images_several_species/maize/P1-NR3-30-60-2.jpg,3102759,external_benchmark_bulk_and_generated_outputs_not_bundled
benchmark/4677751_reference/root_images_several_species/maize/P1-NR3-60-90-1.jpg,1727250,external_benchmark_bulk_and_generated_outputs_not_bundled
benchmark/4677751_reference/root_images_several_species/maize/P1-NR3-60-90-2.jpg,1394803,external_benchmark_bulk_and_generated_outputs_not_bundled
benchmark/4677751_reference/root_images_several_species/maize/P1-NR3-60-90-3.jpg,1462745,external_benchmark_bulk_and_generated_outputs_not_bundled
benchmark/4677751_reference/root_images_several_species/maize/P1-NR3-90-120.jpg,1749047,external_benchmark_bulk_and_generated_outputs_not_bundled
benchmark/4677751_reference/root_images_several_species/maize/P1-NR4-0-30.jpg,2938856,external_benchmark_bulk_and_generated_outputs_not_bundled
benchmark/4677751_reference/root_images_several_species/maize/P1-NR4-120-133.jpg,725051,external_benchmark_bulk_and_generated_outputs_not_bundled
benchmark/4677751_reference/root_images_several_species/maize/P1-NR4-30-60.jpg,1630723,external_benchmark_bulk_and_generated_outputs_not_bundled
benchmark/4677751_reference/root_images_several_species/maize/P1-NR4-60-90.jpg,1455255,external_benchmark_bulk_and_generated_outputs_not_bundled
benchmark/4677751_reference/root_images_several_species/maize/P1-NR4-90-120.jpg,1150223,external_benchmark_bulk_and_generated_outputs_not_bundled
benchmark/4677751_reference/root_images_several_species/maize/P1-NR5-0-30.jpg,1903027,external_benchmark_bulk_and_generated_outputs_not_bundled
benchmark/4677751_reference/root_images_several_species/maize/P1-NR5-30-60.jpg,1002492,external_benchmark_bulk_and_generated_outputs_not_bundled
benchmark/4677751_reference/root_images_several_species/maize/P1-NR6-0-30.jpg,931285,external_benchmark_bulk_and_generated_outputs_not_bundled
benchmark/4677751_reference/root_images_several_species/maize/P2-ER-0-30.jpg,1530337,external_benchmark_bulk_and_generated_outputs_not_bundled
benchmark/4677751_reference/root_images_several_species/maize/P2-ER-120-150.jpg,878288,external_benchmark_bulk_and_generated_outputs_not_bundled
benchmark/4677751_reference/root_images_several_species/maize/P2-ER-30-60.jpg,1635068,external_benchmark_bulk_and_generated_outputs_not_bundled
benchmark/4677751_reference/root_images_several_species/maize/P2-ER-60-90.jpg,1665103,external_benchmark_bulk_and_generated_outputs_not_bundled
benchmark/4677751_reference/root_images_several_species/maize/P2-ER-90-120.jpg,1079148,external_benchmark_bulk_and_generated_outputs_not_bundled
benchmark/4677751_reference/root_images_several_species/maize/P2-Extra.jpg,1218458,external_benchmark_bulk_and_generated_outputs_not_bundled
benchmark/4677751_reference/root_images_several_species/maize/P2-NR1-0-30.jpg,1662821,external_benchmark_bulk_and_generated_outputs_not_bundled
benchmark/4677751_reference/root_images_several_species/maize/P2-NR1-120-160.jpg,1796279,external_benchmark_bulk_and_generated_outputs_not_bundled
benchmark/4677751_reference/root_images_several_species/maize/P2-NR1-30-60.jpg,2019188,external_benchmark_bulk_and_generated_outputs_not_bundled
benchmark/4677751_reference/root_images_several_species/maize/P2-NR1-60-90-1.jpg,1948513,external_benchmark_bulk_and_generated_outputs_not_bundled
benchmark/4677751_reference/root_images_several_species/maize/P2-NR1-60-90-2.jpg,2323462,external_benchmark_bulk_and_generated_outputs_not_bundled
benchmark/4677751_reference/root_images_several_species/maize/P2-NR1-90-120-1.jpg,1916806,external_benchmark_bulk_and_generated_outputs_not_bundled
benchmark/4677751_reference/root_images_several_species/maize/P2-NR1-90-120-2.jpg,1753913,external_benchmark_bulk_and_generated_outputs_not_bundled
benchmark/4677751_reference/root_images_several_species/maize/P2-NR2-0-30-1.jpg,2241522,external_benchmark_bulk_and_generated_outputs_not_bundled
benchmark/4677751_reference/root_images_several_species/maize/P2-NR2-0-30-2.jpg,1397366,external_benchmark_bulk_and_generated_outputs_not_bundled
benchmark/4677751_reference/root_images_several_species/maize/P2-NR2-120-150.jpg,1431099,external_benchmark_bulk_and_generated_outputs_not_bundled
benchmark/4677751_reference/root_images_several_species/maize/P2-NR2-30-60.jpg,2087112,external_benchmark_bulk_and_generated_outputs_not_bundled
benchmark/4677751_reference/root_images_several_species/maize/P2-NR2-60-90-1.jpg,1990282,external_benchmark_bulk_and_generated_outputs_not_bundled
benchmark/4677751_reference/root_images_several_species/maize/P2-NR2-60-90-2.jpg,1534042,external_benchmark_bulk_and_generated_outputs_not_bundled
benchmark/4677751_reference/root_images_several_species/maize/P2-NR2-90-120-1.jpg,1991260,external_benchmark_bulk_and_generated_outputs_not_bundled
benchmark/4677751_reference/root_images_several_species/maize/P2-NR2-90-120-2.jpg,1514282,external_benchmark_bulk_and_generated_outputs_not_bundled
benchmark/4677751_reference/root_images_several_species/maize/P2-NR3-0-30.jpg,2654897,external_benchmark_bulk_and_generated_outputs_not_bundled
benchmark/4677751_reference/root_images_several_species/maize/P2-NR3-30-60.jpg,2495226,external_benchmark_bulk_and_generated_outputs_not_bundled
benchmark/4677751_reference/root_images_several_species/maize/P2-NR3-60-90-1.jpg,1709160,external_benchmark_bulk_and_generated_outputs_not_bundled
benchmark/4677751_reference/root_images_several_species/maize/P2-NR3-60-90-2.jpg,1784497,external_benchmark_bulk_and_generated_outputs_not_bundled
benchmark/4677751_reference/root_images_several_species/maize/P2-NR3-90-120.jpg,1206357,external_benchmark_bulk_and_generated_outputs_not_bundled
benchmark/4677751_reference/root_images_several_species/maize/P2-NR4-0-30.jpg,2802459,external_benchmark_bulk_and_generated_outputs_not_bundled
benchmark/4677751_reference/root_images_several_species/maize/P2-NR4-120-150.jpg,878574,external_benchmark_bulk_and_generated_outputs_not_bundled
benchmark/4677751_reference/root_images_several_species/maize/P2-NR4-30-60-1.jpg,2164141,external_benchmark_bulk_and_generated_outputs_not_bundled
benchmark/4677751_reference/root_images_several_species/maize/P2-NR4-30-60-2.jpg,1879460,external_benchmark_bulk_and_generated_outputs_not_bundled
benchmark/4677751_reference/root_images_several_species/maize/P2-NR4-60-90.jpg,1548529,external_benchmark_bulk_and_generated_outputs_not_bundled
benchmark/4677751_reference/root_images_several_species/maize/P2-NR4-90-120.jpg,1026333,external_benchmark_bulk_and_generated_outputs_not_bundled
benchmark/4677751_reference/root_images_several_species/maize/P2-NR5-0-30.jpg,1792551,external_benchmark_bulk_and_generated_outputs_not_bundled
benchmark/4677751_reference/root_images_several_species/maize/P2-NR5-30-60.jpg,905771,external_benchmark_bulk_and_generated_outputs_not_bundled
benchmark/4677751_reference/root_images_several_species/maize/P3-ER-0-30.jpg,1506468,external_benchmark_bulk_and_generated_outputs_not_bundled
benchmark/4677751_reference/root_images_several_species/maize/P3-ER-120-160.jpg,939875,external_benchmark_bulk_and_generated_outputs_not_bundled
benchmark/4677751_reference/root_images_several_species/maize/P3-ER-30-60.jpg,4204013,external_benchmark_bulk_and_generated_outputs_not_bundled
benchmark/4677751_reference/root_images_several_species/maize/P3-ER-60-90.jpg,1667870,external_benchmark_bulk_and_generated_outputs_not_bundled
benchmark/4677751_reference/root_images_several_species/maize/P3-ER-90-120.jpg,1549898,external_benchmark_bulk_and_generated_outputs_not_bundled
benchmark/4677751_reference/root_images_several_species/maize/P3-Extra.jpg,6136298,external_benchmark_bulk_and_generated_outputs_not_bundled
benchmark/4677751_reference/root_images_several_species/maize/P3-NR1-0-30.jpg,1630173,external_benchmark_bulk_and_generated_outputs_not_bundled
benchmark/4677751_reference/root_images_several_species/maize/P3-NR1-120-160.jpg,1182614,external_benchmark_bulk_and_generated_outputs_not_bundled
benchmark/4677751_reference/root_images_several_species/maize/P3-NR1-30-60-1.jpg,2235330,external_benchmark_bulk_and_generated_outputs_not_bundled
benchmark/4677751_reference/root_images_several_species/maize/P3-NR1-30-60-2.jpg,2296452,external_benchmark_bulk_and_generated_outputs_not_bundled
benchmark/4677751_reference/root_images_several_species/maize/P3-NR1-60-90-1.jpg,1574375,external_benchmark_bulk_and_generated_outputs_not_bundled
benchmark/4677751_reference/root_images_several_species/maize/P3-NR1-60-90-2.jpg,1364358,external_benchmark_bulk_and_generated_outputs_not_bundled
benchmark/4677751_reference/root_images_several_species/maize/P3-NR1-90-120.jpg,1376547,external_benchmark_bulk_and_generated_outputs_not_bundled
benchmark/4677751_reference/root_images_several_species/maize/P3-NR2-0-30.jpg,1431519,external_benchmark_bulk_and_generated_outputs_not_bundled
benchmark/4677751_reference/root_images_several_species/maize/P3-NR2-120-150.jpg,2527433,external_benchmark_bulk_and_generated_outputs_not_bundled
benchmark/4677751_reference/root_images_several_species/maize/P3-NR2-30-60-1.jpg,3502084,external_benchmark_bulk_and_generated_outputs_not_bundled
benchmark/4677751_reference/root_images_several_species/maize/P3-NR2-30-60-2.jpg,4876418,external_benchmark_bulk_and_generated_outputs_not_bundled
benchmark/4677751_reference/root_images_several_species/maize/P3-NR2-30-60-3.jpg,4283119,external_benchmark_bulk_and_generated_outputs_not_bundled
benchmark/4677751_reference/root_images_several_species/maize/P3-NR2-60-90-1.jpg,3726659,external_benchmark_bulk_and_generated_outputs_not_bundled
benchmark/4677751_reference/root_images_several_species/maize/P3-NR2-60-90-2.jpg,3915439,external_benchmark_bulk_and_generated_outputs_not_bundled
benchmark/4677751_reference/root_images_several_species/maize/P3-NR2-90-120.jpg,1472765,external_benchmark_bulk_and_generated_outputs_not_bundled
benchmark/4677751_reference/root_images_several_species/maize/P3-NR3-0-30.jpg,3566445,external_benchmark_bulk_and_generated_outputs_not_bundled
benchmark/4677751_reference/root_images_several_species/maize/RVE_features.csv,20521,external_benchmark_bulk_and_generated_outputs_not_bundled
benchmark/4677751_reference/root_images_several_species/maize/RVE_metadata.csv,779,external_benchmark_bulk_and_generated_outputs_not_bundled
benchmark/4677751_reference/root_images_several_species/maize/WinRhizo_features_2018.xlsx,217855,external_benchmark_bulk_and_generated_outputs_not_bundled
benchmark/4677751_reference/root_images_several_species/rusult/binary/1_R001.png,215070,external_benchmark_bulk_and_generated_outputs_not_bundled
benchmark/4677751_reference/root_images_several_species/rusult/binary/1_R003.png,168495,external_benchmark_bulk_and_generated_outputs_not_bundled
benchmark/4677751_reference/root_images_several_species/rusult/binary/1_R005.png,146810,external_benchmark_bulk_and_generated_outputs_not_bundled
benchmark/4677751_reference/root_images_several_species/rusult/root_architecture_metrics.csv,1495,external_benchmark_bulk_and_generated_outputs_not_bundled
benchmark/4677751_reference/root_images_several_species/rusult/skeleton/1_R001.png,173489,external_benchmark_bulk_and_generated_outputs_not_bundled
benchmark/4677751_reference/root_images_several_species/rusult/skeleton/1_R003.png,139779,external_benchmark_bulk_and_generated_outputs_not_bundled
benchmark/4677751_reference/root_images_several_species/rusult/skeleton/1_R005.png,119057,external_benchmark_bulk_and_generated_outputs_not_bundled
benchmark/4677751_reference/root_images_several_species/trees/A1.TIF,7586550,external_benchmark_bulk_and_generated_outputs_not_bundled
benchmark/4677751_reference/root_images_several_species/trees/A2.TIF,7257640,external_benchmark_bulk_and_generated_outputs_not_bundled
benchmark/4677751_reference/root_images_several_species/trees/A3.TIF,5085182,external_benchmark_bulk_and_generated_outputs_not_bundled
benchmark/4677751_reference/root_images_several_species/trees/A4.TIF,6288792,external_benchmark_bulk_and_generated_outputs_not_bundled
benchmark/4677751_reference/root_images_several_species/trees/A5.TIF,15705092,external_benchmark_bulk_and_generated_outputs_not_bundled
benchmark/4677751_reference/root_images_several_species/trees/B1.TIF,4830312,external_benchmark_bulk_and_generated_outputs_not_bundled
benchmark/4677751_reference/root_images_several_species/trees/B2.TIF,2239240,external_benchmark_bulk_and_generated_outputs_not_bundled
benchmark/4677751_reference/root_images_several_species/trees/B3.TIF,2749464,external_benchmark_bulk_and_generated_outputs_not_bundled
benchmark/4677751_reference/root_images_several_species/trees/B4.TIF,2774928,external_benchmark_bulk_and_generated_outputs_not_bundled
benchmark/4677751_reference/root_images_several_species/trees/B5.TIF,2837144,external_benchmark_bulk_and_generated_outputs_not_bundled
benchmark/4677751_reference/root_images_several_species/trees/C1.TIF,7128528,external_benchmark_bulk_and_generated_outputs_not_bundled
benchmark/4677751_reference/root_images_several_species/trees/C2.TIF,3029520,external_benchmark_bulk_and_generated_outputs_not_bundled
benchmark/4677751_reference/root_images_several_species/trees/C3.TIF,6739792,external_benchmark_bulk_and_generated_outputs_not_bundled
benchmark/4677751_reference/root_images_several_species/trees/C4.TIF,4925344,external_benchmark_bulk_and_generated_outputs_not_bundled
benchmark/4677751_reference/root_images_several_species/trees/C5.TIF,7152728,external_benchmark_bulk_and_generated_outputs_not_bundled
benchmark/4677751_reference/root_images_several_species/trees/D1.TIF,2260952,external_benchmark_bulk_and_generated_outputs_not_bundled
benchmark/4677751_reference/root_images_several_species/trees/D2.TIF,2800528,external_benchmark_bulk_and_generated_outputs_not_bundled
benchmark/4677751_reference/root_images_several_species/trees/D3.TIF,2554384,external_benchmark_bulk_and_generated_outputs_not_bundled
benchmark/4677751_reference/root_images_several_species/trees/D4.TIF,4239584,external_benchmark_bulk_and_generated_outputs_not_bundled
benchmark/4677751_reference/root_images_several_species/trees/D5.TIF,3244576,external_benchmark_bulk_and_generated_outputs_not_bundled
benchmark/4677751_reference/root_images_several_species/trees/E1.TIF,3611774,external_benchmark_bulk_and_generated_outputs_not_bundled
benchmark/4677751_reference/root_images_several_species/trees/E2.TIF,3308200,external_benchmark_bulk_and_generated_outputs_not_bundled
benchmark/4677751_reference/root_images_several_species/trees/E3.TIF,1575892,external_benchmark_bulk_and_generated_outputs_not_bundled
benchmark/4677751_reference/root_images_several_species/trees/E4.TIF,5471704,external_benchmark_bulk_and_generated_outputs_not_bundled
benchmark/4677751_reference/root_images_several_species/trees/E5.TIF,1923444,external_benchmark_bulk_and_generated_outputs_not_bundled
benchmark/4677751_reference/root_images_several_species/trees/F1.TIF,5386152,external_benchmark_bulk_and_generated_outputs_not_bundled
benchmark/4677751_reference/root_images_several_species/trees/F2.TIF,2606520,external_benchmark_bulk_and_generated_outputs_not_bundled
benchmark/4677751_reference/root_images_several_species/trees/F3.TIF,2921480,external_benchmark_bulk_and_generated_outputs_not_bundled
benchmark/4677751_reference/root_images_several_species/trees/F4.TIF,4834968,external_benchmark_bulk_and_generated_outputs_not_bundled
benchmark/4677751_reference/root_images_several_species/trees/F5.TIF,3233048,external_benchmark_bulk_and_generated_outputs_not_bundled
benchmark/4677751_reference/root_images_several_species/trees/G1.TIF,3133984,external_benchmark_bulk_and_generated_outputs_not_bundled
benchmark/4677751_reference/root_images_several_species/trees/G2.TIF,3272248,external_benchmark_bulk_and_generated_outputs_not_bundled
benchmark/4677751_reference/root_images_several_species/trees/G3.TIF,2714576,external_benchmark_bulk_and_generated_outputs_not_bundled
benchmark/4677751_reference/root_images_several_species/trees/G4.TIF,5056328,external_benchmark_bulk_and_generated_outputs_not_bundled
benchmark/4677751_reference/root_images_several_species/trees/G5.TIF,5623720,external_benchmark_bulk_and_generated_outputs_not_bundled
benchmark/4677751_reference/root_images_several_species/trees/H1.TIF,1743966,external_benchmark_bulk_and_generated_outputs_not_bundled
benchmark/4677751_reference/root_images_several_species/trees/H2.TIF,2365942,external_benchmark_bulk_and_generated_outputs_not_bundled
benchmark/4677751_reference/root_images_several_species/trees/H3.TIF,2924840,external_benchmark_bulk_and_generated_outputs_not_bundled
benchmark/4677751_reference/root_images_several_species/trees/H4.TIF,2797428,external_benchmark_bulk_and_generated_outputs_not_bundled
benchmark/4677751_reference/root_images_several_species/trees/H5.TIF,1002336,external_benchmark_bulk_and_generated_outputs_not_bundled
benchmark/4677751_reference/root_images_several_species/trees/I1.TIF,9574192,external_benchmark_bulk_and_generated_outputs_not_bundled
benchmark/4677751_reference/root_images_several_species/trees/I2.TIF,5212716,external_benchmark_bulk_and_generated_outputs_not_bundled
benchmark/4677751_reference/root_images_several_species/trees/I3.TIF,5616266,external_benchmark_bulk_and_generated_outputs_not_bundled
benchmark/4677751_reference/root_images_several_species/trees/I4.TIF,1945442,external_benchmark_bulk_and_generated_outputs_not_bundled
benchmark/4677751_reference/root_images_several_species/trees/I5.TIF,3322672,external_benchmark_bulk_and_generated_outputs_not_bundled
benchmark/4677751_reference/root_images_several_species/trees/J1.TIF,4602424,external_benchmark_bulk_and_generated_outputs_not_bundled
benchmark/4677751_reference/root_images_several_species/trees/J2.TIF,2114016,external_benchmark_bulk_and_generated_outputs_not_bundled
benchmark/4677751_reference/root_images_several_species/trees/J3.TIF,3448344,external_benchmark_bulk_and_generated_outputs_not_bundled
benchmark/4677751_reference/root_images_several_species/trees/J4.TIF,3180056,external_benchmark_bulk_and_generated_outputs_not_bundled
benchmark/4677751_reference/root_images_several_species/trees/J5.TIF,3427368,external_benchmark_bulk_and_generated_outputs_not_bundled
benchmark/4677751_reference/root_images_several_species/trees/K1.TIF,6871704,external_benchmark_bulk_and_generated_outputs_not_bundled
benchmark/4677751_reference/root_images_several_species/trees/K2.TIF,3283728,external_benchmark_bulk_and_generated_outputs_not_bundled
benchmark/4677751_reference/root_images_several_species/trees/K3.TIF,8461088,external_benchmark_bulk_and_generated_outputs_not_bundled
benchmark/4677751_reference/root_images_several_species/trees/K4.TIF,2411696,external_benchmark_bulk_and_generated_outputs_not_bundled
benchmark/4677751_reference/root_images_several_species/trees/K5.TIF,6062024,external_benchmark_bulk_and_generated_outputs_not_bundled
benchmark/4677751_reference/root_images_several_species/trees/L1.TIF,2874278,external_benchmark_bulk_and_generated_outputs_not_bundled
benchmark/4677751_reference/root_images_several_species/trees/L2.TIF,6042478,external_benchmark_bulk_and_generated_outputs_not_bundled
benchmark/4677751_reference/root_images_several_species/trees/L3.TIF,3188918,external_benchmark_bulk_and_generated_outputs_not_bundled
benchmark/4677751_reference/root_images_several_species/trees/L4.TIF,3284992,external_benchmark_bulk_and_generated_outputs_not_bundled
benchmark/4677751_reference/root_images_several_species/trees/L5.TIF,3115076,external_benchmark_bulk_and_generated_outputs_not_bundled
benchmark/4677751_reference/root_images_several_species/trees/M1.TIF,4081632,external_benchmark_bulk_and_generated_outputs_not_bundled
benchmark/4677751_reference/root_images_several_species/trees/M2.TIF,2081696,external_benchmark_bulk_and_generated_outputs_not_bundled
benchmark/4677751_reference/root_images_several_species/trees/M3.TIF,4846610,external_benchmark_bulk_and_generated_outputs_not_bundled
benchmark/4677751_reference/root_images_several_species/trees/M4.TIF,3177956,external_benchmark_bulk_and_generated_outputs_not_bundled
benchmark/4677751_reference/root_images_several_species/trees/M5.TIF,2348122,external_benchmark_bulk_and_generated_outputs_not_bundled
benchmark/4677751_reference/root_images_several_species/trees/N1.TIF,3486464,external_benchmark_bulk_and_generated_outputs_not_bundled
benchmark/4677751_reference/root_images_several_species/trees/N2.TIF,1829280,external_benchmark_bulk_and_generated_outputs_not_bundled
benchmark/4677751_reference/root_images_several_species/trees/N3.TIF,1919320,external_benchmark_bulk_and_generated_outputs_not_bundled
benchmark/4677751_reference/root_images_several_species/trees/N4.TIF,1828312,external_benchmark_bulk_and_generated_outputs_not_bundled
benchmark/4677751_reference/root_images_several_species/trees/N5.TIF,1036088,external_benchmark_bulk_and_generated_outputs_not_bundled
benchmark/4677751_reference/root_images_several_species/trees/RVE_features.csv,11534,external_benchmark_bulk_and_generated_outputs_not_bundled
benchmark/4677751_reference/root_images_several_species/trees/RVE_metadata.csv,777,external_benchmark_bulk_and_generated_outputs_not_bundled
benchmark/4677751_reference/root_images_several_species/trees/WinRhizo_features_fromMcCormack.xlsx,54368,external_benchmark_bulk_and_generated_outputs_not_bundled
benchmark/4677751_reference/root_images_several_species/wheat/2174-05_1.jpg,2887962,external_benchmark_bulk_and_generated_outputs_not_bundled
benchmark/4677751_reference/root_images_several_species/wheat/2180_2.jpg,3051874,external_benchmark_bulk_and_generated_outputs_not_bundled
benchmark/4677751_reference/root_images_several_species/wheat/ABOVE_1.jpg,2588321,external_benchmark_bulk_and_generated_outputs_not_bundled
benchmark/4677751_reference/root_images_several_species/wheat/AGATE_2.jpg,2754095,external_benchmark_bulk_and_generated_outputs_not_bundled
benchmark/4677751_reference/root_images_several_species/wheat/AKRON_4.jpg,2348856,external_benchmark_bulk_and_generated_outputs_not_bundled
benchmark/4677751_reference/root_images_several_species/wheat/ARAPAHOE_1.jpg,2617009,external_benchmark_bulk_and_generated_outputs_not_bundled
benchmark/4677751_reference/root_images_several_species/wheat/ARLIN_2.jpg,3024025,external_benchmark_bulk_and_generated_outputs_not_bundled
benchmark/4677751_reference/root_images_several_species/wheat/Billings_2.jpg,2731578,external_benchmark_bulk_and_generated_outputs_not_bundled
benchmark/4677751_reference/root_images_several_species/wheat/BISON_1.jpg,2886726,external_benchmark_bulk_and_generated_outputs_not_bundled
benchmark/4677751_reference/root_images_several_species/wheat/BUCKSKIN_2.jpg,2867879,external_benchmark_bulk_and_generated_outputs_not_bundled
benchmark/4677751_reference/root_images_several_species/wheat/BYRD_2.jpg,3341808,external_benchmark_bulk_and_generated_outputs_not_bundled
benchmark/4677751_reference/root_images_several_species/wheat/CAPROCK_2.jpg,2500670,external_benchmark_bulk_and_generated_outputs_not_bundled
benchmark/4677751_reference/root_images_several_species/wheat/CARSON_1.jpg,2468368,external_benchmark_bulk_and_generated_outputs_not_bundled
benchmark/4677751_reference/root_images_several_species/wheat/CENTURK78_1.jpg,2736545,external_benchmark_bulk_and_generated_outputs_not_bundled
benchmark/4677751_reference/root_images_several_species/wheat/CHENEY_1.jpg,2566271,external_benchmark_bulk_and_generated_outputs_not_bundled
benchmark/4677751_reference/root_images_several_species/wheat/CHENEY_2.jpg,2825435,external_benchmark_bulk_and_generated_outputs_not_bundled
benchmark/4677751_reference/root_images_several_species/wheat/CHEYENNE_1.jpg,2344349,external_benchmark_bulk_and_generated_outputs_not_bundled
benchmark/4677751_reference/root_images_several_species/wheat/CHEYENNE_2.jpg,2443797,external_benchmark_bulk_and_generated_outputs_not_bundled
benchmark/4677751_reference/root_images_several_species/wheat/CO03064_2.jpg,2723496,external_benchmark_bulk_and_generated_outputs_not_bundled
benchmark/4677751_reference/root_images_several_species/wheat/CO04393_1.jpg,2551973,external_benchmark_bulk_and_generated_outputs_not_bundled
benchmark/4677751_reference/root_images_several_species/wheat/CO04499_1.jpg,2575800,external_benchmark_bulk_and_generated_outputs_not_bundled
benchmark/4677751_reference/root_images_several_species/wheat/CO07W245_1.jpg,2409078,external_benchmark_bulk_and_generated_outputs_not_bundled
benchmark/4677751_reference/root_images_several_species/wheat/COLT_1.jpg,2423733,external_benchmark_bulk_and_generated_outputs_not_bundled
benchmark/4677751_reference/root_images_several_species/wheat/CREST_1.jpg,2433226,external_benchmark_bulk_and_generated_outputs_not_bundled
benchmark/4677751_reference/root_images_several_species/wheat/DELIVER_1.jpg,2352498,external_benchmark_bulk_and_generated_outputs_not_bundled
benchmark/4677751_reference/root_images_several_species/wheat/DENALI_2.jpg,2530848,external_benchmark_bulk_and_generated_outputs_not_bundled
benchmark/4677751_reference/root_images_several_species/wheat/Duster_1.jpg,3625436,external_benchmark_bulk_and_generated_outputs_not_bundled
benchmark/4677751_reference/root_images_several_species/wheat/Duster_2.jpg,2805787,external_benchmark_bulk_and_generated_outputs_not_bundled
benchmark/4677751_reference/root_images_several_species/wheat/EAGLE_1.jpg,2539095,external_benchmark_bulk_and_generated_outputs_not_bundled
benchmark/4677751_reference/root_images_several_species/wheat/Endurance_2.jpg,2563669,external_benchmark_bulk_and_generated_outputs_not_bundled
benchmark/4677751_reference/root_images_several_species/wheat/ENHANCER_1.jpg,2417157,external_benchmark_bulk_and_generated_outputs_not_bundled
benchmark/4677751_reference/root_images_several_species/wheat/FULLER_2.jpg,2327561,external_benchmark_bulk_and_generated_outputs_not_bundled
benchmark/4677751_reference/root_images_several_species/wheat/GAGE_1.jpg,3010774,external_benchmark_bulk_and_generated_outputs_not_bundled
benchmark/4677751_reference/root_images_several_species/wheat/HAIL_1.jpg,2397360,external_benchmark_bulk_and_generated_outputs_not_bundled
benchmark/4677751_reference/root_images_several_species/wheat/HALLAM_1.jpg,2747577,external_benchmark_bulk_and_generated_outputs_not_bundled
benchmark/4677751_reference/root_images_several_species/wheat/HEYNE_2.jpg,2335780,external_benchmark_bulk_and_generated_outputs_not_bundled
benchmark/4677751_reference/root_images_several_species/wheat/HOMESTEAD_1.jpg,2523286,external_benchmark_bulk_and_generated_outputs_not_bundled
benchmark/4677751_reference/root_images_several_species/wheat/HUME_2.jpg,2368039,external_benchmark_bulk_and_generated_outputs_not_bundled
benchmark/4677751_reference/root_images_several_species/wheat/HV906-865_1.jpg,2530450,external_benchmark_bulk_and_generated_outputs_not_bundled
benchmark/4677751_reference/root_images_several_species/wheat/HV906-865_2.jpg,2669546,external_benchmark_bulk_and_generated_outputs_not_bundled
benchmark/4677751_reference/root_images_several_species/wheat/HV9W06-504_1.jpg,3686932,external_benchmark_bulk_and_generated_outputs_not_bundled
benchmark/4677751_reference/root_images_several_species/wheat/HV9W06-504_2.jpg,2859682,external_benchmark_bulk_and_generated_outputs_not_bundled
benchmark/4677751_reference/root_images_several_species/wheat/JAGALENE_2.jpg,2370703,external_benchmark_bulk_and_generated_outputs_not_bundled
benchmark/4677751_reference/root_images_several_species/wheat/JERRY_1.jpg,4008297,external_benchmark_bulk_and_generated_outputs_not_bundled
benchmark/4677751_reference/root_images_several_species/wheat/JUDITH_2.jpg,2360471,external_benchmark_bulk_and_generated_outputs_not_bundled
benchmark/4677751_reference/root_images_several_species/wheat/KARL_92_2.jpg,2500636,external_benchmark_bulk_and_generated_outputs_not_bundled
benchmark/4677751_reference/root_images_several_species/wheat/KIOWA_2.jpg,2349525,external_benchmark_bulk_and_generated_outputs_not_bundled
benchmark/4677751_reference/root_images_several_species/wheat/LONGHORN_3.jpg,2320992,external_benchmark_bulk_and_generated_outputs_not_bundled
benchmark/4677751_reference/root_images_several_species/wheat/MCGILL_1.jpg,2648437,external_benchmark_bulk_and_generated_outputs_not_bundled
benchmark/4677751_reference/root_images_several_species/wheat/MCGILL_2.jpg,2432665,external_benchmark_bulk_and_generated_outputs_not_bundled
benchmark/4677751_reference/root_images_several_species/wheat/MILLENNIUM_1.jpg,2322628,external_benchmark_bulk_and_generated_outputs_not_bundled
benchmark/4677751_reference/root_images_several_species/wheat/MT9513_2.jpg,2660991,external_benchmark_bulk_and_generated_outputs_not_bundled
benchmark/4677751_reference/root_images_several_species/wheat/NE05496_1.jpg,2850972,external_benchmark_bulk_and_generated_outputs_not_bundled
benchmark/4677751_reference/root_images_several_species/wheat/NEWTON_1.jpg,2400184,external_benchmark_bulk_and_generated_outputs_not_bundled
benchmark/4677751_reference/root_images_several_species/wheat/NI06737_1.jpg,2440151,external_benchmark_bulk_and_generated_outputs_not_bundled
benchmark/4677751_reference/root_images_several_species/wheat/NI06737_2.jpg,2378743,external_benchmark_bulk_and_generated_outputs_not_bundled
benchmark/4677751_reference/root_images_several_species/wheat/OK04507_2.jpg,3528811,external_benchmark_bulk_and_generated_outputs_not_bundled
benchmark/4677751_reference/root_images_several_species/wheat/OK04525_2.jpg,2836414,external_benchmark_bulk_and_generated_outputs_not_bundled
benchmark/4677751_reference/root_images_several_species/wheat/OK05204_1.jpg,2876710,external_benchmark_bulk_and_generated_outputs_not_bundled
benchmark/4677751_reference/root_images_several_species/wheat/OK05303_1.jpg,2357444,external_benchmark_bulk_and_generated_outputs_not_bundled
benchmark/4677751_reference/root_images_several_species/wheat/OK05303_3.jpg,2324979,external_benchmark_bulk_and_generated_outputs_not_bundled
benchmark/4677751_reference/root_images_several_species/wheat/OK05312_2.jpg,2379634,external_benchmark_bulk_and_generated_outputs_not_bundled
benchmark/4677751_reference/root_images_several_species/wheat/OK05711W_2.jpg,3585117,external_benchmark_bulk_and_generated_outputs_not_bundled
benchmark/4677751_reference/root_images_several_species/wheat/OK05723W_1.jpg,2704231,external_benchmark_bulk_and_generated_outputs_not_bundled
benchmark/4677751_reference/root_images_several_species/wheat/OK06319_1.jpg,2826070,external_benchmark_bulk_and_generated_outputs_not_bundled
benchmark/4677751_reference/root_images_several_species/wheat/OK10119_3.jpg,2374856,external_benchmark_bulk_and_generated_outputs_not_bundled
benchmark/4677751_reference/root_images_several_species/wheat/OK1068002_1.jpg,3337550,external_benchmark_bulk_and_generated_outputs_not_bundled
benchmark/4677751_reference/root_images_several_species/wheat/PLATTE_2.jpg,3495922,external_benchmark_bulk_and_generated_outputs_not_bundled
benchmark/4677751_reference/root_images_several_species/wheat/ROBIDOUX_1.jpg,2680839,external_benchmark_bulk_and_generated_outputs_not_bundled
benchmark/4677751_reference/root_images_several_species/wheat/ROBIDOUX_2.jpg,2402335,external_benchmark_bulk_and_generated_outputs_not_bundled
benchmark/4677751_reference/root_images_several_species/wheat/ROSE_1.jpg,2367000,external_benchmark_bulk_and_generated_outputs_not_bundled
benchmark/4677751_reference/root_images_several_species/wheat/ROSEBUD_1.jpg,2584159,external_benchmark_bulk_and_generated_outputs_not_bundled
benchmark/4677751_reference/root_images_several_species/wheat/RVE_features.csv,18684,external_benchmark_bulk_and_generated_outputs_not_bundled
benchmark/4677751_reference/root_images_several_species/wheat/RVE_metadata.csv,791,external_benchmark_bulk_and_generated_outputs_not_bundled
benchmark/4677751_reference/root_images_several_species/wheat/SAGE_1.jpg,3240409,external_benchmark_bulk_and_generated_outputs_not_bundled
benchmark/4677751_reference/root_images_several_species/wheat/SAGE_2.jpg,2734732,external_benchmark_bulk_and_generated_outputs_not_bundled
benchmark/4677751_reference/root_images_several_species/wheat/SANDY_1.jpg,2416922,external_benchmark_bulk_and_generated_outputs_not_bundled
benchmark/4677751_reference/root_images_several_species/wheat/SANDY_2.jpg,2460177,external_benchmark_bulk_and_generated_outputs_not_bundled
benchmark/4677751_reference/root_images_several_species/wheat/SD05118_4.jpg,2495579,external_benchmark_bulk_and_generated_outputs_not_bundled
benchmark/4677751_reference/root_images_several_species/wheat/SD05W018_1.jpg,2438524,external_benchmark_bulk_and_generated_outputs_not_bundled
benchmark/4677751_reference/root_images_several_species/wheat/SETTLER_CL_1.jpg,2320265,external_benchmark_bulk_and_generated_outputs_not_bundled
benchmark/4677751_reference/root_images_several_species/wheat/SIOUXLAND_1.jpg,2328758,external_benchmark_bulk_and_generated_outputs_not_bundled
benchmark/4677751_reference/root_images_several_species/wheat/SIOUXLAND_4.jpg,2328428,external_benchmark_bulk_and_generated_outputs_not_bundled
benchmark/4677751_reference/root_images_several_species/wheat/SMOKYHILL_1.jpg,2409045,external_benchmark_bulk_and_generated_outputs_not_bundled
benchmark/4677751_reference/root_images_several_species/wheat/SMOKYHILL_2.jpg,2641800,external_benchmark_bulk_and_generated_outputs_not_bundled
benchmark/4677751_reference/root_images_several_species/wheat/TAM105_1.jpg,2326852,external_benchmark_bulk_and_generated_outputs_not_bundled
benchmark/4677751_reference/root_images_several_species/wheat/TASCOSA_1.jpg,2594949,external_benchmark_bulk_and_generated_outputs_not_bundled
benchmark/4677751_reference/root_images_several_species/wheat/THUNDER_CL_2.jpg,2625560,external_benchmark_bulk_and_generated_outputs_not_bundled
benchmark/4677751_reference/root_images_several_species/wheat/THUNDERBOLT_1.jpg,2624215,external_benchmark_bulk_and_generated_outputs_not_bundled
benchmark/4677751_reference/root_images_several_species/wheat/TRISON_1.jpg,2685157,external_benchmark_bulk_and_generated_outputs_not_bundled
benchmark/4677751_reference/root_images_several_species/wheat/TRISON_2.jpg,2724116,external_benchmark_bulk_and_generated_outputs_not_bundled
benchmark/4677751_reference/root_images_several_species/wheat/TRIUMPH64_1.jpg,2636868,external_benchmark_bulk_and_generated_outputs_not_bundled
benchmark/4677751_reference/root_images_several_species/wheat/TURKEY_NEBSEL_2.jpg,2377575,external_benchmark_bulk_and_generated_outputs_not_bundled
benchmark/4677751_reference/root_images_several_species/wheat/TX06A001263_1.jpg,2464719,external_benchmark_bulk_and_generated_outputs_not_bundled
benchmark/4677751_reference/root_images_several_species/wheat/TX06A001263_2.jpg,2463743,external_benchmark_bulk_and_generated_outputs_not_bundled
benchmark/4677751_reference/root_images_several_species/wheat/TX06A001281_2.jpg,2583722,external_benchmark_bulk_and_generated_outputs_not_bundled
benchmark/4677751_reference/root_images_several_species/wheat/TX07A001279_1.jpg,2662857,external_benchmark_bulk_and_generated_outputs_not_bundled
benchmark/4677751_reference/root_images_several_species/wheat/TX07A001318_2.jpg,2377354,external_benchmark_bulk_and_generated_outputs_not_bundled
benchmark/4677751_reference/root_images_several_species/wheat/TX86A8072_1.jpg,2341447,external_benchmark_bulk_and_generated_outputs_not_bundled
benchmark/4677751_reference/root_images_several_species/wheat/TX96D1073_1.jpg,2885973,external_benchmark_bulk_and_generated_outputs_not_bundled
benchmark/4677751_reference/root_images_several_species/wheat/TX99U8618_1.jpg,3021237,external_benchmark_bulk_and_generated_outputs_not_bundled
benchmark/4677751_reference/root_images_several_species/wheat/W04-417_1.jpg,2648086,external_benchmark_bulk_and_generated_outputs_not_bundled
benchmark/4677751_reference/root_images_several_species/wheat/WinRhizo_features_2019.TXT,477002,external_benchmark_bulk_and_generated_outputs_not_bundled
benchmark/4677751_reference/root_images_several_species.zip,2816872922,external_benchmark_bulk_and_generated_outputs_not_bundled
benchmark/4677751_reference/validation_output/cross_merge_sensitivity.csv,4393,external_benchmark_bulk_and_generated_outputs_not_bundled
benchmark/4677751_reference/validation_output/figure_multispecies.png,229159,external_benchmark_bulk_and_generated_outputs_not_bundled
benchmark/4677751_reference/validation_output/figure_multispecies_combined.pdf,57052,external_benchmark_bulk_and_generated_outputs_not_bundled
benchmark/4677751_reference/validation_output/figure_multispecies_combined.png,1063146,external_benchmark_bulk_and_generated_outputs_not_bundled
benchmark/4677751_reference/validation_output/make_combined_figure.py,6254,external_benchmark_bulk_and_generated_outputs_not_bundled
benchmark/4677751_reference/validation_output/sensitivity_cross_merge.pdf,26281,external_benchmark_bulk_and_generated_outputs_not_bundled
benchmark/4677751_reference/validation_output/sensitivity_cross_merge.png,460367,external_benchmark_bulk_and_generated_outputs_not_bundled
benchmark/4677751_reference/validation_output/sensitivity_study.py,6101,external_benchmark_bulk_and_generated_outputs_not_bundled
benchmark/4677751_reference/validation_output/tier_A/binary/1_R001.png,227142,external_benchmark_bulk_and_generated_outputs_not_bundled
benchmark/4677751_reference/validation_output/tier_A/binary/1_R003.png,183402,external_benchmark_bulk_and_generated_outputs_not_bundled
benchmark/4677751_reference/validation_output/tier_A/binary/1_R005.png,154869,external_benchmark_bulk_and_generated_outputs_not_bundled
benchmark/4677751_reference/validation_output/tier_A/measurements_tier_A.csv,1573,external_benchmark_bulk_and_generated_outputs_not_bundled
benchmark/4677751_reference/validation_output/tier_A/regression_report.csv,2264,external_benchmark_bulk_and_generated_outputs_not_bundled
benchmark/4677751_reference/validation_output/tier_A/regression_summary.csv,475,external_benchmark_bulk_and_generated_outputs_not_bundled
benchmark/4677751_reference/validation_output/tier_A/skeleton/1_R001.png,182196,external_benchmark_bulk_and_generated_outputs_not_bundled
benchmark/4677751_reference/validation_output/tier_A/skeleton/1_R003.png,150162,external_benchmark_bulk_and_generated_outputs_not_bundled
benchmark/4677751_reference/validation_output/tier_A/skeleton/1_R005.png,124291,external_benchmark_bulk_and_generated_outputs_not_bundled
benchmark/4677751_reference/validation_output/tier_B/binary/herbaceous__100_R001.png,201981,external_benchmark_bulk_and_generated_outputs_not_bundled
benchmark/4677751_reference/validation_output/tier_B/binary/herbaceous__100_R003.png,150395,external_benchmark_bulk_and_generated_outputs_not_bundled
benchmark/4677751_reference/validation_output/tier_B/binary/herbaceous__100_R005.png,151689,external_benchmark_bulk_and_generated_outputs_not_bundled
benchmark/4677751_reference/validation_output/tier_B/binary/herbaceous__101_R001.png,262062,external_benchmark_bulk_and_generated_outputs_not_bundled
benchmark/4677751_reference/validation_output/tier_B/binary/herbaceous__101_R003.png,222713,external_benchmark_bulk_and_generated_outputs_not_bundled
benchmark/4677751_reference/validation_output/tier_B/binary/herbaceous__101_R005.png,182505,external_benchmark_bulk_and_generated_outputs_not_bundled
benchmark/4677751_reference/validation_output/tier_B/binary/herbaceous__102_R001.png,239763,external_benchmark_bulk_and_generated_outputs_not_bundled
benchmark/4677751_reference/validation_output/tier_B/binary/herbaceous__102_R003.png,322973,external_benchmark_bulk_and_generated_outputs_not_bundled
benchmark/4677751_reference/validation_output/tier_B/binary/maize__P1-ER-0-30.png,314871,external_benchmark_bulk_and_generated_outputs_not_bundled
benchmark/4677751_reference/validation_output/tier_B/binary/maize__P1-ER-120-150.png,287011,external_benchmark_bulk_and_generated_outputs_not_bundled
benchmark/4677751_reference/validation_output/tier_B/binary/maize__P1-ER-30-60.png,497691,external_benchmark_bulk_and_generated_outputs_not_bundled
benchmark/4677751_reference/validation_output/tier_B/binary/maize__P1-ER-60-90-1.png,351016,external_benchmark_bulk_and_generated_outputs_not_bundled
benchmark/4677751_reference/validation_output/tier_B/binary/maize__P1-ER-60-90-2.png,226176,external_benchmark_bulk_and_generated_outputs_not_bundled
benchmark/4677751_reference/validation_output/tier_B/binary/maize__P1-ER-90-120.png,529446,external_benchmark_bulk_and_generated_outputs_not_bundled
benchmark/4677751_reference/validation_output/tier_B/binary/maize__P1-Extra-1.png,327483,external_benchmark_bulk_and_generated_outputs_not_bundled
benchmark/4677751_reference/validation_output/tier_B/binary/maize__P1-Extra-2.png,416969,external_benchmark_bulk_and_generated_outputs_not_bundled
benchmark/4677751_reference/validation_output/tier_B/binary/trees__A1.png,42328,external_benchmark_bulk_and_generated_outputs_not_bundled
benchmark/4677751_reference/validation_output/tier_B/binary/trees__A2.png,34907,external_benchmark_bulk_and_generated_outputs_not_bundled
benchmark/4677751_reference/validation_output/tier_B/binary/trees__A3.png,39922,external_benchmark_bulk_and_generated_outputs_not_bundled
benchmark/4677751_reference/validation_output/tier_B/binary/trees__A4.png,41007,external_benchmark_bulk_and_generated_outputs_not_bundled
benchmark/4677751_reference/validation_output/tier_B/binary/trees__A5.png,61859,external_benchmark_bulk_and_generated_outputs_not_bundled
benchmark/4677751_reference/validation_output/tier_B/binary/trees__B1.png,42629,external_benchmark_bulk_and_generated_outputs_not_bundled
benchmark/4677751_reference/validation_output/tier_B/binary/trees__B2.png,15877,external_benchmark_bulk_and_generated_outputs_not_bundled
benchmark/4677751_reference/validation_output/tier_B/binary/trees__B3.png,22448,external_benchmark_bulk_and_generated_outputs_not_bundled
benchmark/4677751_reference/validation_output/tier_B/binary/wheat__2174-05_1.png,126704,external_benchmark_bulk_and_generated_outputs_not_bundled
benchmark/4677751_reference/validation_output/tier_B/binary/wheat__2180_2.png,118996,external_benchmark_bulk_and_generated_outputs_not_bundled
benchmark/4677751_reference/validation_output/tier_B/binary/wheat__ABOVE_1.png,93509,external_benchmark_bulk_and_generated_outputs_not_bundled
benchmark/4677751_reference/validation_output/tier_B/binary/wheat__AGATE_2.png,90545,external_benchmark_bulk_and_generated_outputs_not_bundled
benchmark/4677751_reference/validation_output/tier_B/binary/wheat__AKRON_4.png,145149,external_benchmark_bulk_and_generated_outputs_not_bundled
benchmark/4677751_reference/validation_output/tier_B/binary/wheat__ARAPAHOE_1.png,87459,external_benchmark_bulk_and_generated_outputs_not_bundled
benchmark/4677751_reference/validation_output/tier_B/binary/wheat__ARLIN_2.png,70155,external_benchmark_bulk_and_generated_outputs_not_bundled
benchmark/4677751_reference/validation_output/tier_B/binary/wheat__BISON_1.png,94388,external_benchmark_bulk_and_generated_outputs_not_bundled
benchmark/4677751_reference/validation_output/tier_B/descriptive_stats.csv,2262,external_benchmark_bulk_and_generated_outputs_not_bundled
benchmark/4677751_reference/validation_output/tier_B/measurements_tier_B.csv,9556,external_benchmark_bulk_and_generated_outputs_not_bundled
benchmark/4677751_reference/validation_output/tier_B/skeleton/herbaceous__100_R001.png,159121,external_benchmark_bulk_and_generated_outputs_not_bundled
benchmark/4677751_reference/validation_output/tier_B/skeleton/herbaceous__100_R003.png,119671,external_benchmark_bulk_and_generated_outputs_not_bundled
benchmark/4677751_reference/validation_output/tier_B/skeleton/herbaceous__100_R005.png,120173,external_benchmark_bulk_and_generated_outputs_not_bundled
benchmark/4677751_reference/validation_output/tier_B/skeleton/herbaceous__101_R001.png,209507,external_benchmark_bulk_and_generated_outputs_not_bundled
benchmark/4677751_reference/validation_output/tier_B/skeleton/herbaceous__101_R003.png,179843,external_benchmark_bulk_and_generated_outputs_not_bundled
benchmark/4677751_reference/validation_output/tier_B/skeleton/herbaceous__101_R005.png,145278,external_benchmark_bulk_and_generated_outputs_not_bundled
benchmark/4677751_reference/validation_output/tier_B/skeleton/herbaceous__102_R001.png,188517,external_benchmark_bulk_and_generated_outputs_not_bundled
benchmark/4677751_reference/validation_output/tier_B/skeleton/herbaceous__102_R003.png,258255,external_benchmark_bulk_and_generated_outputs_not_bundled
benchmark/4677751_reference/validation_output/tier_B/skeleton/maize__P1-ER-0-30.png,254527,external_benchmark_bulk_and_generated_outputs_not_bundled
benchmark/4677751_reference/validation_output/tier_B/skeleton/maize__P1-ER-120-150.png,229361,external_benchmark_bulk_and_generated_outputs_not_bundled
benchmark/4677751_reference/validation_output/tier_B/skeleton/maize__P1-ER-30-60.png,390288,external_benchmark_bulk_and_generated_outputs_not_bundled
benchmark/4677751_reference/validation_output/tier_B/skeleton/maize__P1-ER-60-90-1.png,271337,external_benchmark_bulk_and_generated_outputs_not_bundled
benchmark/4677751_reference/validation_output/tier_B/skeleton/maize__P1-ER-60-90-2.png,177715,external_benchmark_bulk_and_generated_outputs_not_bundled
benchmark/4677751_reference/validation_output/tier_B/skeleton/maize__P1-ER-90-120.png,424042,external_benchmark_bulk_and_generated_outputs_not_bundled
benchmark/4677751_reference/validation_output/tier_B/skeleton/maize__P1-Extra-1.png,257132,external_benchmark_bulk_and_generated_outputs_not_bundled
benchmark/4677751_reference/validation_output/tier_B/skeleton/maize__P1-Extra-2.png,331426,external_benchmark_bulk_and_generated_outputs_not_bundled
benchmark/4677751_reference/validation_output/tier_B/skeleton/trees__A1.png,31900,external_benchmark_bulk_and_generated_outputs_not_bundled
benchmark/4677751_reference/validation_output/tier_B/skeleton/trees__A2.png,26083,external_benchmark_bulk_and_generated_outputs_not_bundled
benchmark/4677751_reference/validation_output/tier_B/skeleton/trees__A3.png,29937,external_benchmark_bulk_and_generated_outputs_not_bundled
benchmark/4677751_reference/validation_output/tier_B/skeleton/trees__A4.png,29789,external_benchmark_bulk_and_generated_outputs_not_bundled
benchmark/4677751_reference/validation_output/tier_B/skeleton/trees__A5.png,47339,external_benchmark_bulk_and_generated_outputs_not_bundled
benchmark/4677751_reference/validation_output/tier_B/skeleton/trees__B1.png,33610,external_benchmark_bulk_and_generated_outputs_not_bundled
benchmark/4677751_reference/validation_output/tier_B/skeleton/trees__B2.png,12294,external_benchmark_bulk_and_generated_outputs_not_bundled
benchmark/4677751_reference/validation_output/tier_B/skeleton/trees__B3.png,16937,external_benchmark_bulk_and_generated_outputs_not_bundled
benchmark/4677751_reference/validation_output/tier_B/skeleton/wheat__2174-05_1.png,107314,external_benchmark_bulk_and_generated_outputs_not_bundled
benchmark/4677751_reference/validation_output/tier_B/skeleton/wheat__2180_2.png,96357,external_benchmark_bulk_and_generated_outputs_not_bundled
benchmark/4677751_reference/validation_output/tier_B/skeleton/wheat__ABOVE_1.png,81392,external_benchmark_bulk_and_generated_outputs_not_bundled
benchmark/4677751_reference/validation_output/tier_B/skeleton/wheat__AGATE_2.png,78982,external_benchmark_bulk_and_generated_outputs_not_bundled
benchmark/4677751_reference/validation_output/tier_B/skeleton/wheat__AKRON_4.png,123093,external_benchmark_bulk_and_generated_outputs_not_bundled
benchmark/4677751_reference/validation_output/tier_B/skeleton/wheat__ARAPAHOE_1.png,74855,external_benchmark_bulk_and_generated_outputs_not_bundled
benchmark/4677751_reference/validation_output/tier_B/skeleton/wheat__ARLIN_2.png,62074,external_benchmark_bulk_and_generated_outputs_not_bundled
benchmark/4677751_reference/validation_output/tier_B/skeleton/wheat__BISON_1.png,82694,external_benchmark_bulk_and_generated_outputs_not_bundled
rootdata/Binary/2024-DH-P0-1.png,61270,historical_derived_binary_and_skeleton_not_raw
rootdata/Binary/2024-DH-P0-2.png,174973,historical_derived_binary_and_skeleton_not_raw
rootdata/Binary/2024-DH-P1-1.png,202964,historical_derived_binary_and_skeleton_not_raw
rootdata/Binary/2024-DH-P1-2.png,138426,historical_derived_binary_and_skeleton_not_raw
rootdata/Binary/2024-DH-P2-1.png,189601,historical_derived_binary_and_skeleton_not_raw
rootdata/Binary/2024-DH-P2-2.png,145484,historical_derived_binary_and_skeleton_not_raw
rootdata/Binary/2024-DH-P3-1.png,188022,historical_derived_binary_and_skeleton_not_raw
rootdata/Binary/2024-DH-P3-2.png,136111,historical_derived_binary_and_skeleton_not_raw
rootdata/Binary/2024-DH-P4-1.png,2464678,historical_derived_binary_and_skeleton_not_raw
rootdata/Binary/2024-DH-P4-2.png,127064,historical_derived_binary_and_skeleton_not_raw
rootdata/Binary/2024-DH-P5-1.png,157528,historical_derived_binary_and_skeleton_not_raw
rootdata/Binary/2024-DH-P5-2.png,160501,historical_derived_binary_and_skeleton_not_raw
rootdata/Binary/2024-XY-P0-1.png,57532,historical_derived_binary_and_skeleton_not_raw
rootdata/Binary/2024-XY-P0-2.png,36494,historical_derived_binary_and_skeleton_not_raw
rootdata/Binary/2024-XY-P1-1.png,39318,historical_derived_binary_and_skeleton_not_raw
rootdata/Binary/2024-XY-P1-2.png,28546,historical_derived_binary_and_skeleton_not_raw
rootdata/Binary/2024-XY-P2-1.png,36691,historical_derived_binary_and_skeleton_not_raw
rootdata/Binary/2024-XY-P2-2.png,31725,historical_derived_binary_and_skeleton_not_raw
rootdata/Binary/2024-XY-P3-1.png,111883,historical_derived_binary_and_skeleton_not_raw
rootdata/Binary/2024-XY-P3-2.png,94961,historical_derived_binary_and_skeleton_not_raw
rootdata/Binary/2024-XY-P4-1.png,61452,historical_derived_binary_and_skeleton_not_raw
rootdata/Binary/2024-XY-P4-2.png,122148,historical_derived_binary_and_skeleton_not_raw
rootdata/Binary/2024-XY-P5-1.png,192795,historical_derived_binary_and_skeleton_not_raw
rootdata/Binary/2024-XY-P5-2.png,127181,historical_derived_binary_and_skeleton_not_raw
rootdata/Binary/2025-DH-P0-1.png,89275,historical_derived_binary_and_skeleton_not_raw
rootdata/Binary/2025-DH-P0-2.png,115908,historical_derived_binary_and_skeleton_not_raw
rootdata/Binary/2025-DH-P1-1.png,217163,historical_derived_binary_and_skeleton_not_raw
rootdata/Binary/2025-DH-P1-2.png,196518,historical_derived_binary_and_skeleton_not_raw
rootdata/Binary/2025-DH-P2-1.png,126033,historical_derived_binary_and_skeleton_not_raw
rootdata/Binary/2025-DH-P2-2.png,150882,historical_derived_binary_and_skeleton_not_raw
rootdata/Binary/2025-DH-P3-1.png,188425,historical_derived_binary_and_skeleton_not_raw
rootdata/Binary/2025-DH-P3-2.png,137767,historical_derived_binary_and_skeleton_not_raw
rootdata/Binary/2025-DH-P4-1.png,200388,historical_derived_binary_and_skeleton_not_raw
rootdata/Binary/2025-DH-P4-2.png,170836,historical_derived_binary_and_skeleton_not_raw
rootdata/Binary/2025-DH-P5-1.png,173332,historical_derived_binary_and_skeleton_not_raw
rootdata/Binary/2025-DH-P5-2.png,239641,historical_derived_binary_and_skeleton_not_raw
rootdata/Binary/2025-XY-P0-1.png,105901,historical_derived_binary_and_skeleton_not_raw
rootdata/Binary/2025-XY-P0-2.png,136802,historical_derived_binary_and_skeleton_not_raw
rootdata/Binary/2025-XY-P1-1.png,210980,historical_derived_binary_and_skeleton_not_raw
rootdata/Binary/2025-XY-P1-2.png,167652,historical_derived_binary_and_skeleton_not_raw
rootdata/Binary/2025-XY-P2-1.png,159950,historical_derived_binary_and_skeleton_not_raw
rootdata/Binary/2025-XY-P2-2.png,163788,historical_derived_binary_and_skeleton_not_raw
rootdata/Binary/2025-XY-P3-1.png,142239,historical_derived_binary_and_skeleton_not_raw
rootdata/Binary/2025-XY-P3-2.png,165534,historical_derived_binary_and_skeleton_not_raw
rootdata/Binary/2025-XY-P4-1.png,184479,historical_derived_binary_and_skeleton_not_raw
rootdata/Binary/2025-XY-P4-2.png,190109,historical_derived_binary_and_skeleton_not_raw
rootdata/Binary/2025-XY-P5-1.png,191635,historical_derived_binary_and_skeleton_not_raw
rootdata/Binary/2025-XY-P5-2.png,162050,historical_derived_binary_and_skeleton_not_raw
rootdata/Skeleton/2024-DH-P0-1.png,65052,historical_derived_binary_and_skeleton_not_raw
rootdata/Skeleton/2024-DH-P0-2.png,172292,historical_derived_binary_and_skeleton_not_raw
rootdata/Skeleton/2024-DH-P1-1.png,203003,historical_derived_binary_and_skeleton_not_raw
rootdata/Skeleton/2024-DH-P1-2.png,130437,historical_derived_binary_and_skeleton_not_raw
rootdata/Skeleton/2024-DH-P2-1.png,183437,historical_derived_binary_and_skeleton_not_raw
rootdata/Skeleton/2024-DH-P2-2.png,138750,historical_derived_binary_and_skeleton_not_raw
rootdata/Skeleton/2024-DH-P3-1.png,179847,historical_derived_binary_and_skeleton_not_raw
rootdata/Skeleton/2024-DH-P3-2.png,133145,historical_derived_binary_and_skeleton_not_raw
rootdata/Skeleton/2024-DH-P4-1.png,847521,historical_derived_binary_and_skeleton_not_raw
rootdata/Skeleton/2024-DH-P4-2.png,128064,historical_derived_binary_and_skeleton_not_raw
rootdata/Skeleton/2024-DH-P5-1.png,156938,historical_derived_binary_and_skeleton_not_raw
rootdata/Skeleton/2024-DH-P5-2.png,155064,historical_derived_binary_and_skeleton_not_raw
rootdata/Skeleton/2024-XY-P0-1.png,55186,historical_derived_binary_and_skeleton_not_raw
rootdata/Skeleton/2024-XY-P0-2.png,34333,historical_derived_binary_and_skeleton_not_raw
rootdata/Skeleton/2024-XY-P1-1.png,40818,historical_derived_binary_and_skeleton_not_raw
rootdata/Skeleton/2024-XY-P1-2.png,29014,historical_derived_binary_and_skeleton_not_raw
rootdata/Skeleton/2024-XY-P2-1.png,37329,historical_derived_binary_and_skeleton_not_raw
rootdata/Skeleton/2024-XY-P2-2.png,32770,historical_derived_binary_and_skeleton_not_raw
rootdata/Skeleton/2024-XY-P3-1.png,109674,historical_derived_binary_and_skeleton_not_raw
rootdata/Skeleton/2024-XY-P3-2.png,91375,historical_derived_binary_and_skeleton_not_raw
rootdata/Skeleton/2024-XY-P4-1.png,62291,historical_derived_binary_and_skeleton_not_raw
rootdata/Skeleton/2024-XY-P4-2.png,121918,historical_derived_binary_and_skeleton_not_raw
rootdata/Skeleton/2024-XY-P5-1.png,192345,historical_derived_binary_and_skeleton_not_raw
rootdata/Skeleton/2024-XY-P5-2.png,128799,historical_derived_binary_and_skeleton_not_raw
rootdata/Skeleton/2025-DH-P0-1.png,91721,historical_derived_binary_and_skeleton_not_raw
rootdata/Skeleton/2025-DH-P0-2.png,116064,historical_derived_binary_and_skeleton_not_raw
rootdata/Skeleton/2025-DH-P1-1.png,213604,historical_derived_binary_and_skeleton_not_raw
rootdata/Skeleton/2025-DH-P1-2.png,191395,historical_derived_binary_and_skeleton_not_raw
rootdata/Skeleton/2025-DH-P2-1.png,121671,historical_derived_binary_and_skeleton_not_raw
rootdata/Skeleton/2025-DH-P2-2.png,147362,historical_derived_binary_and_skeleton_not_raw
rootdata/Skeleton/2025-DH-P3-1.png,183554,historical_derived_binary_and_skeleton_not_raw
rootdata/Skeleton/2025-DH-P3-2.png,135676,historical_derived_binary_and_skeleton_not_raw
rootdata/Skeleton/2025-DH-P4-1.png,196683,historical_derived_binary_and_skeleton_not_raw
rootdata/Skeleton/2025-DH-P4-2.png,174172,historical_derived_binary_and_skeleton_not_raw
rootdata/Skeleton/2025-DH-P5-1.png,172505,historical_derived_binary_and_skeleton_not_raw
rootdata/Skeleton/2025-DH-P5-2.png,239587,historical_derived_binary_and_skeleton_not_raw
rootdata/Skeleton/2025-XY-P0-1.png,100860,historical_derived_binary_and_skeleton_not_raw
rootdata/Skeleton/2025-XY-P0-2.png,128504,historical_derived_binary_and_skeleton_not_raw
rootdata/Skeleton/2025-XY-P1-1.png,202154,historical_derived_binary_and_skeleton_not_raw
rootdata/Skeleton/2025-XY-P1-2.png,171072,historical_derived_binary_and_skeleton_not_raw
rootdata/Skeleton/2025-XY-P2-1.png,154408,historical_derived_binary_and_skeleton_not_raw
rootdata/Skeleton/2025-XY-P2-2.png,162110,historical_derived_binary_and_skeleton_not_raw
rootdata/Skeleton/2025-XY-P3-1.png,141423,historical_derived_binary_and_skeleton_not_raw
rootdata/Skeleton/2025-XY-P3-2.png,150739,historical_derived_binary_and_skeleton_not_raw
rootdata/Skeleton/2025-XY-P4-1.png,195709,historical_derived_binary_and_skeleton_not_raw
rootdata/Skeleton/2025-XY-P4-2.png,194720,historical_derived_binary_and_skeleton_not_raw
rootdata/Skeleton/2025-XY-P5-1.png,190855,historical_derived_binary_and_skeleton_not_raw
rootdata/Skeleton/2025-XY-P5-2.png,166183,historical_derived_binary_and_skeleton_not_raw
2024-raw/2025-DH-P0-1.tif,56682804,large_tiff_original_retained_in_project_not_bundled
2024-raw/2025-DH-P0-2.tif,56682804,large_tiff_original_retained_in_project_not_bundled
2024-raw/2025-DH-P1-1.tif,56682804,large_tiff_original_retained_in_project_not_bundled
2024-raw/2025-DH-P1-2.tif,56682804,large_tiff_original_retained_in_project_not_bundled
2024-raw/2025-DH-P2-1.tif,56682804,large_tiff_original_retained_in_project_not_bundled
2024-raw/2025-DH-P2-2.tif,56682804,large_tiff_original_retained_in_project_not_bundled
2024-raw/2025-DH-P3-1.tif,56682804,large_tiff_original_retained_in_project_not_bundled
2024-raw/2025-DH-P3-2.tif,56682804,large_tiff_original_retained_in_project_not_bundled
2024-raw/2025-DH-P4-1.tif,56682804,large_tiff_original_retained_in_project_not_bundled
2024-raw/2025-DH-P4-2.tif,56682804,large_tiff_original_retained_in_project_not_bundled
2024-raw/2025-DH-P5-1.tif,56682804,large_tiff_original_retained_in_project_not_bundled
2024-raw/2025-DH-P5-2.tif,56682804,large_tiff_original_retained_in_project_not_bundled
2024-raw/2025-XY-P0-1.tif,56682804,large_tiff_original_retained_in_project_not_bundled
2024-raw/2025-XY-P0-2.tif,56682804,large_tiff_original_retained_in_project_not_bundled
2024-raw/2025-XY-P1-1.tif,56682804,large_tiff_original_retained_in_project_not_bundled
2024-raw/2025-XY-P1-2.tif,56682804,large_tiff_original_retained_in_project_not_bundled
2024-raw/2025-XY-P2-1.tif,56682804,large_tiff_original_retained_in_project_not_bundled
2024-raw/2025-XY-P2-2.tif,56682804,large_tiff_original_retained_in_project_not_bundled
2024-raw/2025-XY-P3-1.tif,56682804,large_tiff_original_retained_in_project_not_bundled
2024-raw/2025-XY-P3-2.tif,56682804,large_tiff_original_retained_in_project_not_bundled
2024-raw/2025-XY-P4-1.tif,56682804,large_tiff_original_retained_in_project_not_bundled
2024-raw/2025-XY-P4-2.tif,56682804,large_tiff_original_retained_in_project_not_bundled
2024-raw/2025-XY-P5-1.tif,56682804,large_tiff_original_retained_in_project_not_bundled
2024-raw/2025-XY-P5-2.tif,56682804,large_tiff_original_retained_in_project_not_bundled
